date,product_id,sales,price,promotion,region,year,month,week,day_of_week,quarter,is_weekend,sales_lag_7,sales_lag_30,rolling_mean_7,rolling_mean_30,product_id_enc,region_enc
2021-01-31,P002,440,16.61,0,West,2021,1,4,6,1,1,153.0,286.0,291.7142857142857,260.8333333333333,1,3
2021-02-01,P003,228,25.28,1,South,2021,2,5,0,1,0,484.0,91.0,255.14285714285714,265.4,2,2
2021-02-02,P002,91,56.78,0,East,2021,2,5,1,1,0,88.0,138.0,255.57142857142858,263.8333333333333,1,0
2021-02-03,P002,497,40.33,0,West,2021,2,5,2,1,0,484.0,451.0,257.42857142857144,265.3666666666667,1,3
2021-02-04,P003,64,84.6,0,West,2021,2,5,3,1,0,247.0,345.0,231.28571428571428,256.0,2,3
2021-02-05,P002,160,48.78,0,North,2021,2,5,4,1,0,183.0,377.0,228.0,248.76666666666668,1,1
2021-02-06,P003,206,32.38,0,East,2021,2,5,5,1,1,116.0,344.0,240.85714285714286,244.16666666666666,2,0
2021-02-07,P003,338,65.54,0,South,2021,2,5,6,1,1,440.0,153.0,226.28571428571428,250.33333333333334,2,2
2021-02-08,P001,280,73.61,0,East,2021,2,6,0,1,0,228.0,63.0,233.71428571428572,257.56666666666666,0,0
2021-02-09,P003,460,25.03,0,East,2021,2,6,1,1,0,91.0,337.0,286.42857142857144,261.6666666666667,2,0
2021-02-10,P001,469,25.09,0,East,2021,2,6,2,1,0,497.0,228.0,282.42857142857144,269.7,0,0
2021-02-11,P003,206,13.3,1,East,2021,2,6,3,1,0,64.0,174.0,302.7142857142857,270.76666666666665,2,0
2021-02-12,P003,87,76.28,1,East,2021,2,6,4,1,0,160.0,471.0,292.2857142857143,257.96666666666664,2,0
2021-02-13,P001,490,69.74,0,North,2021,2,6,5,1,1,206.0,402.0,332.85714285714283,260.9,0,1
2021-02-14,P001,146,52.72,1,North,2021,2,6,6,1,1,338.0,72.0,305.42857142857144,263.3666666666667,0,1
2021-02-15,P003,460,85.98,0,West,2021,2,7,0,1,0,280.0,112.0,331.14285714285717,274.96666666666664,2,3
2021-02-16,P002,488,82.51,0,North,2021,2,7,1,1,0,460.0,192.0,335.14285714285717,284.8333333333333,1,1
2021-02-17,P001,338,62.68,1,West,2021,2,7,2,1,0,469.0,202.0,316.42857142857144,289.3666666666667,0,3
2021-02-18,P002,303,88.14,0,West,2021,2,7,3,1,0,206.0,194.0,330.2857142857143,293.0,1,3
2021-02-19,P002,245,28.53,0,South,2021,2,7,4,1,0,87.0,274.0,352.85714285714283,292.03333333333336,1,2
2021-02-20,P002,135,20.07,1,East,2021,2,7,5,1,1,490.0,499.0,302.14285714285717,279.9,1,0
2021-02-21,P001,371,34.28,0,North,2021,2,7,6,1,1,146.0,358.0,334.2857142857143,280.3333333333333,0,1
2021-02-22,P002,59,15.14,1,South,2021,2,8,0,1,0,460.0,153.0,277.0,277.2,1,2
2021-02-23,P001,54,57.81,1,North,2021,2,8,1,1,0,488.0,153.0,215.0,273.9,0,1
2021-02-24,P002,172,94.29,0,West,2021,2,8,2,1,0,338.0,484.0,191.28571428571428,263.5,1,3
2021-02-25,P003,379,13.54,1,North,2021,2,8,3,1,0,303.0,88.0,202.14285714285714,273.2,2,1
2021-02-26,P003,402,20.99,0,East,2021,2,8,4,1,0,245.0,484.0,224.57142857142858,270.46666666666664,2,0
2021-02-27,P001,167,50.7,0,West,2021,2,8,5,1,1,135.0,247.0,229.14285714285714,267.8,0,3
2021-02-28,P003,343,94.05,0,West,2021,2,8,6,1,1,371.0,183.0,225.14285714285714,273.1333333333333,2,3
2021-03-01,P003,446,38.45,1,South,2021,3,9,0,1,0,59.0,116.0,280.42857142857144,284.1333333333333,2,2
2021-03-02,P002,208,55.65,0,East,2021,3,9,1,1,0,54.0,440.0,302.42857142857144,276.4,1,0
2021-03-03,P001,352,13.74,0,West,2021,3,9,2,1,0,172.0,228.0,328.14285714285717,280.53333333333336,0,3
2021-03-04,P002,277,23.35,0,East,2021,3,9,3,1,0,379.0,91.0,313.57142857142856,286.73333333333335,1,0
2021-03-05,P002,414,98.8,0,North,2021,3,9,4,1,0,402.0,497.0,315.2857142857143,283.96666666666664,1,1
2021-03-06,P002,265,96.86,0,East,2021,3,9,5,1,1,167.0,64.0,329.2857142857143,290.6666666666667,1,0
2021-03-07,P002,485,10.44,0,West,2021,3,9,6,1,1,343.0,160.0,349.57142857142856,301.5,1,3
2021-03-08,P002,233,95.66,0,South,2021,3,10,0,1,0,446.0,206.0,319.14285714285717,302.4,1,2
2021-03-09,P002,64,67.52,0,West,2021,3,10,1,1,0,208.0,338.0,298.57142857142856,293.26666666666665,1,3
2021-03-10,P002,206,88.11,1,East,2021,3,10,2,1,0,352.0,280.0,277.7142857142857,290.8,1,0
2021-03-11,P001,185,50.93,0,East,2021,3,10,3,1,0,277.0,460.0,264.57142857142856,281.6333333333333,0,0
2021-03-12,P003,310,56.4,0,West,2021,3,10,4,1,0,414.0,469.0,249.71428571428572,276.3333333333333,2,3
2021-03-13,P002,206,54.0,1,East,2021,3,10,5,1,1,265.0,206.0,241.28571428571428,276.3333333333333,1,0
2021-03-14,P002,96,70.02,0,North,2021,3,10,6,1,1,485.0,87.0,185.71428571428572,276.6333333333333,1,1
2021-03-15,P002,373,22.57,1,West,2021,3,11,0,1,0,233.0,490.0,205.71428571428572,272.73333333333335,1,3
2021-03-16,P002,381,12.7,0,South,2021,3,11,1,1,0,64.0,146.0,251.0,280.56666666666666,1,2
2021-03-17,P002,222,37.71,1,West,2021,3,11,2,1,0,206.0,460.0,253.28571428571428,272.6333333333333,1,3
2021-03-18,P002,179,73.42,0,North,2021,3,11,3,1,0,185.0,488.0,252.42857142857142,262.3333333333333,1,1
2021-03-19,P003,460,28.17,0,North,2021,3,11,4,1,0,310.0,338.0,273.85714285714283,266.4,2,1
2021-03-20,P003,144,70.61,0,North,2021,3,11,5,1,1,206.0,303.0,265.0,261.1,2,1
2021-03-21,P002,164,97.29,1,North,2021,3,11,6,1,1,96.0,245.0,274.7142857142857,258.4,1,1
2021-03-22,P003,292,18.45,0,North,2021,3,12,0,1,0,373.0,135.0,263.14285714285717,263.6333333333333,2,1
2021-03-23,P001,469,70.53,0,South,2021,3,12,1,1,0,381.0,371.0,275.7142857142857,266.9,0,2
2021-03-24,P002,341,49.94,0,East,2021,3,12,2,1,0,222.0,59.0,292.7142857142857,276.3,1,0
2021-03-25,P001,331,88.13,0,North,2021,3,12,3,1,0,179.0,54.0,314.42857142857144,285.53333333333336,0,1
2021-03-26,P001,348,25.94,0,North,2021,3,12,4,1,0,460.0,172.0,298.42857142857144,291.4,0,1
2021-03-27,P002,332,72.34,0,West,2021,3,12,5,1,1,144.0,379.0,325.2857142857143,289.8333333333333,1,3
2021-03-28,P003,118,85.43,1,South,2021,3,12,6,1,1,164.0,402.0,318.7142857142857,280.3666666666667,2,2
2021-03-29,P001,197,95.02,0,South,2021,3,13,0,1,0,292.0,167.0,305.14285714285717,281.3666666666667,0,2
2021-03-30,P002,60,71.49,0,East,2021,3,13,1,1,0,469.0,343.0,246.71428571428572,271.93333333333334,1,0
2021-03-31,P001,303,54.75,0,South,2021,3,13,2,1,0,341.0,446.0,241.28571428571428,267.1666666666667,0,2
2021-04-01,P001,379,65.61,0,West,2021,4,13,3,2,0,331.0,208.0,248.14285714285714,272.8666666666667,0,3
2021-04-02,P001,409,88.2,0,West,2021,4,13,4,2,0,348.0,352.0,256.85714285714283,274.76666666666665,0,3
2021-04-03,P001,87,61.35,0,East,2021,4,13,5,2,1,332.0,277.0,221.85714285714286,268.43333333333334,0,0
2021-04-04,P003,183,12.73,0,West,2021,4,13,6,2,1,118.0,414.0,231.14285714285714,260.73333333333335,2,3
2021-04-05,P001,249,93.79,0,North,2021,4,14,0,2,0,197.0,265.0,238.57142857142858,260.2,0,1
2021-04-06,P001,72,72.06,0,North,2021,4,14,1,2,0,60.0,485.0,240.28571428571428,246.43333333333334,0,1
2021-04-07,P001,352,70.89,1,West,2021,4,14,2,2,0,303.0,233.0,247.28571428571428,250.4,0,3
2021-04-08,P003,395,29.41,1,East,2021,4,14,3,2,0,379.0,64.0,249.57142857142858,261.43333333333334,2,0
2021-04-09,P001,351,69.3,0,South,2021,4,14,4,2,0,409.0,206.0,241.28571428571428,266.26666666666665,0,2
2021-04-10,P001,412,45.45,1,East,2021,4,14,5,2,1,87.0,185.0,287.7142857142857,273.8333333333333,0,0
2021-04-11,P003,445,68.61,0,South,2021,4,14,6,2,1,183.0,310.0,325.14285714285717,278.3333333333333,2,2
2021-04-12,P003,267,19.59,0,West,2021,4,15,0,2,0,249.0,206.0,327.7142857142857,280.3666666666667,2,3
2021-04-13,P003,190,69.21,0,West,2021,4,15,1,2,0,72.0,96.0,344.57142857142856,283.5,2,3
2021-04-14,P001,153,99.95,0,North,2021,4,15,2,2,0,352.0,373.0,316.14285714285717,276.1666666666667,0,1
2021-04-15,P003,495,14.34,0,South,2021,4,15,3,2,0,395.0,381.0,330.42857142857144,279.96666666666664,2,2
2021-04-16,P003,259,97.95,0,East,2021,4,15,4,2,0,351.0,222.0,317.2857142857143,281.2,2,0
2021-04-17,P001,160,46.62,0,West,2021,4,15,5,2,1,412.0,179.0,281.2857142857143,280.56666666666666,0,3
2021-04-18,P003,153,88.37,0,East,2021,4,15,6,2,1,445.0,460.0,239.57142857142858,270.3333333333333,2,0
2021-04-19,P001,365,80.41,0,North,2021,4,16,0,2,0,267.0,144.0,253.57142857142858,277.7,0,1
2021-04-20,P002,220,61.03,0,South,2021,4,16,1,2,0,190.0,164.0,257.85714285714283,279.56666666666666,1,2
2021-04-21,P003,405,76.46,0,South,2021,4,16,2,2,0,153.0,292.0,293.85714285714283,283.3333333333333,2,2
2021-04-22,P002,373,89.07,0,West,2021,4,16,3,2,0,495.0,469.0,276.42857142857144,280.1333333333333,1,3
2021-04-23,P001,182,46.37,1,South,2021,4,16,4,2,0,259.0,341.0,265.42857142857144,274.8333333333333,0,2
2021-04-24,P003,425,39.43,1,West,2021,4,16,5,2,1,160.0,331.0,303.2857142857143,277.96666666666664,2,3
2021-04-25,P001,342,70.08,0,North,2021,4,16,6,2,1,153.0,348.0,330.2857142857143,277.76666666666665,0,1
2021-04-26,P002,377,82.71,1,South,2021,4,17,0,2,0,365.0,332.0,332.0,279.26666666666665,1,2
2021-04-27,P001,176,78.61,0,West,2021,4,17,1,2,0,220.0,118.0,325.7142857142857,281.2,0,3
2021-04-28,P003,155,81.8,0,East,2021,4,17,2,2,0,405.0,197.0,290.0,279.8,2,0
2021-04-29,P003,141,49.2,0,West,2021,4,17,3,2,0,373.0,60.0,256.85714285714283,282.5,2,3
2021-04-30,P002,336,83.61,0,South,2021,4,17,4,2,0,182.0,303.0,278.85714285714283,283.6,1,2
2021-05-01,P001,427,20.82,1,North,2021,5,17,5,2,1,425.0,379.0,279.14285714285717,285.2,0,1
2021-05-02,P003,442,59.0,0,South,2021,5,17,6,2,1,342.0,409.0,293.42857142857144,286.3,2,2
2021-05-03,P002,100,10.52,0,South,2021,5,18,0,2,0,377.0,87.0,253.85714285714286,286.73333333333335,1,2
2021-05-04,P003,78,39.21,0,West,2021,5,18,1,2,0,176.0,183.0,239.85714285714286,283.23333333333335,2,3
2021-05-05,P003,345,42.98,0,East,2021,5,18,2,2,0,155.0,249.0,267.0,286.43333333333334,2,0
2021-05-06,P001,346,45.66,1,South,2021,5,18,3,2,0,141.0,72.0,296.2857142857143,295.56666666666666,0,2
2021-05-07,P003,263,72.59,0,East,2021,5,18,4,2,0,336.0,352.0,285.85714285714283,292.6,2,0
2021-05-08,P001,316,44.97,0,West,2021,5,18,5,2,1,427.0,395.0,270.0,289.96666666666664,0,3
2021-05-09,P003,456,50.38,0,East,2021,5,18,6,2,1,442.0,351.0,272.0,293.46666666666664,2,0
2021-05-10,P002,306,31.38,0,West,2021,5,19,0,2,0,100.0,412.0,301.42857142857144,289.93333333333334,1,3
2021-05-11,P003,351,43.59,0,North,2021,5,19,1,2,0,78.0,445.0,340.42857142857144,286.8,2,1
2021-05-12,P001,150,30.45,0,East,2021,5,19,2,2,0,345.0,267.0,312.57142857142856,282.9,0,0
2021-05-13,P001,454,16.59,0,East,2021,5,19,3,2,0,346.0,190.0,328.0,291.7,0,0
2021-05-14,P002,395,64.31,0,North,2021,5,19,4,2,0,263.0,153.0,346.85714285714283,299.76666666666665,1,1
2021-05-15,P003,159,70.14,1,East,2021,5,19,5,2,1,316.0,495.0,324.42857142857144,288.56666666666666,2,0
2021-05-16,P003,469,65.75,1,North,2021,5,19,6,2,1,456.0,259.0,326.2857142857143,295.56666666666666,2,1
2021-05-17,P002,231,51.71,0,South,2021,5,20,0,2,0,306.0,160.0,315.57142857142856,297.93333333333334,1,2
2021-05-18,P003,362,44.18,0,West,2021,5,20,1,2,0,351.0,153.0,317.14285714285717,304.9,2,3
2021-05-19,P003,50,87.7,0,North,2021,5,20,2,2,0,150.0,365.0,302.85714285714283,294.4,2,1
2021-05-20,P001,368,56.72,0,East,2021,5,20,3,2,0,454.0,220.0,290.57142857142856,299.3333333333333,0,0
2021-05-21,P003,487,53.13,0,North,2021,5,20,4,2,0,395.0,405.0,303.7142857142857,302.06666666666666,2,1
2021-05-22,P003,104,12.31,0,East,2021,5,20,5,2,1,159.0,373.0,295.85714285714283,293.1,2,0
2021-05-23,P002,420,40.71,0,South,2021,5,20,6,2,1,469.0,182.0,288.85714285714283,301.03333333333336,1,2
2021-05-24,P002,473,44.22,0,North,2021,5,21,0,2,0,231.0,425.0,323.42857142857144,302.6333333333333,1,1
2021-05-25,P001,448,45.89,0,South,2021,5,21,1,2,0,362.0,342.0,335.7142857142857,306.1666666666667,0,2
2021-05-26,P003,198,62.22,0,West,2021,5,21,2,2,0,50.0,377.0,356.85714285714283,300.2,2,3
2021-05-27,P003,480,58.02,0,East,2021,5,21,3,2,0,368.0,176.0,372.85714285714283,310.3333333333333,2,0
2021-05-28,P003,358,64.71,0,East,2021,5,21,4,2,0,487.0,155.0,354.42857142857144,317.1,2,0
2021-05-29,P001,186,78.84,0,South,2021,5,21,5,2,1,104.0,141.0,366.14285714285717,318.6,0,2
2021-05-30,P001,251,83.17,0,West,2021,5,21,6,2,1,420.0,336.0,342.0,315.76666666666665,0,3
2021-05-31,P002,485,74.63,0,North,2021,5,22,0,2,0,473.0,427.0,343.7142857142857,317.7,1,1
2021-06-01,P001,362,96.0,0,North,2021,6,22,1,2,0,448.0,442.0,331.42857142857144,315.03333333333336,0,1
2021-06-02,P003,166,11.64,0,East,2021,6,22,2,2,0,198.0,100.0,326.85714285714283,317.23333333333335,2,0
2021-06-03,P003,203,27.62,0,South,2021,6,22,3,2,0,480.0,78.0,287.2857142857143,321.4,2,2
2021-06-04,P001,474,10.68,1,South,2021,6,22,4,2,0,358.0,345.0,303.85714285714283,325.7,0,2
2021-06-05,P003,340,68.27,0,North,2021,6,22,5,2,1,186.0,346.0,325.85714285714283,325.5,2,1
2021-06-06,P003,112,90.82,0,West,2021,6,22,6,2,1,251.0,263.0,306.0,320.46666666666664,2,3
2021-06-07,P001,293,31.91,0,West,2021,6,23,0,2,0,485.0,316.0,278.57142857142856,319.7,0,3
2021-06-08,P001,74,93.43,0,North,2021,6,23,1,2,0,362.0,456.0,237.42857142857142,306.96666666666664,0,1
2021-06-09,P003,139,15.42,0,North,2021,6,23,2,2,0,166.0,306.0,233.57142857142858,301.4,2,1
2021-06-10,P003,124,94.1,0,South,2021,6,23,3,2,0,203.0,351.0,222.28571428571428,293.8333333333333,2,2
2021-06-11,P003,343,41.65,0,West,2021,6,23,4,2,0,474.0,150.0,203.57142857142858,300.26666666666665,2,3
2021-06-12,P002,435,19.13,1,North,2021,6,23,5,2,1,340.0,454.0,217.14285714285714,299.6333333333333,1,1
2021-06-13,P002,440,53.73,0,North,2021,6,23,6,2,1,112.0,395.0,264.0,301.1333333333333,1,1
2021-06-14,P002,259,33.11,0,East,2021,6,24,0,2,0,293.0,159.0,259.14285714285717,304.46666666666664,1,0
2021-06-15,P001,467,35.64,1,North,2021,6,24,1,2,0,74.0,469.0,315.2857142857143,304.4,0,1
2021-06-16,P002,396,37.66,0,North,2021,6,24,2,2,0,139.0,231.0,352.0,309.9,1,1
2021-06-17,P001,66,82.27,1,West,2021,6,24,3,2,0,124.0,362.0,343.7142857142857,300.03333333333336,0,3
2021-06-18,P001,177,58.52,0,South,2021,6,24,4,2,0,343.0,50.0,320.0,304.26666666666665,0,2
2021-06-19,P002,476,38.02,1,West,2021,6,24,5,2,1,435.0,368.0,325.85714285714283,307.8666666666667,1,3
2021-06-20,P002,492,64.93,0,South,2021,6,24,6,2,1,440.0,487.0,333.2857142857143,308.03333333333336,1,2
2021-06-21,P002,413,74.45,0,East,2021,6,25,0,2,0,259.0,104.0,355.2857142857143,318.3333333333333,1,0
2021-06-22,P003,300,34.54,0,North,2021,6,25,1,2,0,467.0,420.0,331.42857142857144,314.3333333333333,2,1
2021-06-23,P002,228,47.22,0,East,2021,6,25,2,2,0,396.0,473.0,307.42857142857144,306.1666666666667,1,0
2021-06-24,P003,231,20.97,0,South,2021,6,25,3,2,0,66.0,448.0,331.0,298.93333333333334,2,2
2021-06-25,P001,201,26.3,0,West,2021,6,25,4,2,0,177.0,198.0,334.42857142857144,299.03333333333336,0,3
2021-06-26,P003,74,71.3,0,West,2021,6,25,5,2,1,476.0,480.0,277.0,285.5,2,3
2021-06-27,P002,229,26.33,0,East,2021,6,25,6,2,1,492.0,358.0,239.42857142857142,281.2,1,0
2021-06-28,P001,247,57.26,0,South,2021,6,26,0,2,0,413.0,186.0,215.71428571428572,283.23333333333335,0,2
2021-06-29,P001,393,73.81,0,East,2021,6,26,1,2,0,300.0,251.0,229.0,287.96666666666664,0,0
2021-06-30,P001,210,19.62,1,East,2021,6,26,2,2,0,228.0,485.0,226.42857142857142,278.8,0,0
2021-07-01,P003,226,61.06,0,North,2021,7,26,3,3,0,231.0,362.0,225.71428571428572,274.26666666666665,2,1
2021-07-02,P002,334,33.09,1,East,2021,7,26,4,3,0,201.0,166.0,244.71428571428572,279.8666666666667,1,0
2021-07-03,P001,112,96.66,0,North,2021,7,26,5,3,1,74.0,203.0,250.14285714285714,276.8333333333333,0,1
2021-07-04,P001,199,53.52,0,North,2021,7,26,6,3,1,229.0,474.0,245.85714285714286,267.6666666666667,0,1
2021-07-05,P001,203,82.54,0,West,2021,7,27,0,3,0,247.0,340.0,239.57142857142858,263.1,0,3
2021-07-06,P003,205,59.52,0,North,2021,7,27,1,3,0,393.0,112.0,212.71428571428572,266.2,2,1
2021-07-07,P003,419,13.91,0,North,2021,7,27,2,3,0,210.0,293.0,242.57142857142858,270.4,2,1
2021-07-08,P002,98,66.98,0,West,2021,7,27,3,3,0,226.0,74.0,224.28571428571428,271.2,1,3
2021-07-09,P003,386,95.63,0,East,2021,7,27,4,3,0,334.0,139.0,231.71428571428572,279.43333333333334,2,0
2021-07-10,P001,133,64.15,1,South,2021,7,27,5,3,1,112.0,124.0,234.71428571428572,279.73333333333335,0,2
2021-07-11,P002,410,83.73,0,South,2021,7,27,6,3,1,199.0,343.0,264.85714285714283,281.96666666666664,1,2
2021-07-12,P001,226,89.58,0,South,2021,7,28,0,3,0,203.0,435.0,268.14285714285717,275.0,0,2
2021-07-13,P001,197,30.53,0,East,2021,7,28,1,3,0,205.0,440.0,267.0,266.9,0,0
2021-07-14,P003,167,29.08,0,North,2021,7,28,2,3,0,419.0,259.0,231.0,263.8333333333333,2,1
2021-07-15,P002,391,64.99,0,South,2021,7,28,3,3,0,98.0,467.0,272.85714285714283,261.3,1,2
2021-07-16,P003,112,46.99,0,East,2021,7,28,4,3,0,386.0,396.0,233.71428571428572,251.83333333333334,2,0
2021-07-17,P003,238,85.59,0,North,2021,7,28,5,3,1,133.0,66.0,248.71428571428572,257.56666666666666,2,1
2021-07-18,P002,409,91.0,0,West,2021,7,28,6,3,1,410.0,177.0,248.57142857142858,265.3,1,3
2021-07-19,P001,98,41.81,0,South,2021,7,29,0,3,0,226.0,476.0,230.28571428571428,252.7,0,2
2021-07-20,P001,376,31.32,1,North,2021,7,29,1,3,0,197.0,492.0,255.85714285714286,248.83333333333334,0,1
2021-07-21,P002,306,80.25,1,South,2021,7,29,2,3,0,167.0,413.0,275.7142857142857,245.26666666666668,1,2
2021-07-22,P001,273,34.73,0,South,2021,7,29,3,3,0,391.0,300.0,258.85714285714283,244.36666666666667,0,2
2021-07-23,P002,190,84.04,0,South,2021,7,29,4,3,0,112.0,228.0,270.0,243.1,1,2
2021-07-24,P002,264,48.14,0,North,2021,7,29,5,3,1,238.0,231.0,273.7142857142857,244.2,1,1
2021-07-25,P003,484,70.08,1,East,2021,7,29,6,3,1,409.0,201.0,284.42857142857144,253.63333333333333,2,0
2021-07-26,P002,428,18.6,0,North,2021,7,30,0,3,0,98.0,74.0,331.57142857142856,265.43333333333334,1,1
2021-07-27,P003,489,66.15,0,South,2021,7,30,1,3,0,376.0,229.0,347.7142857142857,274.1,2,2
2021-07-28,P001,260,50.66,0,North,2021,7,30,2,3,0,306.0,247.0,341.14285714285717,274.53333333333336,0,1
2021-07-29,P001,367,62.79,0,West,2021,7,30,3,3,0,273.0,393.0,354.57142857142856,273.6666666666667,0,3
2021-07-30,P001,81,25.12,0,East,2021,7,30,4,3,0,190.0,210.0,339.0,269.3666666666667,0,0
2021-07-31,P001,207,76.32,0,North,2021,7,30,5,3,1,264.0,226.0,330.85714285714283,268.73333333333335,0,1
2021-08-01,P003,334,87.65,0,West,2021,8,30,6,3,1,484.0,334.0,309.42857142857144,268.73333333333335,2,3
2021-08-02,P001,354,29.51,0,East,2021,8,31,0,3,0,428.0,112.0,298.85714285714283,276.8,0,0
2021-08-03,P002,478,18.61,0,West,2021,8,31,1,3,0,489.0,199.0,297.2857142857143,286.1,1,3
2021-08-04,P002,335,12.13,0,East,2021,8,31,2,3,0,260.0,203.0,308.0,290.5,1,0
2021-08-05,P002,193,67.78,0,North,2021,8,31,3,3,0,367.0,205.0,283.14285714285717,290.1,1,1
2021-08-06,P003,473,64.64,0,West,2021,8,31,4,3,0,81.0,419.0,339.14285714285717,291.9,2,3
2021-08-07,P001,68,59.2,1,South,2021,8,31,5,3,1,207.0,98.0,319.2857142857143,290.9,0,2
2021-08-08,P001,67,30.88,0,West,2021,8,31,6,3,1,334.0,386.0,281.14285714285717,280.26666666666665,0,3
2021-08-09,P001,306,45.18,0,East,2021,8,32,0,3,0,354.0,133.0,274.2857142857143,286.03333333333336,0,0
2021-08-10,P003,127,63.5,0,North,2021,8,32,1,3,0,478.0,410.0,224.14285714285714,276.6,2,1
2021-08-11,P002,420,54.71,0,East,2021,8,32,2,3,0,335.0,226.0,236.28571428571428,283.06666666666666,1,0
2021-08-12,P002,224,98.9,0,West,2021,8,32,3,3,0,193.0,197.0,240.71428571428572,283.96666666666664,1,3
2021-08-13,P001,243,22.28,0,West,2021,8,32,4,3,0,473.0,167.0,207.85714285714286,286.5,0,3
2021-08-14,P002,162,72.56,1,South,2021,8,32,5,3,1,68.0,391.0,221.28571428571428,278.8666666666667,1,2
2021-08-15,P002,163,46.39,0,North,2021,8,32,6,3,1,67.0,112.0,235.0,280.56666666666666,1,1
2021-08-16,P003,271,48.54,0,North,2021,8,33,0,3,0,306.0,238.0,230.0,281.6666666666667,2,1
2021-08-17,P003,215,74.58,0,West,2021,8,33,1,3,0,127.0,409.0,242.57142857142858,275.2,2,3
2021-08-18,P003,484,72.32,0,North,2021,8,33,2,3,0,420.0,98.0,251.71428571428572,288.06666666666666,2,1
2021-08-19,P003,368,99.21,0,South,2021,8,33,3,3,0,224.0,376.0,272.2857142857143,287.8,2,2
2021-08-20,P001,181,21.56,0,East,2021,8,33,4,3,0,243.0,306.0,263.42857142857144,283.6333333333333,0,0
2021-08-21,P003,434,19.37,0,North,2021,8,33,5,3,1,162.0,273.0,302.2857142857143,289.0,2,1
2021-08-22,P002,313,75.19,0,West,2021,8,33,6,3,1,163.0,190.0,323.7142857142857,293.1,1,3
2021-08-23,P001,462,62.05,0,East,2021,8,34,0,3,0,271.0,264.0,351.0,299.7,0,0
2021-08-24,P002,104,34.67,0,East,2021,8,34,1,3,0,215.0,484.0,335.14285714285717,287.03333333333336,1,0
2021-08-25,P002,408,17.15,0,South,2021,8,34,2,3,0,484.0,428.0,324.2857142857143,286.3666666666667,1,2
2021-08-26,P002,180,17.71,0,West,2021,8,34,3,3,0,368.0,489.0,297.42857142857144,276.06666666666666,1,3
2021-08-27,P003,337,90.48,1,North,2021,8,34,4,3,0,181.0,260.0,319.7142857142857,278.6333333333333,2,1
2021-08-28,P003,315,27.27,0,West,2021,8,34,5,3,1,434.0,367.0,302.7142857142857,276.9,2,3
2021-08-29,P001,415,39.1,0,East,2021,8,34,6,3,1,313.0,81.0,317.2857142857143,288.03333333333336,0,0
2021-08-30,P001,211,30.4,0,West,2021,8,35,0,3,0,462.0,207.0,281.42857142857144,288.1666666666667,0,3
2021-08-31,P003,429,41.95,0,North,2021,8,35,1,3,0,104.0,334.0,327.85714285714283,291.3333333333333,2,1
2021-09-01,P002,136,16.25,0,North,2021,9,35,2,3,0,408.0,354.0,289.0,284.06666666666666,1,1
2021-09-02,P001,104,56.72,0,South,2021,9,35,3,3,0,180.0,478.0,278.14285714285717,271.6,0,2
2021-09-03,P003,337,16.09,1,North,2021,9,35,4,3,0,337.0,335.0,278.14285714285717,271.6666666666667,2,1
2021-09-04,P003,227,82.03,0,North,2021,9,35,5,3,1,315.0,193.0,265.57142857142856,272.8,2,1
2021-09-05,P003,440,31.03,0,West,2021,9,35,6,3,1,415.0,473.0,269.14285714285717,271.7,2,3
2021-09-06,P002,398,58.6,0,West,2021,9,36,0,3,0,211.0,68.0,295.85714285714283,282.7,1,3
2021-09-07,P003,57,89.21,1,East,2021,9,36,1,3,0,429.0,67.0,242.71428571428572,282.3666666666667,2,0
2021-09-08,P003,370,68.58,0,South,2021,9,36,2,3,0,136.0,306.0,276.14285714285717,284.5,2,2
2021-09-09,P003,362,57.97,0,West,2021,9,36,3,3,0,104.0,127.0,313.0,292.3333333333333,2,3
2021-09-10,P003,296,39.19,0,North,2021,9,36,4,3,0,337.0,420.0,307.14285714285717,288.2,2,1
2021-09-11,P001,372,39.97,0,East,2021,9,36,5,3,1,227.0,224.0,327.85714285714283,293.1333333333333,0,0
2021-09-12,P001,492,70.25,0,West,2021,9,36,6,3,1,440.0,243.0,335.2857142857143,301.43333333333334,0,3
2021-09-13,P003,304,99.47,0,South,2021,9,37,0,3,0,398.0,162.0,321.85714285714283,306.1666666666667,2,2
2021-09-14,P002,377,69.57,0,South,2021,9,37,1,3,0,57.0,163.0,367.57142857142856,313.3,1,2
2021-09-15,P001,103,60.2,0,East,2021,9,37,2,3,0,370.0,271.0,329.42857142857144,307.7,0,0
2021-09-16,P003,298,75.76,0,East,2021,9,37,3,3,0,362.0,215.0,320.2857142857143,310.46666666666664,2,0
2021-09-17,P001,288,51.87,0,East,2021,9,37,4,3,0,296.0,484.0,319.14285714285717,303.93333333333334,0,0
2021-09-18,P001,278,15.41,0,East,2021,9,37,5,3,1,372.0,368.0,305.7142857142857,300.93333333333334,0,0
2021-09-19,P002,116,60.61,1,East,2021,9,37,6,3,1,492.0,181.0,252.0,298.76666666666665,1,0
2021-09-20,P003,100,96.19,1,North,2021,9,38,0,3,0,304.0,434.0,222.85714285714286,287.6333333333333,2,1
2021-09-21,P003,146,25.78,0,North,2021,9,38,1,3,0,377.0,313.0,189.85714285714286,282.06666666666666,2,1
2021-09-22,P002,141,72.1,1,West,2021,9,38,2,3,0,103.0,462.0,195.28571428571428,271.3666666666667,1,3
2021-09-23,P002,313,28.08,0,South,2021,9,38,3,3,0,298.0,104.0,197.42857142857142,278.3333333333333,1,2
2021-09-24,P003,467,58.22,0,North,2021,9,38,4,3,0,288.0,408.0,223.0,280.3,2,1
2021-09-25,P003,340,18.7,0,North,2021,9,38,5,3,1,278.0,180.0,231.85714285714286,285.6333333333333,2,1
2021-09-26,P002,145,50.53,0,North,2021,9,38,6,3,1,116.0,337.0,236.0,279.23333333333335,1,1
2021-09-27,P001,137,78.05,0,West,2021,9,39,0,3,0,100.0,315.0,241.28571428571428,273.3,0,3
2021-09-28,P001,127,41.28,0,East,2021,9,39,1,3,0,146.0,415.0,238.57142857142858,263.7,0,0
2021-09-29,P002,337,69.84,0,West,2021,9,39,2,3,0,141.0,211.0,266.57142857142856,267.9,1,3
2021-09-30,P001,169,81.59,0,South,2021,9,39,3,3,0,313.0,429.0,246.0,259.23333333333335,0,2
2021-10-01,P002,351,93.45,0,South,2021,10,39,4,4,0,467.0,136.0,229.42857142857142,266.4,1,2
2021-10-02,P001,449,31.12,0,South,2021,10,39,5,4,1,340.0,104.0,245.0,277.9,0,2
2021-10-03,P001,214,45.94,0,South,2021,10,39,6,4,1,145.0,337.0,254.85714285714286,273.8,0,2
2021-10-04,P003,231,23.72,0,North,2021,10,40,0,4,0,137.0,227.0,268.2857142857143,273.93333333333334,2,1
2021-10-05,P003,447,99.32,1,North,2021,10,40,1,4,0,127.0,440.0,314.0,274.1666666666667,2,1
2021-10-06,P001,272,93.43,1,West,2021,10,40,2,4,0,337.0,398.0,304.7142857142857,269.96666666666664,0,3
2021-10-07,P001,360,58.6,0,East,2021,10,40,3,4,0,169.0,57.0,332.0,280.06666666666666,0,0
2021-10-08,P003,481,85.78,1,South,2021,10,40,4,4,0,351.0,370.0,350.57142857142856,283.76666666666665,2,2
2021-10-09,P003,56,56.89,0,West,2021,10,40,5,4,1,449.0,362.0,294.42857142857144,273.56666666666666,2,3
2021-10-10,P003,379,66.12,1,North,2021,10,40,6,4,1,214.0,296.0,318.0,276.3333333333333,2,1
2021-10-11,P002,312,18.02,0,North,2021,10,41,0,4,0,231.0,372.0,329.57142857142856,274.3333333333333,1,1
2021-10-12,P001,210,77.97,0,East,2021,10,41,1,4,0,447.0,492.0,295.7142857142857,264.93333333333334,0,0
2021-10-13,P003,200,21.49,0,East,2021,10,41,2,4,0,272.0,304.0,285.42857142857144,261.46666666666664,2,0
2021-10-14,P001,134,84.35,0,East,2021,10,41,3,4,0,360.0,377.0,253.14285714285714,253.36666666666667,0,0
2021-10-15,P002,196,80.38,0,West,2021,10,41,4,4,0,481.0,103.0,212.42857142857142,256.46666666666664,1,3
2021-10-16,P002,161,73.79,0,North,2021,10,41,5,4,1,56.0,298.0,227.42857142857142,251.9,1,1
2021-10-17,P003,430,13.25,0,North,2021,10,41,6,4,1,379.0,288.0,234.71428571428572,256.6333333333333,2,1
2021-10-18,P002,452,37.28,0,East,2021,10,42,0,4,0,312.0,278.0,254.71428571428572,262.43333333333334,1,0
2021-10-19,P001,85,33.68,0,South,2021,10,42,1,4,0,210.0,116.0,236.85714285714286,261.4,0,2
2021-10-20,P003,334,42.41,1,East,2021,10,42,2,4,0,200.0,100.0,256.0,269.2,2,0
2021-10-21,P001,237,17.89,0,West,2021,10,42,3,4,0,134.0,146.0,270.7142857142857,272.23333333333335,0,3
2021-10-22,P001,131,94.33,0,East,2021,10,42,4,4,0,196.0,141.0,261.42857142857144,271.9,0,0
2021-10-23,P002,51,59.84,0,East,2021,10,42,5,4,1,161.0,313.0,245.71428571428572,263.1666666666667,1,0
2021-10-24,P002,434,37.5,0,West,2021,10,42,6,4,1,430.0,467.0,246.28571428571428,262.06666666666666,1,3
2021-10-25,P002,352,45.73,0,East,2021,10,43,0,4,0,452.0,340.0,232.0,262.46666666666664,1,0
2021-10-26,P002,246,50.25,1,North,2021,10,43,1,4,0,85.0,145.0,255.0,265.8333333333333,1,1
2021-10-27,P002,453,64.05,0,South,2021,10,43,2,4,0,334.0,137.0,272.0,276.3666666666667,1,2
2021-10-28,P003,60,56.41,0,East,2021,10,43,3,4,0,237.0,127.0,246.71428571428572,274.1333333333333,2,0
2021-10-29,P001,283,92.75,1,West,2021,10,43,4,4,0,131.0,337.0,268.42857142857144,272.3333333333333,0,3
2021-10-30,P001,435,54.73,0,South,2021,10,43,5,4,1,51.0,169.0,323.2857142857143,281.2,0,2
2021-10-31,P001,244,99.29,0,West,2021,10,43,6,4,1,434.0,351.0,296.14285714285717,277.6333333333333,0,3
2021-11-01,P001,168,86.63,0,South,2021,11,44,0,4,0,352.0,449.0,269.85714285714283,268.26666666666665,0,2
2021-11-02,P002,445,28.77,0,South,2021,11,44,1,4,0,246.0,214.0,298.2857142857143,275.96666666666664,1,2
2021-11-03,P001,69,93.75,0,East,2021,11,44,2,4,0,453.0,231.0,243.42857142857142,270.56666666666666,0,0
2021-11-04,P003,310,20.47,0,North,2021,11,44,3,4,0,60.0,447.0,279.14285714285717,266.0,2,1
2021-11-05,P003,342,83.57,0,East,2021,11,44,4,4,0,283.0,272.0,287.57142857142856,268.3333333333333,2,0
2021-11-06,P001,471,44.26,1,West,2021,11,44,5,4,1,435.0,360.0,292.7142857142857,272.03333333333336,0,3
2021-11-07,P001,305,89.02,0,West,2021,11,44,6,4,1,244.0,481.0,301.42857142857144,266.1666666666667,0,3
2021-11-08,P003,271,88.13,0,South,2021,11,45,0,4,0,168.0,56.0,316.14285714285717,273.3333333333333,2,2
2021-11-09,P003,442,82.53,0,South,2021,11,45,1,4,0,445.0,379.0,315.7142857142857,275.43333333333334,2,2
2021-11-10,P002,275,81.1,0,North,2021,11,45,2,4,0,69.0,312.0,345.14285714285717,274.2,1,1
2021-11-11,P003,102,37.42,0,East,2021,11,45,3,4,0,310.0,210.0,315.42857142857144,270.6,2,0
2021-11-12,P002,477,17.28,0,West,2021,11,45,4,4,0,342.0,200.0,334.7142857142857,279.8333333333333,1,3
2021-11-13,P002,404,46.27,1,South,2021,11,45,5,4,1,471.0,134.0,325.14285714285717,288.8333333333333,1,2
2021-11-14,P002,391,25.62,0,North,2021,11,45,6,4,1,305.0,196.0,337.42857142857144,295.3333333333333,1,1
2021-11-15,P002,413,72.55,0,West,2021,11,46,0,4,0,271.0,161.0,357.7142857142857,303.73333333333335,1,3
2021-11-16,P002,329,41.15,0,South,2021,11,46,1,4,0,442.0,430.0,341.57142857142856,300.3666666666667,1,2
2021-11-17,P001,130,97.8,0,West,2021,11,46,2,4,0,275.0,452.0,320.85714285714283,289.6333333333333,0,3
2021-11-18,P003,251,67.69,0,North,2021,11,46,3,4,0,102.0,85.0,342.14285714285717,295.1666666666667,2,1
2021-11-19,P002,207,84.02,0,North,2021,11,46,4,4,0,477.0,334.0,303.57142857142856,290.93333333333334,1,1
2021-11-20,P003,169,21.93,0,West,2021,11,46,5,4,1,404.0,237.0,270.0,288.6666666666667,2,3
2021-11-21,P003,108,87.58,0,East,2021,11,46,6,4,1,391.0,131.0,229.57142857142858,287.9,2,0
2021-11-22,P002,264,93.05,1,West,2021,11,47,0,4,0,413.0,51.0,208.28571428571428,295.0,1,3
2021-11-23,P001,177,53.84,1,South,2021,11,47,1,4,0,329.0,434.0,186.57142857142858,286.43333333333334,0,2
2021-11-24,P002,273,64.56,0,East,2021,11,47,2,4,0,130.0,352.0,207.0,283.8,1,0
2021-11-25,P001,258,78.83,1,South,2021,11,47,3,4,0,251.0,246.0,208.0,284.2,0,2
2021-11-26,P003,419,25.74,0,West,2021,11,47,4,4,0,207.0,453.0,238.28571428571428,283.06666666666666,2,3
2021-11-27,P001,164,55.23,1,East,2021,11,47,5,4,1,169.0,60.0,237.57142857142858,286.53333333333336,0,0
2021-11-28,P001,258,45.88,0,South,2021,11,47,6,4,1,108.0,283.0,259.0,285.7,0,2
2021-11-29,P001,63,23.17,1,West,2021,11,48,0,4,0,264.0,435.0,230.28571428571428,273.3,0,3
2021-11-30,P003,58,43.08,1,West,2021,11,48,1,4,0,177.0,244.0,213.28571428571428,267.1,2,3
2021-12-01,P003,89,16.14,0,East,2021,12,48,2,4,0,273.0,168.0,187.0,264.46666666666664,2,0
2021-12-02,P001,499,12.32,1,West,2021,12,48,3,4,0,258.0,445.0,221.42857142857142,266.26666666666665,0,3
2021-12-03,P001,286,22.16,0,North,2021,12,48,4,4,0,419.0,69.0,202.42857142857142,273.5,0,1
2021-12-04,P002,330,96.68,0,South,2021,12,48,5,4,1,164.0,310.0,226.14285714285714,274.1666666666667,1,2
2021-12-05,P001,408,59.46,0,South,2021,12,48,6,4,1,258.0,342.0,247.57142857142858,276.3666666666667,0,2
2021-12-06,P002,250,96.92,0,West,2021,12,49,0,4,0,63.0,471.0,274.2857142857143,269.0,1,3
2021-12-07,P001,295,48.92,0,West,2021,12,49,1,4,0,58.0,305.0,308.14285714285717,268.6666666666667,0,3
2021-12-08,P002,327,38.06,0,North,2021,12,49,2,4,0,89.0,271.0,342.14285714285717,270.53333333333336,1,1
2021-12-09,P003,284,55.55,1,East,2021,12,49,3,4,0,499.0,442.0,311.42857142857144,265.26666666666665,2,0
2021-12-10,P001,53,49.56,0,West,2021,12,49,4,4,0,286.0,275.0,278.14285714285717,257.8666666666667,0,3
2021-12-11,P001,203,19.51,0,West,2021,12,49,5,4,1,330.0,102.0,260.0,261.23333333333335,0,3
2021-12-12,P001,491,67.67,1,West,2021,12,49,6,4,1,408.0,477.0,271.85714285714283,261.7,0,3
2021-12-13,P001,78,29.44,1,West,2021,12,50,0,4,0,250.0,404.0,247.28571428571428,250.83333333333334,0,3
2021-12-14,P002,158,65.76,1,South,2021,12,50,1,4,0,295.0,391.0,227.71428571428572,243.06666666666666,1,2
2021-12-15,P001,147,68.52,0,West,2021,12,50,2,4,0,327.0,413.0,202.0,234.2,0,3
2021-12-16,P003,264,23.68,1,South,2021,12,50,3,4,0,284.0,329.0,199.14285714285714,232.03333333333333,2,2
2021-12-17,P003,342,15.52,0,West,2021,12,50,4,4,0,53.0,130.0,240.42857142857142,239.1,2,3
2021-12-18,P001,124,80.27,0,East,2021,12,50,5,4,1,203.0,251.0,229.14285714285714,234.86666666666667,0,0
2021-12-19,P003,375,51.38,0,North,2021,12,50,6,4,1,491.0,207.0,212.57142857142858,240.46666666666667,2,1
2021-12-20,P001,195,15.23,0,East,2021,12,51,0,4,0,78.0,169.0,229.28571428571428,241.33333333333334,0,0
2021-12-21,P001,177,99.54,0,West,2021,12,51,1,4,0,158.0,108.0,232.0,243.63333333333333,0,3
2021-12-22,P003,390,15.2,0,West,2021,12,51,2,4,0,147.0,264.0,266.7142857142857,247.83333333333334,2,3
2021-12-23,P001,91,72.55,0,West,2021,12,51,3,4,0,264.0,177.0,242.0,244.96666666666667,0,3
2021-12-24,P003,405,98.53,0,East,2021,12,51,4,4,0,342.0,273.0,251.0,249.36666666666667,2,0
2021-12-25,P002,90,31.53,0,West,2021,12,51,5,4,1,124.0,258.0,246.14285714285714,243.76666666666668,1,3
2021-12-26,P001,471,22.8,0,East,2021,12,51,6,4,1,375.0,419.0,259.85714285714283,245.5,0,0
2021-12-27,P002,83,20.92,0,South,2021,12,52,0,4,0,195.0,164.0,243.85714285714286,242.8,1,2
2021-12-28,P003,66,37.29,0,North,2021,12,52,1,4,0,177.0,258.0,228.0,236.4,2,1
2021-12-29,P002,214,19.09,0,North,2021,12,52,2,4,0,390.0,63.0,202.85714285714286,241.43333333333334,1,1
2021-12-30,P002,202,72.29,0,East,2021,12,52,3,4,0,91.0,58.0,218.71428571428572,246.23333333333332,1,0
2021-12-31,P003,427,15.61,1,South,2021,12,52,4,4,0,405.0,89.0,221.85714285714286,257.5,2,2
2022-01-01,P002,125,55.85,0,East,2022,1,52,5,1,1,90.0,499.0,226.85714285714286,245.03333333333333,1,0
2022-01-02,P002,136,99.7,0,South,2022,1,52,6,1,1,471.0,286.0,179.0,240.03333333333333,1,2
2022-01-03,P003,166,83.26,0,West,2022,1,1,0,1,0,83.0,330.0,190.85714285714286,234.56666666666666,2,3
2022-01-04,P002,411,65.37,0,South,2022,1,1,1,1,0,66.0,408.0,240.14285714285714,234.66666666666666,1,2
2022-01-05,P003,391,37.56,1,South,2022,1,1,2,1,0,214.0,250.0,265.42857142857144,239.36666666666667,2,2
2022-01-06,P002,76,66.15,0,South,2022,1,1,3,1,0,202.0,295.0,247.42857142857142,232.06666666666666,1,2
2022-01-07,P003,362,57.43,0,North,2022,1,1,4,1,0,427.0,327.0,238.14285714285714,233.23333333333332,2,1
2022-01-08,P003,336,48.35,0,South,2022,1,1,5,1,1,125.0,284.0,268.2857142857143,234.96666666666667,2,2
2022-01-09,P002,183,21.76,0,West,2022,1,1,6,1,1,136.0,53.0,275.0,239.3,1,3
2022-01-10,P002,268,89.79,0,West,2022,1,2,0,1,0,166.0,203.0,289.57142857142856,241.46666666666667,1,3
2022-01-11,P002,217,50.48,0,West,2022,1,2,1,1,0,411.0,491.0,261.85714285714283,232.33333333333334,1,3
2022-01-12,P001,147,27.52,0,South,2022,1,2,2,1,0,391.0,78.0,227.0,234.63333333333333,0,2
2022-01-13,P001,317,43.1,0,East,2022,1,2,3,1,0,76.0,158.0,261.42857142857144,239.93333333333334,0,0
2022-01-14,P001,286,47.27,0,East,2022,1,2,4,1,0,362.0,147.0,250.57142857142858,244.56666666666666,0,0
2022-01-15,P003,358,84.48,1,West,2022,1,2,5,1,1,336.0,264.0,253.71428571428572,247.7,2,3
2022-01-16,P002,443,76.03,1,North,2022,1,2,6,1,1,183.0,342.0,290.85714285714283,251.06666666666666,1,1
2022-01-17,P003,222,79.24,0,East,2022,1,3,0,1,0,268.0,124.0,284.2857142857143,254.33333333333334,2,0
2022-01-18,P001,450,10.99,0,South,2022,1,3,1,1,0,217.0,375.0,317.57142857142856,256.8333333333333,0,2
2022-01-19,P002,459,47.45,0,East,2022,1,3,2,1,0,147.0,195.0,362.14285714285717,265.6333333333333,1,0
2022-01-20,P003,239,53.32,0,West,2022,1,3,3,1,0,317.0,177.0,351.0,267.7,2,3
2022-01-21,P002,171,11.73,0,North,2022,1,3,4,1,0,286.0,390.0,334.57142857142856,260.4,1,1
2022-01-22,P003,95,33.38,1,East,2022,1,3,5,1,1,358.0,91.0,297.0,260.53333333333336,2,0
2022-01-23,P002,113,78.43,1,East,2022,1,3,6,1,1,443.0,405.0,249.85714285714286,250.8,1,0
2022-01-24,P001,179,22.34,0,West,2022,1,4,0,1,0,222.0,90.0,243.71428571428572,253.76666666666668,0,3
2022-01-25,P001,359,58.18,0,North,2022,1,4,1,1,0,450.0,471.0,230.71428571428572,250.03333333333333,0,1
2022-01-26,P002,412,29.37,0,North,2022,1,4,2,1,0,459.0,83.0,224.0,261.0,1,1
2022-01-27,P003,242,11.09,0,West,2022,1,4,3,1,0,239.0,66.0,224.42857142857142,266.8666666666667,2,3
2022-01-28,P001,356,31.71,0,South,2022,1,4,4,1,0,171.0,214.0,250.85714285714286,271.6,0,2
2022-01-29,P001,230,97.83,0,East,2022,1,4,5,1,1,95.0,202.0,270.14285714285717,272.53333333333336,0,0
2022-01-30,P001,341,82.14,0,South,2022,1,4,6,1,1,113.0,427.0,302.7142857142857,269.6666666666667,0,2
2022-01-31,P002,420,96.36,0,East,2022,1,5,0,1,0,179.0,125.0,337.14285714285717,279.5,1,0
2022-02-01,P002,331,53.91,0,East,2022,2,5,1,1,0,359.0,136.0,333.14285714285717,286.0,1,0
2022-02-02,P003,78,19.88,1,South,2022,2,5,2,1,0,412.0,166.0,285.42857142857144,283.06666666666666,2,2
2022-02-03,P003,198,59.32,0,West,2022,2,5,3,1,0,242.0,411.0,279.14285714285717,275.96666666666664,2,3
2022-02-04,P003,316,50.89,0,West,2022,2,5,4,1,0,356.0,391.0,273.42857142857144,273.46666666666664,2,3
2022-02-05,P002,345,85.99,0,East,2022,2,5,5,1,1,230.0,76.0,289.85714285714283,282.43333333333334,1,0
2022-02-06,P002,60,18.83,0,West,2022,2,5,6,1,1,341.0,362.0,249.71428571428572,272.3666666666667,1,3
2022-02-07,P003,213,53.94,0,East,2022,2,6,0,1,0,420.0,336.0,220.14285714285714,268.26666666666665,2,0
2022-02-08,P003,162,23.5,0,West,2022,2,6,1,1,0,331.0,183.0,196.0,267.56666666666666,2,3
2022-02-09,P002,236,39.22,1,East,2022,2,6,2,1,0,78.0,268.0,218.57142857142858,266.5,1,0
2022-02-10,P003,344,76.36,0,West,2022,2,6,3,1,0,198.0,217.0,239.42857142857142,270.73333333333335,2,3
2022-02-11,P001,281,52.84,1,North,2022,2,6,4,1,0,316.0,147.0,234.42857142857142,275.2,0,1
2022-02-12,P002,276,43.83,0,South,2022,2,6,5,1,1,345.0,317.0,224.57142857142858,273.8333333333333,1,2
2022-02-13,P003,359,45.5,0,North,2022,2,6,6,1,1,60.0,286.0,267.2857142857143,276.26666666666665,2,1
2022-02-14,P002,147,51.35,0,South,2022,2,7,0,1,0,213.0,358.0,257.85714285714283,269.23333333333335,1,2
2022-02-15,P001,104,80.65,0,South,2022,2,7,1,1,0,162.0,443.0,249.57142857142858,257.93333333333334,0,2
2022-02-16,P002,160,90.29,0,East,2022,2,7,2,1,0,236.0,222.0,238.71428571428572,255.86666666666667,1,0
2022-02-17,P002,201,95.98,0,South,2022,2,7,3,1,0,344.0,450.0,218.28571428571428,247.56666666666666,1,2
2022-02-18,P002,295,80.82,0,North,2022,2,7,4,1,0,281.0,459.0,220.28571428571428,242.1,1,1
2022-02-19,P002,455,38.39,1,North,2022,2,7,5,1,1,276.0,239.0,245.85714285714286,249.3,1,1
2022-02-20,P001,118,71.93,1,West,2022,2,7,6,1,1,359.0,171.0,211.42857142857142,247.53333333333333,0,3
2022-02-21,P002,361,49.38,1,North,2022,2,8,0,1,0,147.0,95.0,242.0,256.4,1,1
2022-02-22,P002,338,32.92,0,West,2022,2,8,1,1,0,104.0,113.0,275.42857142857144,263.9,1,3
2022-02-23,P003,299,85.68,0,South,2022,2,8,2,1,0,160.0,179.0,295.2857142857143,267.9,2,2
2022-02-24,P002,85,13.46,0,North,2022,2,8,3,1,0,201.0,359.0,278.7142857142857,258.76666666666665,1,1
2022-02-25,P003,288,91.16,0,South,2022,2,8,4,1,0,295.0,412.0,277.7142857142857,254.63333333333333,2,2
2022-02-26,P001,197,51.53,0,North,2022,2,8,5,1,1,455.0,242.0,240.85714285714286,253.13333333333333,0,1
2022-02-27,P001,276,67.35,0,North,2022,2,8,6,1,1,118.0,356.0,263.42857142857144,250.46666666666667,0,1
2022-02-28,P001,293,69.34,0,West,2022,2,9,0,1,0,361.0,230.0,253.71428571428572,252.56666666666666,0,3
2022-03-01,P001,386,90.56,0,South,2022,3,9,1,1,0,338.0,341.0,260.57142857142856,254.06666666666666,0,2
2022-03-02,P003,495,67.3,1,North,2022,3,9,2,1,0,299.0,420.0,288.57142857142856,256.56666666666666,2,1
2022-03-03,P002,414,65.25,0,East,2022,3,9,3,1,0,85.0,331.0,335.57142857142856,259.3333333333333,1,0
2022-03-04,P001,250,16.0,0,South,2022,3,9,4,1,0,288.0,78.0,330.14285714285717,265.06666666666666,0,2
2022-03-05,P002,203,56.66,0,South,2022,3,9,5,1,1,197.0,198.0,331.0,265.23333333333335,1,2
2022-03-06,P003,499,23.52,1,South,2022,3,9,6,1,1,276.0,316.0,362.85714285714283,271.3333333333333,2,2
2022-03-07,P003,122,76.37,0,West,2022,3,10,0,1,0,293.0,345.0,338.42857142857144,263.9,2,3
2022-03-08,P003,250,56.1,0,East,2022,3,10,1,1,0,386.0,60.0,319.0,270.23333333333335,2,0
2022-03-09,P001,345,71.22,1,South,2022,3,10,2,1,0,495.0,213.0,297.57142857142856,274.6333333333333,0,2
2022-03-10,P002,66,13.75,1,North,2022,3,10,3,1,0,414.0,162.0,247.85714285714286,271.43333333333334,1,1
2022-03-11,P002,178,17.63,0,North,2022,3,10,4,1,0,250.0,236.0,237.57142857142858,269.5,1,1
2022-03-12,P002,266,74.47,0,West,2022,3,10,5,1,1,203.0,344.0,246.57142857142858,266.9,1,3
2022-03-13,P003,110,16.49,0,North,2022,3,10,6,1,1,499.0,281.0,191.0,261.2,2,1
2022-03-14,P001,476,16.41,0,South,2022,3,11,0,1,0,122.0,276.0,241.57142857142858,267.8666666666667,0,2
2022-03-15,P003,153,11.09,0,North,2022,3,11,1,1,0,250.0,359.0,227.71428571428572,261.0,2,1
2022-03-16,P003,91,96.09,1,South,2022,3,11,2,1,0,345.0,147.0,191.42857142857142,259.1333333333333,2,2
2022-03-17,P002,74,76.38,0,North,2022,3,11,3,1,0,66.0,104.0,192.57142857142858,258.1333333333333,1,1
2022-03-18,P003,88,41.79,0,East,2022,3,11,4,1,0,178.0,160.0,179.71428571428572,255.73333333333332,2,0
2022-03-19,P002,340,36.69,0,West,2022,3,11,5,1,1,266.0,201.0,190.28571428571428,260.3666666666667,1,3
2022-03-20,P001,180,41.47,0,West,2022,3,11,6,1,1,110.0,295.0,200.28571428571428,256.53333333333336,0,3
2022-03-21,P002,278,79.72,0,East,2022,3,12,0,1,0,476.0,455.0,172.0,250.63333333333333,1,0
2022-03-22,P001,157,69.52,0,East,2022,3,12,1,1,0,153.0,118.0,172.57142857142858,251.93333333333334,0,0
2022-03-23,P002,221,26.67,0,West,2022,3,12,2,1,0,91.0,361.0,191.14285714285714,247.26666666666668,1,3
2022-03-24,P003,484,25.67,0,East,2022,3,12,3,1,0,74.0,338.0,249.71428571428572,252.13333333333333,2,0
2022-03-25,P003,151,18.86,0,South,2022,3,12,4,1,0,88.0,299.0,258.7142857142857,247.2,2,2
2022-03-26,P001,403,69.43,0,North,2022,3,12,5,1,1,340.0,85.0,267.7142857142857,257.8,0,1
2022-03-27,P001,61,78.79,1,West,2022,3,12,6,1,1,180.0,288.0,250.71428571428572,250.23333333333332,0,3
2022-03-28,P001,324,33.85,0,East,2022,3,13,0,1,0,278.0,197.0,257.2857142857143,254.46666666666667,0,0
2022-03-29,P002,150,11.89,0,South,2022,3,13,1,1,0,157.0,276.0,256.2857142857143,250.26666666666668,1,2
2022-03-30,P002,93,17.4,0,West,2022,3,13,2,1,0,221.0,293.0,238.0,243.6,1,3
2022-03-31,P001,492,97.11,0,East,2022,3,13,3,1,0,484.0,386.0,239.14285714285714,247.13333333333333,0,0
2022-04-01,P003,354,36.59,0,West,2022,4,13,4,2,0,151.0,495.0,268.14285714285717,242.43333333333334,2,3
2022-04-02,P002,494,79.23,0,East,2022,4,13,5,2,1,403.0,414.0,281.14285714285717,245.1,1,0
2022-04-03,P002,66,66.22,1,West,2022,4,13,6,2,1,61.0,250.0,281.85714285714283,238.96666666666667,1,3
2022-04-04,P002,379,44.37,0,South,2022,4,14,0,2,0,324.0,203.0,289.7142857142857,244.83333333333334,1,2
2022-04-05,P001,106,28.51,0,South,2022,4,14,1,2,0,150.0,499.0,283.42857142857144,231.73333333333332,0,2
2022-04-06,P001,360,20.92,0,North,2022,4,14,2,2,0,93.0,122.0,321.57142857142856,239.66666666666666,0,1
2022-04-07,P001,352,65.35,1,West,2022,4,14,3,2,0,492.0,250.0,301.57142857142856,243.06666666666666,0,3
2022-04-08,P001,61,79.72,0,North,2022,4,14,4,2,0,354.0,345.0,259.7142857142857,233.6,0,1
2022-04-09,P001,367,67.95,0,West,2022,4,14,5,2,1,494.0,66.0,241.57142857142858,243.63333333333333,0,3
2022-04-10,P003,129,57.73,0,East,2022,4,14,6,2,1,66.0,178.0,250.57142857142858,242.0,2,0
2022-04-11,P003,265,13.78,0,East,2022,4,15,0,2,0,379.0,266.0,234.28571428571428,241.96666666666667,2,0
2022-04-12,P001,388,97.16,1,North,2022,4,15,1,2,0,106.0,110.0,274.57142857142856,251.23333333333332,0,1
2022-04-13,P002,313,81.88,0,West,2022,4,15,2,2,0,360.0,476.0,267.85714285714283,245.8,1,3
2022-04-14,P001,198,36.35,0,North,2022,4,15,3,2,0,352.0,153.0,245.85714285714286,247.3,0,1
2022-04-15,P003,130,98.2,1,South,2022,4,15,4,2,0,61.0,91.0,255.71428571428572,248.6,2,2
2022-04-16,P003,264,64.17,1,North,2022,4,15,5,2,1,367.0,74.0,241.0,254.93333333333334,2,1
2022-04-17,P002,423,62.42,1,North,2022,4,15,6,2,1,129.0,88.0,283.0,266.1,1,1
2022-04-18,P003,247,77.33,0,East,2022,4,16,0,2,0,265.0,340.0,280.42857142857144,263.0,2,0
2022-04-19,P001,249,83.06,0,North,2022,4,16,1,2,0,388.0,180.0,260.57142857142856,265.3,0,1
2022-04-20,P002,74,69.08,0,West,2022,4,16,2,2,0,313.0,278.0,226.42857142857142,258.5,1,3
2022-04-21,P001,138,21.53,0,East,2022,4,16,3,2,0,198.0,157.0,217.85714285714286,257.8666666666667,0,0
2022-04-22,P001,317,40.44,0,North,2022,4,16,4,2,0,130.0,221.0,244.57142857142858,261.06666666666666,0,1
2022-04-23,P002,192,93.53,0,South,2022,4,16,5,2,1,264.0,484.0,234.28571428571428,251.33333333333334,1,2
2022-04-24,P001,108,30.22,0,North,2022,4,16,6,2,1,423.0,151.0,189.28571428571428,249.9,0,1
2022-04-25,P003,459,43.5,0,North,2022,4,17,0,2,0,247.0,403.0,219.57142857142858,251.76666666666668,2,1
2022-04-26,P001,414,48.89,0,North,2022,4,17,1,2,0,249.0,61.0,243.14285714285714,263.53333333333336,0,1
2022-04-27,P002,75,49.55,0,East,2022,4,17,2,2,0,74.0,324.0,243.28571428571428,255.23333333333332,1,0
2022-04-28,P002,96,65.16,1,West,2022,4,17,3,2,0,138.0,150.0,237.28571428571428,253.43333333333334,1,3
2022-04-29,P002,337,94.88,0,South,2022,4,17,4,2,0,317.0,93.0,240.14285714285714,261.56666666666666,1,2
2022-04-30,P001,315,31.66,0,North,2022,4,17,5,2,1,192.0,492.0,257.7142857142857,255.66666666666666,0,1
2022-05-01,P002,65,20.94,0,West,2022,5,17,6,2,1,108.0,354.0,251.57142857142858,246.03333333333333,1,3
2022-05-02,P002,248,27.77,0,West,2022,5,18,0,2,0,459.0,494.0,221.42857142857142,237.83333333333334,1,3
2022-05-03,P001,450,89.82,0,East,2022,5,18,1,2,0,414.0,66.0,226.57142857142858,250.63333333333333,0,0
2022-05-04,P003,456,68.12,0,South,2022,5,18,2,2,0,75.0,379.0,281.0,253.2,2,2
2022-05-05,P001,331,35.73,0,East,2022,5,18,3,2,0,96.0,106.0,314.57142857142856,260.7,0,0
2022-05-06,P002,135,83.44,0,West,2022,5,18,4,2,0,337.0,360.0,285.7142857142857,253.2,1,3
2022-05-07,P002,299,87.52,0,West,2022,5,18,5,2,1,315.0,352.0,283.42857142857144,251.43333333333334,1,3
2022-05-08,P001,440,86.19,0,West,2022,5,18,6,2,1,65.0,61.0,337.0,264.06666666666666,0,3
2022-05-09,P003,319,92.7,1,East,2022,5,19,0,2,0,248.0,367.0,347.14285714285717,262.46666666666664,2,0
2022-05-10,P002,384,32.7,1,South,2022,5,19,1,2,0,450.0,129.0,337.7142857142857,270.96666666666664,1,2
2022-05-11,P002,166,77.95,0,North,2022,5,19,2,2,0,456.0,265.0,296.2857142857143,267.6666666666667,1,1
2022-05-12,P002,56,51.45,0,East,2022,5,19,3,2,0,331.0,388.0,257.0,256.6,1,0
2022-05-13,P001,186,85.78,0,West,2022,5,19,4,2,0,135.0,313.0,264.2857142857143,252.36666666666667,0,3
2022-05-14,P002,420,75.56,1,East,2022,5,19,5,2,1,299.0,198.0,281.57142857142856,259.76666666666665,1,0
2022-05-15,P003,225,79.88,0,West,2022,5,19,6,2,1,440.0,130.0,250.85714285714286,262.93333333333334,2,3
2022-05-16,P002,377,69.05,0,North,2022,5,20,0,2,0,319.0,264.0,259.14285714285717,266.7,1,1
2022-05-17,P002,364,25.97,1,North,2022,5,20,1,2,0,384.0,423.0,256.2857142857143,264.73333333333335,1,1
2022-05-18,P003,264,59.05,0,South,2022,5,20,2,2,0,166.0,247.0,270.2857142857143,265.3,2,2
2022-05-19,P002,131,98.62,1,West,2022,5,20,3,2,0,56.0,249.0,281.0,261.3666666666667,1,3
2022-05-20,P001,272,94.36,0,South,2022,5,20,4,2,0,186.0,74.0,293.2857142857143,267.96666666666664,0,2
2022-05-21,P001,421,13.89,0,South,2022,5,20,5,2,1,420.0,138.0,293.42857142857144,277.4,0,2
2022-05-22,P001,472,24.83,0,North,2022,5,20,6,2,1,225.0,317.0,328.7142857142857,282.56666666666666,0,1
2022-05-23,P003,451,21.86,1,East,2022,5,21,0,2,0,377.0,192.0,339.2857142857143,291.2,2,0
2022-05-24,P002,492,75.34,1,East,2022,5,21,1,2,0,364.0,108.0,357.57142857142856,304.0,1,0
2022-05-25,P001,152,83.6,0,South,2022,5,21,2,2,0,264.0,459.0,341.57142857142856,293.76666666666665,0,2
2022-05-26,P003,322,29.22,0,North,2022,5,21,3,2,0,131.0,414.0,368.85714285714283,290.7,2,1
2022-05-27,P002,63,55.53,0,West,2022,5,21,4,2,0,272.0,75.0,339.0,290.3,1,3
2022-05-28,P003,208,85.66,1,East,2022,5,21,5,2,1,421.0,96.0,308.57142857142856,294.03333333333336,2,0
2022-05-29,P001,201,75.95,0,South,2022,5,21,6,2,1,472.0,337.0,269.85714285714283,289.5,0,2
2022-05-30,P001,157,58.8,0,East,2022,5,22,0,2,0,451.0,315.0,227.85714285714286,284.23333333333335,0,0
2022-05-31,P001,237,63.13,0,East,2022,5,22,1,2,0,492.0,65.0,191.42857142857142,289.96666666666664,0,0
2022-06-01,P003,350,55.75,0,West,2022,6,22,2,2,0,152.0,248.0,219.71428571428572,293.3666666666667,2,3
2022-06-02,P003,147,36.78,0,North,2022,6,22,3,2,0,322.0,450.0,194.71428571428572,283.26666666666665,2,1
2022-06-03,P001,180,60.85,0,West,2022,6,22,4,2,0,63.0,456.0,211.42857142857142,274.06666666666666,0,3
2022-06-04,P003,342,72.0,0,North,2022,6,22,5,2,1,208.0,331.0,230.57142857142858,274.43333333333334,2,1
2022-06-05,P001,220,88.6,1,East,2022,6,22,6,2,1,201.0,135.0,233.28571428571428,277.26666666666665,0,0
2022-06-06,P001,473,67.27,0,South,2022,6,23,0,2,0,157.0,299.0,278.42857142857144,283.06666666666666,0,2
2022-06-07,P002,232,78.5,0,West,2022,6,23,1,2,0,237.0,440.0,277.7142857142857,276.1333333333333,1,3
2022-06-08,P003,413,24.41,1,North,2022,6,23,2,2,0,350.0,319.0,286.7142857142857,279.26666666666665,2,1
2022-06-09,P001,88,51.54,0,East,2022,6,23,3,2,0,147.0,384.0,278.2857142857143,269.4,0,0
2022-06-10,P001,64,10.84,0,North,2022,6,23,4,2,0,180.0,166.0,261.7142857142857,266.0,0,1
2022-06-11,P003,425,32.2,0,North,2022,6,23,5,2,1,342.0,56.0,273.57142857142856,278.3,2,1
2022-06-12,P002,53,75.38,1,North,2022,6,23,6,2,1,220.0,186.0,249.71428571428572,273.8666666666667,1,1
2022-06-13,P002,398,99.26,0,East,2022,6,24,0,2,0,473.0,420.0,239.0,273.1333333333333,1,0
2022-06-14,P001,458,18.93,1,South,2022,6,24,1,2,0,232.0,225.0,271.2857142857143,280.9,0,2
2022-06-15,P003,446,46.13,0,South,2022,6,24,2,2,0,413.0,377.0,276.0,283.2,2,2
2022-06-16,P002,259,82.01,0,South,2022,6,24,3,2,0,88.0,364.0,300.42857142857144,279.7,1,2
2022-06-17,P003,210,28.36,0,North,2022,6,24,4,2,0,64.0,264.0,321.2857142857143,277.9,2,1
2022-06-18,P003,65,59.96,1,East,2022,6,24,5,2,1,425.0,131.0,269.85714285714283,275.7,2,0
2022-06-19,P001,475,75.98,0,North,2022,6,24,6,2,1,53.0,272.0,330.14285714285717,282.46666666666664,0,1
2022-06-20,P002,157,65.44,1,South,2022,6,25,0,2,0,398.0,421.0,295.7142857142857,273.6666666666667,1,2
2022-06-21,P001,431,26.92,0,South,2022,6,25,1,2,0,458.0,472.0,291.85714285714283,272.3,0,2
2022-06-22,P002,499,41.98,0,East,2022,6,25,2,2,0,446.0,451.0,299.42857142857144,273.9,1,0
2022-06-23,P002,360,80.54,0,North,2022,6,25,3,2,0,259.0,492.0,313.85714285714283,269.5,1,1
2022-06-24,P002,276,59.88,1,West,2022,6,25,4,2,0,210.0,152.0,323.2857142857143,273.6333333333333,1,3
2022-06-25,P002,219,10.47,0,West,2022,6,25,5,2,1,65.0,322.0,345.2857142857143,270.2,1,3
2022-06-26,P002,83,78.49,0,South,2022,6,25,6,2,1,475.0,63.0,289.2857142857143,270.8666666666667,1,2
2022-06-27,P003,463,13.18,0,East,2022,6,26,0,2,0,157.0,208.0,333.0,279.3666666666667,2,0
2022-06-28,P001,300,77.12,1,North,2022,6,26,1,2,0,431.0,201.0,314.2857142857143,282.6666666666667,0,1
2022-06-29,P003,296,28.22,0,North,2022,6,26,2,2,0,499.0,157.0,285.2857142857143,287.3,2,1
2022-06-30,P002,318,96.23,0,South,2022,6,26,3,2,0,360.0,237.0,279.2857142857143,290.0,1,2
2022-07-01,P001,190,43.11,0,South,2022,7,26,4,3,0,276.0,350.0,267.0,284.6666666666667,0,2
2022-07-02,P002,323,39.42,0,North,2022,7,26,5,3,1,219.0,147.0,281.85714285714283,290.53333333333336,1,1
2022-07-03,P001,465,23.4,0,North,2022,7,26,6,3,1,83.0,180.0,336.42857142857144,300.03333333333336,0,1
2022-07-04,P003,145,37.5,1,South,2022,7,27,0,3,0,463.0,342.0,291.0,293.46666666666664,2,2
2022-07-05,P001,276,88.9,1,North,2022,7,27,1,3,0,300.0,220.0,287.57142857142856,295.3333333333333,0,1
2022-07-06,P001,428,99.67,0,West,2022,7,27,2,3,0,296.0,473.0,306.42857142857144,293.8333333333333,0,3
2022-07-07,P001,88,43.15,0,South,2022,7,27,3,3,0,318.0,232.0,273.57142857142856,289.03333333333336,0,2
2022-07-08,P001,351,50.37,0,North,2022,7,27,4,3,0,190.0,413.0,296.57142857142856,286.96666666666664,0,1
2022-07-09,P001,78,74.99,0,South,2022,7,27,5,3,1,323.0,88.0,261.57142857142856,286.6333333333333,0,2
2022-07-10,P002,495,89.76,0,East,2022,7,27,6,3,1,465.0,64.0,265.85714285714283,301.0,1,0
2022-07-11,P001,367,63.37,0,South,2022,7,28,0,3,0,145.0,425.0,297.57142857142856,299.06666666666666,0,2
2022-07-12,P001,294,45.24,0,South,2022,7,28,1,3,0,276.0,53.0,300.14285714285717,307.1,0,2
2022-07-13,P003,285,47.14,0,East,2022,7,28,2,3,0,428.0,398.0,279.7142857142857,303.3333333333333,2,0
2022-07-14,P001,234,72.61,0,West,2022,7,28,3,3,0,88.0,458.0,300.57142857142856,295.8666666666667,0,3
2022-07-15,P003,321,10.29,0,North,2022,7,28,4,3,0,351.0,446.0,296.2857142857143,291.7,2,1
2022-07-16,P002,489,65.76,0,East,2022,7,28,5,3,1,78.0,259.0,355.0,299.3666666666667,1,0
2022-07-17,P001,285,41.99,0,South,2022,7,28,6,3,1,495.0,210.0,325.0,301.8666666666667,0,2
2022-07-18,P003,288,81.48,0,North,2022,7,29,0,3,0,367.0,65.0,313.7142857142857,309.3,2,1
2022-07-19,P003,426,18.37,0,East,2022,7,29,1,3,0,294.0,475.0,332.57142857142856,307.6666666666667,2,0
2022-07-20,P002,315,62.94,0,North,2022,7,29,2,3,0,285.0,157.0,336.85714285714283,312.93333333333334,1,1
2022-07-21,P001,463,53.29,0,North,2022,7,29,3,3,0,234.0,431.0,369.57142857142856,314.0,0,1
2022-07-22,P001,458,67.81,0,East,2022,7,29,4,3,0,321.0,499.0,389.14285714285717,312.6333333333333,0,0
2022-07-23,P003,408,15.84,0,North,2022,7,29,5,3,1,489.0,360.0,377.57142857142856,314.23333333333335,2,1
2022-07-24,P001,389,62.2,0,West,2022,7,29,6,3,1,285.0,276.0,392.42857142857144,318.0,0,3
2022-07-25,P003,438,60.53,1,East,2022,7,30,0,3,0,288.0,219.0,413.85714285714283,325.3,2,0
2022-07-26,P001,114,60.46,0,West,2022,7,30,1,3,0,426.0,83.0,369.2857142857143,326.3333333333333,0,3
2022-07-27,P003,226,64.31,0,South,2022,7,30,2,3,0,315.0,463.0,356.57142857142856,318.43333333333334,2,2
2022-07-28,P001,52,70.88,0,North,2022,7,30,3,3,0,463.0,300.0,297.85714285714283,310.1666666666667,0,1
2022-07-29,P002,478,82.45,0,South,2022,7,30,4,3,0,458.0,296.0,300.7142857142857,316.23333333333335,1,2
2022-07-30,P001,191,34.28,0,South,2022,7,30,5,3,1,408.0,318.0,269.7142857142857,312.0,0,2
2022-07-31,P001,425,84.25,0,North,2022,7,30,6,3,1,389.0,190.0,274.85714285714283,319.8333333333333,0,1
2022-08-01,P002,207,54.84,0,East,2022,8,31,0,3,0,438.0,323.0,241.85714285714286,315.96666666666664,1,0
2022-08-02,P001,373,16.94,0,North,2022,8,31,1,3,0,114.0,465.0,278.85714285714283,312.9,0,1
2022-08-03,P002,195,15.27,0,South,2022,8,31,2,3,0,226.0,145.0,274.42857142857144,314.56666666666666,1,2
2022-08-04,P001,495,40.08,0,South,2022,8,31,3,3,0,52.0,276.0,337.7142857142857,321.8666666666667,0,2
2022-08-05,P003,342,80.64,1,East,2022,8,31,4,3,0,478.0,428.0,318.2857142857143,319.0,2,0
2022-08-06,P003,202,73.69,0,North,2022,8,31,5,3,1,191.0,88.0,319.85714285714283,322.8,2,1
2022-08-07,P001,481,80.98,0,South,2022,8,31,6,3,1,425.0,351.0,327.85714285714283,327.1333333333333,0,2
2022-08-08,P001,242,56.55,0,West,2022,8,32,0,3,0,207.0,78.0,332.85714285714283,332.6,0,3
2022-08-09,P001,486,49.62,1,South,2022,8,32,1,3,0,373.0,495.0,349.0,332.3,0,2
2022-08-10,P003,122,23.27,0,South,2022,8,32,2,3,0,195.0,367.0,338.57142857142856,324.1333333333333,2,2
2022-08-11,P001,448,39.54,0,East,2022,8,32,3,3,0,495.0,294.0,331.85714285714283,329.26666666666665,0,0
2022-08-12,P003,354,49.06,0,West,2022,8,32,4,3,0,342.0,285.0,333.57142857142856,331.56666666666666,2,3
2022-08-13,P002,426,17.97,0,South,2022,8,32,5,3,1,202.0,234.0,365.57142857142856,337.96666666666664,1,2
2022-08-14,P003,393,29.86,0,South,2022,8,32,6,3,1,481.0,321.0,353.0,340.3666666666667,2,2
2022-08-15,P003,189,63.84,0,West,2022,8,33,0,3,0,242.0,489.0,345.42857142857144,330.3666666666667,2,3
2022-08-16,P002,236,76.21,0,North,2022,8,33,1,3,0,486.0,285.0,309.7142857142857,328.73333333333335,1,1
2022-08-17,P003,342,99.85,0,North,2022,8,33,2,3,0,122.0,288.0,341.14285714285717,330.53333333333336,2,1
2022-08-18,P001,110,93.98,0,South,2022,8,33,3,3,0,448.0,426.0,292.85714285714283,320.0,0,2
2022-08-19,P001,476,67.83,0,South,2022,8,33,4,3,0,354.0,315.0,310.2857142857143,325.3666666666667,0,2
2022-08-20,P003,429,47.91,0,North,2022,8,33,5,3,1,426.0,463.0,310.7142857142857,324.23333333333335,2,1
2022-08-21,P001,247,67.26,0,East,2022,8,33,6,3,1,393.0,458.0,289.85714285714283,317.2,0,0
2022-08-22,P003,344,80.71,0,West,2022,8,34,0,3,0,189.0,408.0,312.0,315.06666666666666,2,3
2022-08-23,P001,489,20.65,1,West,2022,8,34,1,3,0,236.0,389.0,348.14285714285717,318.4,0,3
2022-08-24,P001,368,46.89,0,East,2022,8,34,2,3,0,342.0,438.0,351.85714285714283,316.06666666666666,0,0
2022-08-25,P003,351,85.58,0,East,2022,8,34,3,3,0,110.0,114.0,386.2857142857143,323.96666666666664,2,0
2022-08-26,P001,393,44.54,0,East,2022,8,34,4,3,0,476.0,226.0,374.42857142857144,329.53333333333336,0,0
2022-08-27,P003,60,61.47,1,East,2022,8,34,5,3,1,429.0,52.0,321.7142857142857,329.8,2,0
2022-08-28,P001,111,62.9,0,East,2022,8,34,6,3,1,247.0,478.0,302.2857142857143,317.56666666666666,0,0
2022-08-29,P001,382,26.6,0,East,2022,8,35,0,3,0,344.0,191.0,307.7142857142857,323.93333333333334,0,0
2022-08-30,P002,275,42.6,0,West,2022,8,35,1,3,0,489.0,425.0,277.14285714285717,318.93333333333334,1,3
2022-08-31,P002,202,40.11,0,East,2022,8,35,2,3,0,368.0,207.0,253.42857142857142,318.76666666666665,1,0
2022-09-01,P003,248,12.36,0,North,2022,9,35,3,3,0,351.0,373.0,238.71428571428572,314.6,2,1
2022-09-02,P002,101,12.18,0,East,2022,9,35,4,3,0,393.0,195.0,197.0,311.46666666666664,1,0
2022-09-03,P003,309,84.85,0,East,2022,9,35,5,3,1,60.0,495.0,232.57142857142858,305.26666666666665,2,0
2022-09-04,P002,108,34.58,1,West,2022,9,35,6,3,1,111.0,342.0,232.14285714285714,297.46666666666664,1,3
2022-09-05,P001,121,56.63,0,West,2022,9,36,0,3,0,382.0,202.0,194.85714285714286,294.76666666666665,0,3
2022-09-06,P003,197,36.89,0,East,2022,9,36,1,3,0,275.0,481.0,183.71428571428572,285.3,2,0
2022-09-07,P003,398,94.66,0,West,2022,9,36,2,3,0,202.0,242.0,211.71428571428572,290.5,2,3
2022-09-08,P001,112,33.34,0,South,2022,9,36,3,3,0,248.0,486.0,192.28571428571428,278.03333333333336,0,2
2022-09-09,P003,359,48.67,0,West,2022,9,36,4,3,0,101.0,122.0,229.14285714285714,285.93333333333334,2,3
2022-09-10,P003,422,88.55,0,West,2022,9,36,5,3,1,309.0,448.0,245.28571428571428,285.06666666666666,2,3
2022-09-11,P002,292,85.77,0,West,2022,9,36,6,3,1,108.0,354.0,271.57142857142856,283.0,1,3
2022-09-12,P003,415,26.75,1,West,2022,9,37,0,3,0,121.0,426.0,313.57142857142856,282.6333333333333,2,3
2022-09-13,P001,379,82.24,1,North,2022,9,37,1,3,0,197.0,393.0,339.57142857142856,282.1666666666667,0,1
2022-09-14,P002,156,51.24,0,North,2022,9,37,2,3,0,398.0,189.0,305.0,281.06666666666666,1,1
2022-09-15,P002,275,53.47,0,North,2022,9,37,3,3,0,112.0,236.0,328.2857142857143,282.3666666666667,1,1
2022-09-16,P001,362,22.01,1,East,2022,9,37,4,3,0,359.0,342.0,328.7142857142857,283.03333333333336,0,0
2022-09-17,P001,267,17.25,0,East,2022,9,37,5,3,1,422.0,110.0,306.57142857142856,288.26666666666665,0,0
2022-09-18,P002,474,75.51,1,South,2022,9,37,6,3,1,292.0,476.0,332.57142857142856,288.2,1,2
2022-09-19,P003,290,54.68,0,North,2022,9,38,0,3,0,415.0,429.0,314.7142857142857,283.56666666666666,2,1
2022-09-20,P002,308,49.32,0,East,2022,9,38,1,3,0,379.0,247.0,304.57142857142856,285.6,1,0
2022-09-21,P001,425,75.66,0,West,2022,9,38,2,3,0,156.0,344.0,343.0,288.3,0,3
2022-09-22,P002,311,78.9,0,West,2022,9,38,3,3,0,275.0,489.0,348.14285714285717,282.3666666666667,1,3
2022-09-23,P001,54,24.3,0,North,2022,9,38,4,3,0,362.0,368.0,304.14285714285717,271.9,0,1
2022-09-24,P002,310,64.92,0,South,2022,9,38,5,3,1,267.0,351.0,310.2857142857143,270.53333333333336,1,2
2022-09-25,P003,103,22.18,0,South,2022,9,38,6,3,1,474.0,393.0,257.2857142857143,260.8666666666667,2,2
2022-09-26,P002,96,77.62,0,West,2022,9,39,0,3,0,290.0,60.0,229.57142857142858,262.06666666666666,1,3
2022-09-27,P002,264,69.13,0,South,2022,9,39,1,3,0,308.0,111.0,223.28571428571428,267.1666666666667,1,2
2022-09-28,P001,226,96.1,1,North,2022,9,39,2,3,0,425.0,382.0,194.85714285714286,261.96666666666664,0,1
2022-09-29,P001,58,16.21,0,West,2022,9,39,3,3,0,311.0,275.0,158.71428571428572,254.73333333333332,0,3
2022-09-30,P001,148,15.13,1,East,2022,9,39,4,3,0,54.0,202.0,172.14285714285714,252.93333333333334,0,0
2022-10-01,P002,69,35.4,0,East,2022,10,39,5,4,1,310.0,248.0,137.71428571428572,246.96666666666667,1,0
2022-10-02,P003,427,33.55,0,South,2022,10,39,6,4,1,103.0,101.0,184.0,257.8333333333333,2,2
2022-10-03,P001,290,32.23,1,West,2022,10,40,0,4,0,96.0,309.0,211.71428571428572,257.2,0,3
2022-10-04,P001,110,91.56,0,West,2022,10,40,1,4,0,264.0,108.0,189.71428571428572,257.26666666666665,0,3
2022-10-05,P002,428,32.46,0,East,2022,10,40,2,4,0,226.0,121.0,218.57142857142858,267.5,1,0
2022-10-06,P001,468,34.48,0,West,2022,10,40,3,4,0,58.0,197.0,277.14285714285717,276.53333333333336,0,3
2022-10-07,P003,227,78.35,0,West,2022,10,40,4,4,0,148.0,398.0,288.42857142857144,270.8333333333333,2,3
2022-10-08,P003,387,50.48,0,West,2022,10,40,5,4,1,69.0,112.0,333.85714285714283,280.0,2,3
2022-10-09,P001,111,79.9,1,South,2022,10,40,6,4,1,427.0,359.0,288.7142857142857,271.73333333333335,0,2
2022-10-10,P001,194,15.88,0,West,2022,10,41,0,4,0,290.0,422.0,275.0,264.1333333333333,0,3
2022-10-11,P002,265,53.88,0,North,2022,10,41,1,4,0,110.0,292.0,297.14285714285717,263.23333333333335,1,1
2022-10-12,P003,52,13.03,0,South,2022,10,41,2,4,0,428.0,415.0,243.42857142857142,251.13333333333333,2,2
2022-10-13,P003,209,15.64,0,West,2022,10,41,3,4,0,468.0,379.0,206.42857142857142,245.46666666666667,2,3
2022-10-14,P001,276,91.58,0,West,2022,10,41,4,4,0,227.0,156.0,213.42857142857142,249.46666666666667,0,3
2022-10-15,P002,318,22.53,0,North,2022,10,41,5,4,1,387.0,275.0,203.57142857142858,250.9,1,1
2022-10-16,P003,169,57.92,0,South,2022,10,41,6,4,1,111.0,362.0,211.85714285714286,244.46666666666667,2,2
2022-10-17,P003,430,47.0,0,East,2022,10,42,0,4,0,194.0,267.0,245.57142857142858,249.9,2,0
2022-10-18,P002,138,41.26,0,East,2022,10,42,1,4,0,265.0,474.0,227.42857142857142,238.7,1,0
2022-10-19,P002,378,90.99,0,South,2022,10,42,2,4,0,52.0,290.0,274.0,241.63333333333333,1,2
2022-10-20,P003,117,11.96,0,West,2022,10,42,3,4,0,209.0,308.0,260.85714285714283,235.26666666666668,2,3
2022-10-21,P003,447,69.74,0,West,2022,10,42,4,4,0,276.0,425.0,285.2857142857143,236.0,2,3
2022-10-22,P002,406,96.71,1,East,2022,10,42,5,4,1,318.0,311.0,297.85714285714283,239.16666666666666,1,0
2022-10-23,P003,147,60.42,0,East,2022,10,42,6,4,1,169.0,54.0,294.7142857142857,242.26666666666668,2,0
2022-10-24,P001,316,94.31,0,East,2022,10,43,0,4,0,430.0,310.0,278.42857142857144,242.46666666666667,0,0
2022-10-25,P001,154,14.7,0,North,2022,10,43,1,4,0,138.0,103.0,280.7142857142857,244.16666666666666,0,1
2022-10-26,P002,489,47.69,0,East,2022,10,43,2,4,0,378.0,96.0,296.57142857142856,257.26666666666665,1,0
2022-10-27,P002,372,33.41,0,North,2022,10,43,3,4,0,117.0,264.0,333.0,260.8666666666667,1,1
2022-10-28,P002,172,75.77,0,South,2022,10,43,4,4,0,447.0,226.0,293.7142857142857,259.06666666666666,1,2
2022-10-29,P001,78,98.32,0,West,2022,10,43,5,4,1,406.0,58.0,246.85714285714286,259.73333333333335,0,3
2022-10-30,P003,186,33.09,0,East,2022,10,43,6,4,1,147.0,148.0,252.42857142857142,261.0,2,0
2022-10-31,P001,244,68.88,0,West,2022,10,44,0,4,0,316.0,69.0,242.14285714285714,266.8333333333333,0,3
2022-11-01,P003,458,27.83,0,West,2022,11,44,1,4,0,154.0,427.0,285.57142857142856,267.8666666666667,2,3
2022-11-02,P001,275,60.88,0,East,2022,11,44,2,4,0,489.0,290.0,255.0,267.3666666666667,0,0
2022-11-03,P003,381,51.75,0,East,2022,11,44,3,4,0,372.0,110.0,256.2857142857143,276.4,2,0
2022-11-04,P001,219,97.48,1,South,2022,11,44,4,4,0,172.0,428.0,263.0,269.43333333333334,0,2
2022-11-05,P002,58,64.77,1,North,2022,11,44,5,4,1,78.0,468.0,260.14285714285717,255.76666666666668,1,1
2022-11-06,P001,89,41.46,1,North,2022,11,44,6,4,1,186.0,227.0,246.28571428571428,251.16666666666666,0,1
2022-11-07,P003,74,20.27,1,West,2022,11,45,0,4,0,244.0,387.0,222.0,240.73333333333332,2,3
2022-11-08,P001,310,23.61,1,East,2022,11,45,1,4,0,458.0,111.0,200.85714285714286,247.36666666666667,0,0
2022-11-09,P001,444,30.28,0,South,2022,11,45,2,4,0,275.0,194.0,225.0,255.7,0,2
2022-11-10,P001,492,32.59,0,South,2022,11,45,3,4,0,381.0,265.0,240.85714285714286,263.26666666666665,0,2
2022-11-11,P002,275,86.56,0,South,2022,11,45,4,4,0,219.0,52.0,248.85714285714286,270.7,1,2
2022-11-12,P001,173,60.51,0,South,2022,11,45,5,4,1,58.0,209.0,265.2857142857143,269.5,0,2
2022-11-13,P002,87,57.11,0,South,2022,11,45,6,4,1,89.0,276.0,265.0,263.2,1,2
2022-11-14,P002,377,20.33,0,North,2022,11,46,0,4,0,74.0,318.0,308.2857142857143,265.1666666666667,1,1
2022-11-15,P001,300,87.41,0,North,2022,11,46,1,4,0,310.0,169.0,306.85714285714283,269.53333333333336,0,1
2022-11-16,P001,438,75.05,0,North,2022,11,46,2,4,0,444.0,430.0,306.0,269.8,0,1
2022-11-17,P001,225,16.09,1,East,2022,11,46,3,4,0,492.0,138.0,267.85714285714283,272.7,0,0
2022-11-18,P003,139,73.71,0,West,2022,11,46,4,4,0,275.0,378.0,248.42857142857142,264.73333333333335,2,3
2022-11-19,P001,451,58.92,0,South,2022,11,46,5,4,1,173.0,117.0,288.14285714285717,275.8666666666667,0,2
2022-11-20,P002,86,17.36,0,East,2022,11,46,6,4,1,87.0,447.0,288.0,263.8333333333333,1,0
2022-11-21,P001,365,51.25,0,South,2022,11,47,0,4,0,377.0,406.0,286.2857142857143,262.46666666666664,0,2
2022-11-22,P003,225,53.62,1,North,2022,11,47,1,4,0,300.0,147.0,275.57142857142856,265.06666666666666,2,1
2022-11-23,P001,333,24.92,0,East,2022,11,47,2,4,0,438.0,316.0,260.57142857142856,265.6333333333333,0,0
2022-11-24,P003,130,95.11,0,North,2022,11,47,3,4,0,225.0,154.0,247.0,264.8333333333333,2,1
2022-11-25,P003,163,86.5,0,South,2022,11,47,4,4,0,139.0,489.0,250.42857142857142,253.96666666666667,2,2
2022-11-26,P001,89,70.21,0,South,2022,11,47,5,4,1,451.0,372.0,198.71428571428572,244.53333333333333,0,2
2022-11-27,P002,350,51.61,0,West,2022,11,47,6,4,1,86.0,172.0,236.42857142857142,250.46666666666667,1,3
2022-11-28,P003,273,47.06,0,South,2022,11,48,0,4,0,365.0,78.0,223.28571428571428,256.96666666666664,2,2
2022-11-29,P001,367,68.59,0,North,2022,11,48,1,4,0,225.0,186.0,243.57142857142858,263.0,0,1
2022-11-30,P001,398,59.09,0,South,2022,11,48,2,4,0,333.0,244.0,252.85714285714286,268.1333333333333,0,2
2022-12-01,P002,164,15.6,0,West,2022,12,48,3,4,0,130.0,458.0,257.7142857142857,258.3333333333333,1,3
2022-12-02,P003,235,56.13,1,West,2022,12,48,4,4,0,163.0,275.0,268.0,257.0,2,3
2022-12-03,P003,372,82.58,0,North,2022,12,48,5,4,1,89.0,381.0,308.42857142857144,256.7,2,1
2022-12-04,P001,105,51.33,1,East,2022,12,48,6,4,1,350.0,219.0,273.42857142857144,252.9,0,0
2022-12-05,P001,89,14.68,0,South,2022,12,49,0,4,0,273.0,58.0,247.14285714285714,253.93333333333334,0,2
2022-12-06,P002,403,80.77,0,West,2022,12,49,1,4,0,367.0,89.0,252.28571428571428,264.4,1,3
2022-12-07,P002,89,28.12,0,South,2022,12,49,2,4,0,398.0,74.0,208.14285714285714,264.9,1,2
2022-12-08,P003,396,33.28,0,South,2022,12,49,3,4,0,164.0,310.0,241.28571428571428,267.76666666666665,2,2
2022-12-09,P003,286,24.82,0,East,2022,12,49,4,4,0,235.0,444.0,248.57142857142858,262.5,2,0
2022-12-10,P001,338,39.72,0,West,2022,12,49,5,4,1,372.0,492.0,243.71428571428572,257.3666666666667,0,3
2022-12-11,P003,311,78.11,0,South,2022,12,49,6,4,1,105.0,275.0,273.14285714285717,258.56666666666666,2,2
2022-12-12,P002,265,56.74,1,West,2022,12,50,0,4,0,89.0,173.0,298.2857142857143,261.6333333333333,1,3
2022-12-13,P002,196,28.44,0,North,2022,12,50,1,4,0,403.0,87.0,268.7142857142857,265.26666666666665,1,1
2022-12-14,P001,385,89.0,0,North,2022,12,50,2,4,0,89.0,377.0,311.0,265.53333333333336,0,1
2022-12-15,P002,217,89.16,0,South,2022,12,50,3,4,0,396.0,300.0,285.42857142857144,262.76666666666665,1,2
2022-12-16,P002,141,88.35,0,West,2022,12,50,4,4,0,286.0,438.0,264.7142857142857,252.86666666666667,1,3
2022-12-17,P002,402,31.49,0,South,2022,12,50,5,4,1,338.0,225.0,273.85714285714283,258.76666666666665,1,2
2022-12-18,P002,108,50.61,0,West,2022,12,50,6,4,1,311.0,139.0,244.85714285714286,257.73333333333335,1,3
2022-12-19,P001,108,98.65,0,West,2022,12,51,0,4,0,265.0,451.0,222.42857142857142,246.3,0,3
2022-12-20,P001,353,79.48,0,East,2022,12,51,1,4,0,196.0,86.0,244.85714285714286,255.2,0,0
2022-12-21,P003,218,12.45,0,East,2022,12,51,2,4,0,385.0,365.0,221.0,250.3,2,0
2022-12-22,P002,318,15.87,0,East,2022,12,51,3,4,0,217.0,225.0,235.42857142857142,253.4,1,0
2022-12-23,P003,412,51.75,1,South,2022,12,51,4,4,0,141.0,333.0,274.14285714285717,256.03333333333336,2,2
2022-12-24,P001,94,91.83,1,East,2022,12,51,5,4,1,402.0,130.0,230.14285714285714,254.83333333333334,0,0
2022-12-25,P001,394,58.48,0,East,2022,12,51,6,4,1,108.0,163.0,271.0,262.53333333333336,0,0
2022-12-26,P001,230,54.8,0,North,2022,12,52,0,4,0,108.0,89.0,288.42857142857144,267.23333333333335,0,1
2022-12-27,P001,219,19.49,0,West,2022,12,52,1,4,0,353.0,350.0,269.2857142857143,262.8666666666667,0,3
2022-12-28,P001,405,69.11,0,West,2022,12,52,2,4,0,218.0,273.0,296.0,267.26666666666665,0,3
2022-12-29,P001,240,83.99,0,East,2022,12,52,3,4,0,318.0,367.0,284.85714285714283,263.03333333333336,0,0
2022-12-30,P001,204,44.24,0,West,2022,12,52,4,4,0,412.0,398.0,255.14285714285714,256.56666666666666,0,3
2022-12-31,P002,471,79.81,0,North,2022,12,52,5,4,1,94.0,164.0,309.0,266.8,1,1
2023-01-01,P003,237,96.8,0,North,2023,1,52,6,1,1,394.0,235.0,286.57142857142856,266.8666666666667,2,1
2023-01-02,P001,56,28.34,0,East,2023,1,1,0,1,0,230.0,372.0,261.7142857142857,256.3333333333333,0,0
2023-01-03,P002,182,57.1,1,North,2023,1,1,1,1,0,219.0,105.0,256.42857142857144,258.9,1,1
2023-01-04,P002,284,35.84,0,West,2023,1,1,2,1,0,405.0,89.0,239.14285714285714,265.4,1,3
2023-01-05,P003,94,81.36,0,South,2023,1,1,3,1,0,240.0,403.0,218.28571428571428,255.1,2,2
2023-01-06,P001,363,61.98,1,West,2023,1,1,4,1,0,204.0,89.0,241.0,264.23333333333335,0,3
2023-01-07,P003,298,67.11,1,South,2023,1,1,5,1,1,471.0,396.0,216.28571428571428,260.96666666666664,2,2
2023-01-08,P001,80,81.81,0,East,2023,1,1,6,1,1,237.0,286.0,193.85714285714286,254.1,0,0
2023-01-09,P002,72,45.64,0,South,2023,1,2,0,1,0,56.0,338.0,196.14285714285714,245.23333333333332,1,2
2023-01-10,P002,475,92.36,0,North,2023,1,2,1,1,0,182.0,311.0,238.0,250.7,1,1
2023-01-11,P002,443,57.97,1,West,2023,1,2,2,1,0,284.0,265.0,260.7142857142857,256.6333333333333,1,3
2023-01-12,P002,209,24.22,1,South,2023,1,2,3,1,0,94.0,196.0,277.14285714285717,257.06666666666666,1,2
2023-01-13,P003,412,72.63,0,West,2023,1,2,4,1,0,363.0,385.0,284.14285714285717,257.96666666666664,2,3
2023-01-14,P001,486,81.39,0,East,2023,1,2,5,1,1,298.0,217.0,311.0,266.93333333333334,0,0
2023-01-15,P001,207,38.51,0,East,2023,1,2,6,1,1,80.0,141.0,329.14285714285717,269.1333333333333,0,0
2023-01-16,P003,88,87.15,0,North,2023,1,3,0,1,0,72.0,402.0,331.42857142857144,258.6666666666667,2,1
2023-01-17,P001,464,91.55,0,East,2023,1,3,1,1,0,475.0,108.0,329.85714285714283,270.53333333333336,0,0
2023-01-18,P002,131,34.92,1,South,2023,1,3,2,1,0,443.0,108.0,285.2857142857143,271.3,1,2
2023-01-19,P001,405,98.52,0,East,2023,1,3,3,1,0,209.0,353.0,313.2857142857143,273.03333333333336,0,0
2023-01-20,P002,307,22.66,1,North,2023,1,3,4,1,0,412.0,218.0,298.2857142857143,276.0,1,1
2023-01-21,P003,255,28.18,1,West,2023,1,3,5,1,1,486.0,318.0,265.2857142857143,273.9,2,3
2023-01-22,P001,126,26.58,0,West,2023,1,3,6,1,1,207.0,412.0,253.71428571428572,264.3666666666667,0,3
2023-01-23,P003,61,90.46,0,East,2023,1,4,0,1,0,88.0,94.0,249.85714285714286,263.26666666666665,2,0
2023-01-24,P001,344,68.89,0,South,2023,1,4,1,1,0,464.0,394.0,232.71428571428572,261.6,0,2
2023-01-25,P002,499,23.69,0,North,2023,1,4,2,1,0,131.0,230.0,285.2857142857143,270.56666666666666,1,1
2023-01-26,P003,273,49.63,0,South,2023,1,4,3,1,0,405.0,219.0,266.42857142857144,272.3666666666667,2,2
2023-01-27,P001,62,65.38,0,North,2023,1,4,4,1,0,307.0,405.0,231.42857142857142,260.93333333333334,0,1
2023-01-28,P002,95,17.51,0,East,2023,1,4,5,1,1,255.0,240.0,208.57142857142858,256.1,1,0
2023-01-29,P003,204,89.42,0,North,2023,1,4,6,1,1,126.0,204.0,219.71428571428572,256.1,2,1
2023-01-30,P003,162,82.32,0,North,2023,1,5,0,1,0,61.0,471.0,234.14285714285714,245.8,2,1
2023-01-31,P001,282,55.47,0,East,2023,1,5,1,1,0,344.0,237.0,225.28571428571428,247.3,0,0
2023-02-01,P001,66,97.04,0,South,2023,2,5,2,1,0,499.0,56.0,163.42857142857142,247.63333333333333,0,2
2023-02-02,P001,409,47.6,0,East,2023,2,5,3,1,0,273.0,182.0,182.85714285714286,255.2,0,0
2023-02-03,P002,272,98.57,0,North,2023,2,5,4,1,0,62.0,284.0,212.85714285714286,254.8,1,1
2023-02-04,P001,403,70.11,0,East,2023,2,5,5,1,1,95.0,94.0,256.85714285714283,265.1,0,0
2023-02-05,P003,237,67.12,0,North,2023,2,5,6,1,1,204.0,363.0,261.57142857142856,260.9,2,1
2023-02-06,P003,497,24.94,0,East,2023,2,6,0,1,0,162.0,298.0,309.42857142857144,267.53333333333336,2,0
2023-02-07,P001,393,89.37,0,West,2023,2,6,1,1,0,282.0,80.0,325.2857142857143,277.96666666666664,0,3
2023-02-08,P001,414,48.47,0,West,2023,2,6,2,1,0,66.0,72.0,375.0,289.3666666666667,0,3
2023-02-09,P003,212,24.6,1,East,2023,2,6,3,1,0,409.0,475.0,346.85714285714283,280.6,2,0
2023-02-10,P002,375,11.13,0,South,2023,2,6,4,1,0,272.0,443.0,361.57142857142856,278.3333333333333,1,2
2023-02-11,P001,463,60.38,0,North,2023,2,6,5,1,1,403.0,209.0,370.14285714285717,286.8,0,1
2023-02-12,P001,123,57.47,0,West,2023,2,6,6,1,1,237.0,412.0,353.85714285714283,277.1666666666667,0,3
2023-02-13,P003,282,74.74,0,South,2023,2,7,0,1,0,497.0,486.0,323.14285714285717,270.3666666666667,2,2
2023-02-14,P001,273,90.12,0,North,2023,2,7,1,1,0,393.0,207.0,306.0,272.56666666666666,0,1
2023-02-15,P002,368,17.15,0,West,2023,2,7,2,1,0,414.0,88.0,299.42857142857144,281.9,1,3
2023-02-16,P003,461,75.83,0,West,2023,2,7,3,1,0,212.0,464.0,335.0,281.8,2,3
2023-02-17,P001,109,26.87,0,East,2023,2,7,4,1,0,375.0,131.0,297.0,281.06666666666666,0,0
2023-02-18,P003,384,87.24,0,North,2023,2,7,5,1,1,463.0,405.0,285.7142857142857,280.3666666666667,2,1
2023-02-19,P001,271,83.72,0,South,2023,2,7,6,1,1,123.0,307.0,306.85714285714283,279.1666666666667,0,2
2023-02-20,P001,86,58.67,0,South,2023,2,8,0,1,0,282.0,255.0,278.85714285714283,273.53333333333336,0,2
2023-02-21,P001,327,73.92,1,South,2023,2,8,1,1,0,273.0,126.0,286.57142857142856,280.23333333333335,0,2
2023-02-22,P002,245,38.29,0,North,2023,2,8,2,1,0,368.0,61.0,269.0,286.3666666666667,1,1
2023-02-23,P002,453,52.41,0,South,2023,2,8,3,1,0,461.0,344.0,267.85714285714283,290.0,1,2
2023-02-24,P003,401,83.95,0,South,2023,2,8,4,1,0,109.0,499.0,309.57142857142856,286.73333333333335,2,2
2023-02-25,P001,291,51.33,0,South,2023,2,8,5,1,1,384.0,273.0,296.2857142857143,287.3333333333333,0,2
2023-02-26,P001,373,42.2,0,East,2023,2,8,6,1,1,271.0,62.0,310.85714285714283,297.7,0,0
2023-02-27,P002,268,54.48,0,East,2023,2,9,0,1,0,86.0,95.0,336.85714285714283,303.46666666666664,1,0
2023-02-28,P001,241,84.54,0,North,2023,2,9,1,1,0,327.0,204.0,324.57142857142856,304.7,0,1
2023-03-01,P002,66,40.17,0,North,2023,3,9,2,1,0,245.0,162.0,299.0,301.5,1,1
2023-03-02,P001,61,25.64,0,South,2023,3,9,3,1,0,453.0,282.0,243.0,294.1333333333333,0,2
2023-03-03,P003,455,74.08,0,East,2023,3,9,4,1,0,401.0,66.0,250.71428571428572,307.1,2,0
2023-03-04,P001,450,84.34,1,West,2023,3,9,5,1,1,291.0,409.0,273.42857142857144,308.46666666666664,0,3
2023-03-05,P001,443,19.06,0,West,2023,3,9,6,1,1,373.0,272.0,283.42857142857144,314.1666666666667,0,3
2023-03-06,P002,423,31.59,0,South,2023,3,10,0,1,0,268.0,403.0,305.57142857142856,314.8333333333333,1,2
2023-03-07,P001,242,22.78,0,South,2023,3,10,1,1,0,241.0,237.0,305.7142857142857,315.0,0,2
2023-03-08,P001,71,41.31,0,East,2023,3,10,2,1,0,66.0,497.0,306.42857142857144,300.8,0,0
2023-03-09,P002,169,50.53,0,East,2023,3,10,3,1,0,61.0,393.0,321.85714285714283,293.3333333333333,1,0
2023-03-10,P003,259,77.39,0,East,2023,3,10,4,1,0,455.0,414.0,293.85714285714283,288.1666666666667,2,0
2023-03-11,P003,355,68.6,0,North,2023,3,10,5,1,1,450.0,212.0,280.2857142857143,292.93333333333334,2,1
2023-03-12,P002,319,65.88,0,North,2023,3,10,6,1,1,443.0,375.0,262.57142857142856,291.06666666666666,1,1
2023-03-13,P002,241,41.71,0,South,2023,3,11,0,1,0,423.0,463.0,236.57142857142858,283.6666666666667,1,2
2023-03-14,P002,224,85.73,0,North,2023,3,11,1,1,0,242.0,123.0,234.0,287.03333333333336,1,1
2023-03-15,P002,334,52.42,1,East,2023,3,11,2,1,0,71.0,282.0,271.57142857142856,288.76666666666665,1,0
2023-03-16,P002,253,98.12,0,East,2023,3,11,3,1,0,169.0,273.0,283.57142857142856,288.1,1,0
2023-03-17,P003,213,67.07,0,North,2023,3,11,4,1,0,259.0,368.0,277.0,282.93333333333334,2,1
2023-03-18,P003,300,21.36,0,West,2023,3,11,5,1,1,355.0,461.0,269.14285714285717,277.56666666666666,2,3
2023-03-19,P002,276,70.86,0,South,2023,3,11,6,1,1,319.0,109.0,263.0,283.1333333333333,1,2
2023-03-20,P001,485,39.26,0,West,2023,3,12,0,1,0,241.0,384.0,297.85714285714283,286.5,0,3
2023-03-21,P002,430,71.77,0,South,2023,3,12,1,1,0,224.0,271.0,327.2857142857143,291.8,1,2
2023-03-22,P001,56,16.27,0,West,2023,3,12,2,1,0,334.0,86.0,287.57142857142856,290.8,0,3
2023-03-23,P002,78,25.74,0,North,2023,3,12,3,1,0,253.0,327.0,262.57142857142856,282.5,1,1
2023-03-24,P002,444,87.02,0,South,2023,3,12,4,1,0,213.0,245.0,295.57142857142856,289.1333333333333,1,2
2023-03-25,P003,82,30.45,0,South,2023,3,12,5,1,1,300.0,453.0,264.42857142857144,276.76666666666665,2,2
2023-03-26,P001,183,85.33,0,South,2023,3,12,6,1,1,276.0,401.0,251.14285714285714,269.5,0,2
2023-03-27,P001,416,35.13,0,East,2023,3,13,0,1,0,485.0,291.0,241.28571428571428,273.6666666666667,0,0
2023-03-28,P003,128,67.86,0,East,2023,3,13,1,1,0,430.0,373.0,198.14285714285714,265.5,2,0
2023-03-29,P003,465,72.47,0,West,2023,3,13,2,1,0,56.0,268.0,256.57142857142856,272.06666666666666,2,3
2023-03-30,P003,484,56.14,1,North,2023,3,13,3,1,0,78.0,241.0,314.57142857142856,280.1666666666667,2,1
2023-03-31,P003,107,37.48,1,East,2023,3,13,4,1,0,444.0,66.0,266.42857142857144,281.53333333333336,2,0
2023-04-01,P001,75,29.14,1,South,2023,4,13,5,2,1,82.0,61.0,265.42857142857144,282.0,0,2
2023-04-02,P001,479,12.99,0,East,2023,4,13,6,2,1,183.0,455.0,307.7142857142857,282.8,0,0
2023-04-03,P002,275,37.36,0,North,2023,4,14,0,2,0,416.0,450.0,287.57142857142856,276.96666666666664,1,1
2023-04-04,P002,334,68.78,0,East,2023,4,14,1,2,0,128.0,443.0,317.0,273.3333333333333,1,0
2023-04-05,P003,53,94.45,0,South,2023,4,14,2,2,0,465.0,423.0,258.14285714285717,261.0,2,2
2023-04-06,P003,148,88.41,0,West,2023,4,14,3,2,0,484.0,242.0,210.14285714285714,257.8666666666667,2,3
2023-04-07,P003,446,78.95,1,South,2023,4,14,4,2,0,107.0,71.0,258.57142857142856,270.3666666666667,2,2
2023-04-08,P002,88,80.96,1,North,2023,4,14,5,2,1,75.0,169.0,260.42857142857144,267.6666666666667,1,1
2023-04-09,P002,320,69.85,0,West,2023,4,14,6,2,1,479.0,259.0,237.71428571428572,269.7,1,3
2023-04-10,P002,424,33.43,0,East,2023,4,15,0,2,0,275.0,355.0,259.0,272.0,1,0
2023-04-11,P002,334,91.65,0,East,2023,4,15,1,2,0,334.0,319.0,259.0,272.5,1,0
2023-04-12,P002,206,70.37,1,East,2023,4,15,2,2,0,53.0,241.0,280.85714285714283,271.3333333333333,1,0
2023-04-13,P002,124,60.44,1,West,2023,4,15,3,2,0,148.0,224.0,277.42857142857144,268.0,1,3
2023-04-14,P002,421,19.99,0,South,2023,4,15,4,2,0,446.0,334.0,273.85714285714283,270.9,1,2
2023-04-15,P003,337,50.23,0,West,2023,4,15,5,2,1,88.0,253.0,309.42857142857144,273.7,2,3
2023-04-16,P003,179,51.43,1,West,2023,4,15,6,2,1,320.0,213.0,289.2857142857143,272.56666666666666,2,3
2023-04-17,P003,224,87.81,0,North,2023,4,16,0,2,0,424.0,300.0,260.7142857142857,270.03333333333336,2,1
2023-04-18,P003,133,59.2,0,West,2023,4,16,1,2,0,334.0,276.0,232.0,265.26666666666665,2,3
2023-04-19,P002,71,44.24,1,East,2023,4,16,2,2,0,206.0,485.0,212.71428571428572,251.46666666666667,1,0
2023-04-20,P001,76,97.91,0,South,2023,4,16,3,2,0,124.0,430.0,205.85714285714286,239.66666666666666,0,2
2023-04-21,P002,244,19.96,0,South,2023,4,16,4,2,0,421.0,56.0,180.57142857142858,245.93333333333334,1,2
2023-04-22,P001,386,48.03,0,South,2023,4,16,5,2,1,337.0,78.0,187.57142857142858,256.2,0,2
2023-04-23,P003,431,13.78,0,East,2023,4,16,6,2,1,179.0,444.0,223.57142857142858,255.76666666666668,2,0
2023-04-24,P002,285,76.59,1,East,2023,4,17,0,2,0,224.0,82.0,232.28571428571428,262.53333333333336,1,0
2023-04-25,P003,489,92.63,0,East,2023,4,17,1,2,0,133.0,183.0,283.14285714285717,272.73333333333335,2,0
2023-04-26,P002,141,35.2,1,East,2023,4,17,2,2,0,71.0,416.0,293.14285714285717,263.56666666666666,1,0
2023-04-27,P003,70,87.25,0,East,2023,4,17,3,2,0,76.0,128.0,292.2857142857143,261.6333333333333,2,0
2023-04-28,P001,352,36.3,0,West,2023,4,17,4,2,0,244.0,465.0,307.7142857142857,257.8666666666667,0,3
2023-04-29,P001,406,91.97,0,East,2023,4,17,5,2,1,386.0,484.0,310.57142857142856,255.26666666666668,0,0
2023-04-30,P001,492,77.86,0,East,2023,4,17,6,2,1,431.0,107.0,319.2857142857143,268.1,0,0
2023-05-01,P002,133,82.44,0,East,2023,5,18,0,2,0,285.0,75.0,297.57142857142856,270.03333333333336,1,0
2023-05-02,P001,311,11.62,0,East,2023,5,18,1,2,0,489.0,479.0,272.14285714285717,264.43333333333334,0,0
2023-05-03,P002,196,96.65,0,South,2023,5,18,2,2,0,141.0,275.0,280.0,261.8,1,2
2023-05-04,P001,490,75.4,0,East,2023,5,18,3,2,0,70.0,334.0,340.0,267.0,0,0
2023-05-05,P001,436,37.43,0,West,2023,5,18,4,2,0,352.0,53.0,352.0,279.76666666666665,0,3
2023-05-06,P002,306,84.65,0,West,2023,5,18,5,2,1,406.0,148.0,337.7142857142857,285.03333333333336,1,3
2023-05-07,P002,107,35.34,0,West,2023,5,18,6,2,1,492.0,446.0,282.7142857142857,273.73333333333335,1,3
2023-05-08,P001,429,88.55,0,North,2023,5,19,0,2,0,133.0,88.0,325.0,285.1,0,1
2023-05-09,P002,471,20.13,0,South,2023,5,19,1,2,0,311.0,320.0,347.85714285714283,290.1333333333333,1,2
2023-05-10,P001,64,73.33,0,East,2023,5,19,2,2,0,196.0,424.0,329.0,278.1333333333333,0,0
2023-05-11,P002,211,58.66,0,North,2023,5,19,3,2,0,490.0,334.0,289.14285714285717,274.03333333333336,1,1
2023-05-12,P003,494,18.69,0,East,2023,5,19,4,2,0,436.0,206.0,297.42857142857144,283.6333333333333,2,0
2023-05-13,P003,212,31.77,1,North,2023,5,19,5,2,1,306.0,124.0,284.0,286.56666666666666,2,1
2023-05-14,P003,369,11.12,0,North,2023,5,19,6,2,1,107.0,421.0,321.42857142857144,284.8333333333333,2,1
2023-05-15,P003,330,52.19,0,West,2023,5,20,0,2,0,429.0,337.0,307.2857142857143,284.6,2,3
2023-05-16,P003,329,37.11,0,West,2023,5,20,1,2,0,471.0,179.0,287.0,289.6,2,3
2023-05-17,P001,61,63.85,0,North,2023,5,20,2,2,0,64.0,224.0,286.57142857142856,284.1666666666667,0,1
2023-05-18,P003,323,36.75,0,West,2023,5,20,3,2,0,211.0,133.0,302.57142857142856,290.5,2,3
2023-05-19,P003,320,36.99,0,North,2023,5,20,4,2,0,494.0,71.0,277.7142857142857,298.8,2,1
2023-05-20,P003,257,76.89,0,South,2023,5,20,5,2,1,212.0,76.0,284.14285714285717,304.8333333333333,2,2
2023-05-21,P003,76,14.33,1,West,2023,5,20,6,2,1,369.0,244.0,242.28571428571428,299.23333333333335,2,3
2023-05-22,P002,121,91.26,0,West,2023,5,21,0,2,0,330.0,386.0,212.42857142857142,290.4,1,3
2023-05-23,P001,109,86.7,0,West,2023,5,21,1,2,0,329.0,431.0,181.0,279.6666666666667,0,3
2023-05-24,P003,479,70.1,0,South,2023,5,21,2,2,0,61.0,285.0,240.71428571428572,286.1333333333333,2,2
2023-05-25,P003,194,63.39,0,North,2023,5,21,3,2,0,323.0,489.0,222.28571428571428,276.3,2,1
2023-05-26,P003,142,90.31,0,East,2023,5,21,4,2,0,320.0,141.0,196.85714285714286,276.3333333333333,2,0
2023-05-27,P001,358,26.68,0,West,2023,5,21,5,2,1,257.0,70.0,211.28571428571428,285.93333333333334,0,3
2023-05-28,P002,57,17.11,0,North,2023,5,21,6,2,1,76.0,352.0,208.57142857142858,276.1,1,1
2023-05-29,P001,128,31.56,1,South,2023,5,22,0,2,0,121.0,406.0,209.57142857142858,266.8333333333333,0,2
2023-05-30,P002,76,81.51,0,East,2023,5,22,1,2,0,109.0,492.0,204.85714285714286,252.96666666666667,1,0
2023-05-31,P003,223,13.12,1,West,2023,5,22,2,2,0,479.0,133.0,168.28571428571428,255.96666666666667,2,3
2023-06-01,P003,99,62.45,0,South,2023,6,22,3,2,0,194.0,311.0,154.71428571428572,248.9,2,2
2023-06-02,P001,248,99.59,0,South,2023,6,22,4,2,0,142.0,196.0,169.85714285714286,250.63333333333333,0,2
2023-06-03,P001,436,87.01,0,East,2023,6,22,5,2,1,358.0,490.0,181.0,248.83333333333334,0,0
2023-06-04,P002,398,56.93,1,North,2023,6,22,6,2,1,57.0,436.0,229.71428571428572,247.56666666666666,1,1
2023-06-05,P002,497,15.73,0,West,2023,6,23,0,2,0,128.0,306.0,282.42857142857144,253.93333333333334,1,3
2023-06-06,P001,477,84.82,0,West,2023,6,23,1,2,0,76.0,107.0,339.7142857142857,266.26666666666665,0,3
2023-06-07,P002,230,63.91,0,North,2023,6,23,2,2,0,223.0,429.0,340.7142857142857,259.6333333333333,1,1
2023-06-08,P001,73,20.34,0,North,2023,6,23,3,2,0,99.0,471.0,337.0,246.36666666666667,0,1
2023-06-09,P002,365,18.45,0,North,2023,6,23,4,2,0,248.0,64.0,353.7142857142857,256.4,1,1
2023-06-10,P001,427,91.87,0,East,2023,6,23,5,2,1,436.0,211.0,352.42857142857144,263.6,0,0
2023-06-11,P001,436,70.23,0,East,2023,6,23,6,2,1,398.0,494.0,357.85714285714283,261.6666666666667,0,0
2023-06-12,P001,453,84.64,0,West,2023,6,24,0,2,0,497.0,212.0,351.57142857142856,269.7,0,3
2023-06-13,P002,95,89.11,0,East,2023,6,24,1,2,0,477.0,369.0,297.0,260.56666666666666,1,0
2023-06-14,P002,64,61.46,0,South,2023,6,24,2,2,0,230.0,330.0,273.2857142857143,251.7,1,2
2023-06-15,P002,202,56.57,0,West,2023,6,24,3,2,0,73.0,329.0,291.7142857142857,247.46666666666667,1,3
2023-06-16,P001,271,48.74,1,East,2023,6,24,4,2,0,365.0,61.0,278.2857142857143,254.46666666666667,0,0
2023-06-17,P002,255,38.53,0,North,2023,6,24,5,2,1,427.0,323.0,253.71428571428572,252.2,1,1
2023-06-18,P002,322,49.11,0,South,2023,6,24,6,2,1,436.0,320.0,237.42857142857142,252.26666666666668,1,2
2023-06-19,P001,431,79.65,0,North,2023,6,25,0,2,0,453.0,257.0,234.28571428571428,258.06666666666666,0,1
2023-06-20,P003,285,64.17,0,West,2023,6,25,1,2,0,95.0,76.0,261.42857142857144,265.03333333333336,2,3
2023-06-21,P001,389,90.33,0,North,2023,6,25,2,2,0,64.0,121.0,307.85714285714283,273.96666666666664,0,1
2023-06-22,P002,277,49.9,1,East,2023,6,25,3,2,0,202.0,109.0,318.57142857142856,279.56666666666666,1,0
2023-06-23,P001,58,64.64,0,East,2023,6,25,4,2,0,271.0,479.0,288.14285714285717,265.53333333333336,0,0
2023-06-24,P003,215,66.82,0,West,2023,6,25,5,2,1,255.0,194.0,282.42857142857144,266.23333333333335,2,3
2023-06-25,P001,481,63.25,0,North,2023,6,25,6,2,1,322.0,142.0,305.14285714285717,277.53333333333336,0,1
2023-06-26,P002,493,73.24,0,West,2023,6,26,0,2,0,431.0,358.0,314.0,282.03333333333336,1,3
2023-06-27,P003,368,31.37,0,North,2023,6,26,1,2,0,285.0,57.0,325.85714285714283,292.4,2,1
2023-06-28,P002,263,56.11,1,South,2023,6,26,2,2,0,389.0,128.0,307.85714285714283,296.9,1,2
2023-06-29,P003,166,19.38,0,East,2023,6,26,3,2,0,277.0,76.0,292.0,299.9,2,0
2023-06-30,P003,435,44.61,0,West,2023,6,26,4,2,0,58.0,223.0,345.85714285714283,306.96666666666664,2,3
2023-07-01,P001,393,53.89,0,South,2023,7,26,5,3,1,215.0,99.0,371.2857142857143,316.76666666666665,0,2
2023-07-02,P001,121,68.7,0,South,2023,7,26,6,3,1,481.0,248.0,319.85714285714283,312.53333333333336,0,2
2023-07-03,P002,444,95.55,0,West,2023,7,27,0,3,0,493.0,436.0,312.85714285714283,312.8,1,3
2023-07-04,P001,113,64.06,0,West,2023,7,27,1,3,0,368.0,398.0,276.42857142857144,303.3,0,3
2023-07-05,P001,254,76.92,0,South,2023,7,27,2,3,0,263.0,497.0,275.14285714285717,295.2,0,2
2023-07-06,P003,258,55.56,0,North,2023,7,27,3,3,0,166.0,477.0,288.2857142857143,287.9,2,1
2023-07-07,P001,121,67.07,0,South,2023,7,27,4,3,0,435.0,230.0,243.42857142857142,284.26666666666665,0,2
2023-07-08,P003,326,16.38,1,West,2023,7,27,5,3,1,393.0,73.0,233.85714285714286,292.7,2,3
2023-07-09,P003,323,32.9,0,South,2023,7,27,6,3,1,121.0,365.0,262.7142857142857,291.3,2,2
2023-07-10,P003,369,42.57,0,North,2023,7,28,0,3,0,444.0,427.0,252.0,289.3666666666667,2,1
2023-07-11,P002,387,52.52,0,East,2023,7,28,1,3,0,113.0,436.0,291.14285714285717,287.73333333333335,1,0
2023-07-12,P002,415,14.11,0,East,2023,7,28,2,3,0,254.0,453.0,314.14285714285717,286.46666666666664,1,0
2023-07-13,P002,144,22.6,0,South,2023,7,28,3,3,0,258.0,95.0,297.85714285714283,288.1,1,2
2023-07-14,P003,215,34.91,0,North,2023,7,28,4,3,0,121.0,64.0,311.2857142857143,293.1333333333333,2,1
2023-07-15,P002,81,97.44,0,East,2023,7,28,5,3,1,326.0,202.0,276.2857142857143,289.1,1,0
2023-07-16,P002,60,39.82,0,South,2023,7,28,6,3,1,323.0,271.0,238.71428571428572,282.06666666666666,1,2
2023-07-17,P001,350,53.38,0,South,2023,7,29,0,3,0,369.0,255.0,236.0,285.23333333333335,0,2
2023-07-18,P002,266,27.65,0,North,2023,7,29,1,3,0,387.0,322.0,218.71428571428572,283.3666666666667,1,1
2023-07-19,P002,338,64.97,1,West,2023,7,29,2,3,0,415.0,431.0,207.71428571428572,280.26666666666665,1,3
2023-07-20,P003,151,35.26,0,South,2023,7,29,3,3,0,144.0,285.0,208.71428571428572,275.8,2,2
2023-07-21,P003,474,28.63,0,West,2023,7,29,4,3,0,215.0,389.0,245.71428571428572,278.6333333333333,2,3
2023-07-22,P003,441,56.49,0,West,2023,7,29,5,3,1,81.0,277.0,297.14285714285717,284.1,2,3
2023-07-23,P003,316,10.5,0,East,2023,7,29,6,3,1,60.0,58.0,333.7142857142857,292.7,2,0
2023-07-24,P003,263,10.69,0,West,2023,7,30,0,3,0,350.0,215.0,321.2857142857143,294.3,2,3
2023-07-25,P003,228,29.72,1,North,2023,7,30,1,3,0,266.0,481.0,315.85714285714283,285.8666666666667,2,1
2023-07-26,P002,137,13.3,1,East,2023,7,30,2,3,0,338.0,493.0,287.14285714285717,274.0,1,0
2023-07-27,P003,90,19.72,0,East,2023,7,30,3,3,0,151.0,368.0,278.42857142857144,264.73333333333335,2,0
2023-07-28,P003,450,40.5,1,East,2023,7,30,4,3,0,474.0,263.0,275.0,270.96666666666664,2,0
2023-07-29,P001,125,82.23,1,South,2023,7,30,5,3,1,441.0,166.0,229.85714285714286,269.6,0,2
2023-07-30,P002,426,61.48,1,South,2023,7,30,6,3,1,316.0,435.0,245.57142857142858,269.3,1,2
2023-07-31,P002,95,56.14,1,West,2023,7,31,0,3,0,263.0,393.0,221.57142857142858,259.3666666666667,1,3
2023-08-01,P002,209,36.41,0,East,2023,8,31,1,3,0,228.0,121.0,218.85714285714286,262.3,1,0
2023-08-02,P003,129,93.86,0,East,2023,8,31,2,3,0,137.0,444.0,217.71428571428572,251.8,2,0
2023-08-03,P003,359,45.73,0,North,2023,8,31,3,3,0,90.0,113.0,256.14285714285717,260.0,2,1
2023-08-04,P003,135,17.84,0,West,2023,8,31,4,3,0,450.0,254.0,211.14285714285714,256.03333333333336,2,3
2023-08-05,P001,141,65.54,1,North,2023,8,31,5,3,1,125.0,258.0,213.42857142857142,252.13333333333333,0,1
2023-08-06,P003,197,20.25,0,West,2023,8,31,6,3,1,426.0,121.0,180.71428571428572,254.66666666666666,2,3
2023-08-07,P001,210,41.07,0,West,2023,8,32,0,3,0,95.0,326.0,197.14285714285714,250.8,0,3
2023-08-08,P002,251,55.67,1,South,2023,8,32,1,3,0,209.0,323.0,203.14285714285714,248.4,1,2
2023-08-09,P003,473,88.68,1,South,2023,8,32,2,3,0,129.0,369.0,252.28571428571428,251.86666666666667,2,2
2023-08-10,P001,465,54.42,1,North,2023,8,32,3,3,0,359.0,387.0,267.42857142857144,254.46666666666667,0,1
2023-08-11,P001,291,73.2,0,West,2023,8,32,4,3,0,135.0,415.0,289.7142857142857,250.33333333333334,0,3
2023-08-12,P003,402,99.35,0,East,2023,8,32,5,3,1,141.0,144.0,327.0,258.93333333333334,2,0
2023-08-13,P002,51,21.83,0,South,2023,8,32,6,3,1,197.0,215.0,306.14285714285717,253.46666666666667,1,2
2023-08-14,P002,274,34.73,0,East,2023,8,33,0,3,0,210.0,81.0,315.2857142857143,259.9,1,0
2023-08-15,P002,338,45.51,0,North,2023,8,33,1,3,0,251.0,60.0,327.7142857142857,269.1666666666667,1,1
2023-08-16,P001,282,47.96,0,South,2023,8,33,2,3,0,473.0,350.0,300.42857142857144,266.9,0,2
2023-08-17,P001,463,46.99,0,South,2023,8,33,3,3,0,465.0,266.0,300.14285714285717,273.46666666666664,0,2
2023-08-18,P001,466,91.68,0,West,2023,8,33,4,3,0,291.0,338.0,325.14285714285717,277.73333333333335,0,3
2023-08-19,P001,126,74.26,0,North,2023,8,33,5,3,1,402.0,151.0,285.7142857142857,276.9,0,1
2023-08-20,P002,165,64.71,0,West,2023,8,33,6,3,1,51.0,474.0,302.0,266.6,1,3
2023-08-21,P003,203,37.84,0,South,2023,8,34,0,3,0,274.0,441.0,291.85714285714283,258.6666666666667,2,2
2023-08-22,P001,455,84.14,0,North,2023,8,34,1,3,0,338.0,316.0,308.57142857142856,263.3,0,1
2023-08-23,P001,152,95.96,0,South,2023,8,34,2,3,0,282.0,263.0,290.0,259.6,0,2
2023-08-24,P002,243,83.91,0,North,2023,8,34,3,3,0,463.0,228.0,258.57142857142856,260.1,1,1
2023-08-25,P003,215,10.14,0,South,2023,8,34,4,3,0,466.0,137.0,222.71428571428572,262.7,2,2
2023-08-26,P003,408,67.28,0,East,2023,8,34,5,3,1,126.0,90.0,263.0,273.3,2,0
2023-08-27,P002,139,14.6,1,East,2023,8,34,6,3,1,165.0,450.0,259.2857142857143,262.93333333333334,1,0
2023-08-28,P002,223,33.18,0,West,2023,8,35,0,3,0,203.0,125.0,262.14285714285717,266.2,1,3
2023-08-29,P003,171,15.36,0,East,2023,8,35,1,3,0,455.0,426.0,221.57142857142858,257.7,2,0
2023-08-30,P001,192,64.34,0,South,2023,8,35,2,3,0,152.0,95.0,227.28571428571428,260.93333333333334,0,2
2023-08-31,P003,155,71.79,1,South,2023,8,35,3,3,0,243.0,209.0,214.71428571428572,259.1333333333333,2,2
2023-09-01,P002,424,20.3,0,East,2023,9,35,4,3,0,215.0,129.0,244.57142857142858,268.96666666666664,1,0
2023-09-02,P001,477,44.55,0,West,2023,9,35,5,3,1,408.0,359.0,254.42857142857142,272.9,0,3
2023-09-03,P001,354,51.06,1,East,2023,9,35,6,3,1,139.0,135.0,285.14285714285717,280.2,0,0
2023-09-04,P002,409,43.21,0,North,2023,9,36,0,3,0,223.0,141.0,311.7142857142857,289.1333333333333,1,1
2023-09-05,P002,366,20.89,0,North,2023,9,36,1,3,0,171.0,197.0,339.57142857142856,294.76666666666665,1,1
2023-09-06,P002,172,47.71,0,North,2023,9,36,2,3,0,192.0,210.0,336.7142857142857,293.5,1,1
2023-09-07,P003,439,77.61,0,East,2023,9,36,3,3,0,155.0,251.0,377.2857142857143,299.76666666666665,2,0
2023-09-08,P003,58,16.39,0,East,2023,9,36,4,3,0,424.0,473.0,325.0,285.93333333333334,2,0
2023-09-09,P001,311,17.22,0,East,2023,9,36,5,3,1,477.0,465.0,301.2857142857143,280.8,0,0
2023-09-10,P002,122,41.93,1,North,2023,9,36,6,3,1,354.0,291.0,268.14285714285717,275.1666666666667,1,1
2023-09-11,P001,408,94.76,1,West,2023,9,37,0,3,0,409.0,402.0,268.0,275.3666666666667,0,3
2023-09-12,P001,272,70.17,0,South,2023,9,37,1,3,0,366.0,51.0,254.57142857142858,282.73333333333335,0,2
2023-09-13,P001,465,71.08,0,East,2023,9,37,2,3,0,172.0,274.0,296.42857142857144,289.1,0,0
2023-09-14,P001,90,42.57,0,West,2023,9,37,3,3,0,439.0,338.0,246.57142857142858,280.8333333333333,0,3
2023-09-15,P002,419,63.43,1,South,2023,9,37,4,3,0,58.0,282.0,298.14285714285717,285.4,1,2
2023-09-16,P001,253,10.91,1,South,2023,9,37,5,3,1,311.0,463.0,289.85714285714283,278.4,0,2
2023-09-17,P002,313,67.25,0,South,2023,9,37,6,3,1,122.0,466.0,317.14285714285717,273.3,1,2
2023-09-18,P002,377,92.2,1,West,2023,9,38,0,3,0,408.0,126.0,312.7142857142857,281.6666666666667,1,3
2023-09-19,P003,227,65.13,0,West,2023,9,38,1,3,0,272.0,165.0,306.2857142857143,283.73333333333335,2,3
2023-09-20,P002,397,88.63,0,North,2023,9,38,2,3,0,465.0,203.0,296.57142857142856,290.2,1,1
2023-09-21,P003,367,75.16,0,West,2023,9,38,3,3,0,90.0,455.0,336.14285714285717,287.26666666666665,2,3
2023-09-22,P002,133,20.85,0,West,2023,9,38,4,3,0,419.0,152.0,295.2857142857143,286.6333333333333,1,3
2023-09-23,P002,367,91.22,0,West,2023,9,38,5,3,1,253.0,243.0,311.57142857142856,290.76666666666665,1,3
2023-09-24,P002,160,15.98,0,South,2023,9,38,6,3,1,313.0,215.0,289.7142857142857,288.93333333333334,1,2
2023-09-25,P003,300,58.06,0,East,2023,9,39,0,3,0,377.0,408.0,278.7142857142857,285.3333333333333,2,0
2023-09-26,P003,432,22.79,1,North,2023,9,39,1,3,0,227.0,139.0,308.0,295.1,2,1
2023-09-27,P001,56,11.05,0,East,2023,9,39,2,3,0,397.0,223.0,259.2857142857143,289.53333333333336,0,0
2023-09-28,P003,133,47.98,0,East,2023,9,39,3,3,0,367.0,171.0,225.85714285714286,288.26666666666665,2,0
2023-09-29,P003,257,36.55,0,West,2023,9,39,4,3,0,133.0,192.0,243.57142857142858,290.43333333333334,2,3
2023-09-30,P003,437,53.74,0,North,2023,9,39,5,3,1,367.0,155.0,253.57142857142858,299.8333333333333,2,1
2023-10-01,P003,439,61.95,0,East,2023,10,39,6,4,1,160.0,424.0,293.42857142857144,300.3333333333333,2,0
2023-10-02,P001,363,13.94,0,East,2023,10,40,0,4,0,300.0,477.0,302.42857142857144,296.53333333333336,0,0
2023-10-03,P003,71,21.07,0,North,2023,10,40,1,4,0,432.0,354.0,250.85714285714286,287.1,2,1
2023-10-04,P002,459,60.28,0,West,2023,10,40,2,4,0,56.0,409.0,308.42857142857144,288.76666666666665,1,3
2023-10-05,P002,432,40.89,0,East,2023,10,40,3,4,0,133.0,366.0,351.14285714285717,290.96666666666664,1,0
2023-10-06,P003,52,75.63,0,South,2023,10,40,4,4,0,257.0,172.0,321.85714285714283,286.96666666666664,2,2
2023-10-07,P003,176,68.71,0,East,2023,10,40,5,4,1,437.0,439.0,284.57142857142856,278.2,2,0
2023-10-08,P002,346,86.1,0,South,2023,10,40,6,4,1,439.0,58.0,271.2857142857143,287.8,1,2
2023-10-09,P002,237,72.32,0,West,2023,10,41,0,4,0,363.0,311.0,253.28571428571428,285.3333333333333,1,3
2023-10-10,P001,411,48.69,1,East,2023,10,41,1,4,0,71.0,122.0,301.85714285714283,294.96666666666664,0,0
2023-10-11,P002,63,70.57,0,North,2023,10,41,2,4,0,459.0,408.0,245.28571428571428,283.46666666666664,1,1
2023-10-12,P002,61,34.78,0,North,2023,10,41,3,4,0,432.0,272.0,192.28571428571428,276.43333333333334,1,1
2023-10-13,P003,136,37.57,0,East,2023,10,41,4,4,0,52.0,465.0,204.28571428571428,265.46666666666664,2,0
2023-10-14,P002,61,81.01,0,West,2023,10,41,5,4,1,176.0,90.0,187.85714285714286,264.5,1,3
2023-10-15,P001,446,50.18,0,West,2023,10,41,6,4,1,346.0,419.0,202.14285714285714,265.4,0,3
2023-10-16,P002,74,81.85,1,North,2023,10,42,0,4,0,237.0,253.0,178.85714285714286,259.43333333333334,1,1
2023-10-17,P003,350,84.02,1,East,2023,10,42,1,4,0,411.0,313.0,170.14285714285714,260.6666666666667,2,0
2023-10-18,P003,292,87.18,1,West,2023,10,42,2,4,0,63.0,377.0,202.85714285714286,257.8333333333333,2,3
2023-10-19,P002,171,92.5,0,North,2023,10,42,3,4,0,61.0,227.0,218.57142857142858,255.96666666666667,1,1
2023-10-20,P003,196,48.79,0,South,2023,10,42,4,4,0,136.0,397.0,227.14285714285714,249.26666666666668,2,2
2023-10-21,P001,104,38.7,0,East,2023,10,42,5,4,1,61.0,367.0,233.28571428571428,240.5,0,0
2023-10-22,P001,287,62.4,0,South,2023,10,42,6,4,1,446.0,133.0,210.57142857142858,245.63333333333333,0,2
2023-10-23,P002,405,43.41,0,South,2023,10,43,0,4,0,74.0,367.0,257.85714285714283,246.9,1,2
2023-10-24,P002,222,64.1,0,West,2023,10,43,1,4,0,350.0,160.0,239.57142857142858,248.96666666666667,1,3
2023-10-25,P002,441,73.5,1,West,2023,10,43,2,4,0,292.0,300.0,260.85714285714283,253.66666666666666,1,3
2023-10-26,P003,270,71.96,0,West,2023,10,43,3,4,0,171.0,432.0,275.0,248.26666666666668,2,3
2023-10-27,P001,168,43.71,0,East,2023,10,43,4,4,0,196.0,56.0,271.0,252.0,0,0
2023-10-28,P001,358,25.02,0,South,2023,10,43,5,4,1,104.0,133.0,307.2857142857143,259.5,0,2
2023-10-29,P003,232,48.75,0,East,2023,10,43,6,4,1,287.0,257.0,299.42857142857144,258.6666666666667,2,0
2023-10-30,P001,337,22.83,0,West,2023,10,44,0,4,0,405.0,437.0,289.7142857142857,255.33333333333334,0,3
2023-10-31,P002,356,90.11,0,South,2023,10,44,1,4,0,222.0,439.0,308.85714285714283,252.56666666666666,1,2
2023-11-01,P002,349,41.13,0,East,2023,11,44,2,4,0,441.0,363.0,295.7142857142857,252.1,1,0
2023-11-02,P002,131,23.9,0,East,2023,11,44,3,4,0,270.0,71.0,275.85714285714283,254.1,1,0
2023-11-03,P001,451,12.29,1,North,2023,11,44,4,4,0,168.0,459.0,316.2857142857143,253.83333333333334,0,1
2023-11-04,P002,260,68.12,1,East,2023,11,44,5,4,1,358.0,432.0,302.2857142857143,248.1,1,0
2023-11-05,P003,199,67.32,0,West,2023,11,44,6,4,1,232.0,52.0,297.57142857142856,253.0,2,3
2023-11-06,P003,86,40.65,0,East,2023,11,45,0,4,0,337.0,176.0,261.7142857142857,250.0,2,0
2023-11-07,P001,401,16.45,1,South,2023,11,45,1,4,0,356.0,346.0,268.14285714285717,251.83333333333334,0,2
2023-11-08,P003,361,46.87,1,East,2023,11,45,2,4,0,349.0,237.0,269.85714285714283,255.96666666666667,2,0
2023-11-09,P003,410,38.01,0,North,2023,11,45,3,4,0,131.0,411.0,309.7142857142857,255.93333333333334,2,1
2023-11-10,P001,108,70.94,0,South,2023,11,45,4,4,0,451.0,63.0,260.7142857142857,257.43333333333334,0,2
2023-11-11,P002,180,64.52,0,South,2023,11,45,5,4,1,260.0,61.0,249.28571428571428,261.4,1,2
2023-11-12,P002,461,42.81,1,North,2023,11,45,6,4,1,199.0,136.0,286.7142857142857,272.23333333333335,1,1
2023-11-13,P002,251,29.61,1,West,2023,11,46,0,4,0,86.0,61.0,310.2857142857143,278.56666666666666,1,3
2023-11-14,P001,292,98.92,0,South,2023,11,46,1,4,0,401.0,446.0,294.7142857142857,273.43333333333334,0,2
2023-11-15,P003,84,50.86,1,West,2023,11,46,2,4,0,361.0,74.0,255.14285714285714,273.76666666666665,2,3
2023-11-16,P002,494,71.94,0,South,2023,11,46,3,4,0,410.0,350.0,267.14285714285717,278.56666666666666,1,2
2023-11-17,P002,142,22.65,1,South,2023,11,46,4,4,0,108.0,292.0,272.0,273.56666666666666,1,2
2023-11-18,P001,487,53.7,0,West,2023,11,46,5,4,1,180.0,171.0,315.85714285714283,284.1,0,3
2023-11-19,P002,496,12.48,1,South,2023,11,46,6,4,1,461.0,196.0,320.85714285714283,294.1,1,2
2023-11-20,P001,256,55.49,0,West,2023,11,47,0,4,0,251.0,104.0,321.57142857142856,299.1666666666667,0,3
2023-11-21,P003,402,96.76,0,North,2023,11,47,1,4,0,292.0,287.0,337.2857142857143,303.0,2,1
2023-11-22,P001,440,44.58,0,West,2023,11,47,2,4,0,84.0,405.0,388.14285714285717,304.1666666666667,0,3
2023-11-23,P001,381,13.51,1,North,2023,11,47,3,4,0,494.0,222.0,372.0,309.46666666666664,0,1
2023-11-24,P001,354,12.79,1,South,2023,11,47,4,4,0,142.0,441.0,402.2857142857143,306.56666666666666,0,2
2023-11-25,P001,399,44.92,1,West,2023,11,47,5,4,1,487.0,270.0,389.7142857142857,310.8666666666667,0,3
2023-11-26,P003,262,24.4,1,South,2023,11,47,6,4,1,496.0,168.0,356.2857142857143,314.0,2,2
2023-11-27,P003,208,12.1,0,West,2023,11,48,0,4,0,256.0,358.0,349.42857142857144,309.0,2,3
2023-11-28,P002,491,78.06,0,North,2023,11,48,1,4,0,402.0,232.0,362.14285714285717,317.6333333333333,1,1
2023-11-29,P003,494,51.27,0,North,2023,11,48,2,4,0,440.0,337.0,369.85714285714283,322.8666666666667,2,1
2023-11-30,P003,73,36.03,0,West,2023,11,48,3,4,0,381.0,356.0,325.85714285714283,313.43333333333334,2,3
2023-12-01,P002,453,91.01,0,North,2023,12,48,4,4,0,354.0,349.0,340.0,316.9,1,1
2023-12-02,P003,342,20.45,0,South,2023,12,48,5,4,1,399.0,131.0,331.85714285714283,323.93333333333334,2,2
2023-12-03,P001,53,96.03,0,South,2023,12,48,6,4,1,262.0,451.0,302.0,310.6666666666667,0,2
2023-12-04,P001,269,38.26,0,East,2023,12,49,0,4,0,208.0,260.0,310.7142857142857,310.96666666666664,0,0
2023-12-05,P002,413,89.96,0,North,2023,12,49,1,4,0,491.0,199.0,299.57142857142856,318.1,1,1
2023-12-06,P002,431,64.26,0,South,2023,12,49,2,4,0,494.0,86.0,290.57142857142856,329.6,1,2
2023-12-07,P002,69,84.4,1,West,2023,12,49,3,4,0,73.0,401.0,290.0,318.53333333333336,1,3
2023-12-08,P001,493,98.56,0,North,2023,12,49,4,4,0,453.0,361.0,295.7142857142857,322.93333333333334,0,1
2023-12-09,P003,201,35.96,1,South,2023,12,49,5,4,1,342.0,410.0,275.57142857142856,315.96666666666664,2,2
2023-12-10,P001,99,96.5,0,North,2023,12,49,6,4,1,53.0,108.0,282.14285714285717,315.6666666666667,0,1
2023-12-11,P002,226,45.05,0,West,2023,12,50,0,4,0,269.0,180.0,276.0,317.2,1,3
2023-12-12,P003,484,44.7,0,South,2023,12,50,1,4,0,413.0,461.0,286.14285714285717,317.96666666666664,2,2
2023-12-13,P003,145,40.63,0,East,2023,12,50,2,4,0,431.0,251.0,245.28571428571428,314.43333333333334,2,0
2023-12-14,P001,154,58.73,0,East,2023,12,50,3,4,0,69.0,292.0,257.42857142857144,309.8333333333333,0,0
2023-12-15,P002,469,23.87,0,North,2023,12,50,4,4,0,493.0,84.0,254.0,322.6666666666667,1,1
2023-12-16,P001,299,59.83,0,West,2023,12,50,5,4,1,201.0,494.0,268.0,316.1666666666667,0,3
2023-12-17,P003,166,58.75,0,South,2023,12,50,6,4,1,99.0,142.0,277.57142857142856,316.96666666666664,2,2
2023-12-18,P001,403,78.57,0,West,2023,12,51,0,4,0,226.0,487.0,302.85714285714283,314.1666666666667,0,3
2023-12-19,P001,277,85.03,0,South,2023,12,51,1,4,0,484.0,496.0,273.2857142857143,306.8666666666667,0,2
2023-12-20,P002,115,49.64,0,North,2023,12,51,2,4,0,145.0,256.0,269.0,302.1666666666667,1,1
2023-12-21,P002,384,37.21,0,South,2023,12,51,3,4,0,154.0,402.0,301.85714285714283,301.56666666666666,1,2
2023-12-22,P003,467,33.34,1,West,2023,12,51,4,4,0,469.0,440.0,301.57142857142856,302.46666666666664,2,3
2023-12-23,P001,469,27.52,0,West,2023,12,51,5,4,1,299.0,381.0,325.85714285714283,305.4,0,3
2023-12-24,P001,311,15.19,0,North,2023,12,51,6,4,1,166.0,354.0,346.57142857142856,303.96666666666664,0,1
2023-12-25,P001,344,40.82,1,West,2023,12,52,0,4,0,403.0,399.0,338.14285714285717,302.1333333333333,0,3
2023-12-26,P003,475,34.32,0,South,2023,12,52,1,4,0,277.0,262.0,366.42857142857144,309.23333333333335,2,2
2023-12-27,P003,292,96.98,0,North,2023,12,52,2,4,0,115.0,208.0,391.7142857142857,312.03333333333336,2,1
2023-12-28,P002,420,60.19,0,South,2023,12,52,3,4,0,384.0,491.0,396.85714285714283,309.6666666666667,1,2
2023-12-29,P002,235,41.25,0,West,2023,12,52,4,4,0,467.0,494.0,363.7142857142857,301.03333333333336,1,3
2023-12-30,P002,295,62.24,0,North,2023,12,52,5,4,1,469.0,73.0,338.85714285714283,308.43333333333334,1,1
2023-12-31,P001,174,22.53,1,South,2023,12,52,6,4,1,311.0,453.0,319.2857142857143,299.1333333333333,0,2
