Store,Date,Weekly_Sales,Holiday_Flag,Temperature,Fuel_Price,CPI,Unemployment,year,month,week,quarter,day_of_week,sales_lag_1,sales_lag_4,sales_lag_52,rolling_mean_4,rolling_mean_12
29,2010-02-12,529672.95,1,28.14,2.771,131.5866129,10.064,2010,2,6,1,4,294882.83,1015684.09,890689.51,1032221.7475000002,1176427.6575
34,2010-02-12,994610.99,1,36.13,2.573,126.4962581,9.521,2010,2,6,1,4,529672.95,1558968.49,1034119.21,891132.3725000003,1133675.4758333333
39,2010-02-12,1266229.07,1,44.58,2.548,209.9970208,8.554,2010,2,6,1,4,994610.99,1745362.72,1874289.79,771348.9600000002,1039078.2758333333
36,2010-02-12,469563.7,1,46.11,2.539,209.9970208,8.554,2010,2,6,1,4,1266229.07,294882.83,1672352.29,815019.1775000002,1011659.0941666667
37,2010-02-12,529852.7,1,46.11,2.548,209.9970208,8.554,2010,2,6,1,4,469563.7,529672.95,538634.46,815064.1150000002,964142.9550000001
38,2010-02-12,342214.9,1,47.87,2.946,126.4962581,13.975,2010,2,6,1,4,529852.7,994610.99,465108.52,651965.0925000003,899030.3533333334
40,2010-02-12,955338.29,1,20.84,2.771,131.5866129,5.892,2010,2,6,1,4,342214.9,1266229.07,1469252.05,574242.3975000002,849979.6083333333
41,2010-02-12,1075656.34,1,23.04,2.572,189.4642725,7.541,2010,2,6,1,4,955338.29,469563.7,1087616.19,725765.5575000003,898169.7558333334
42,2010-02-12,575709.96,1,49.96,2.828,126.4962581,9.765,2010,2,6,1,4,1075656.34,529852.7,274593.43,737229.8725000003,861505.245
43,2010-02-12,682918.99,1,47.99,2.548,203.2010968,9.521,2010,2,6,1,4,575709.96,342214.9,956228.96,822405.8950000003,788501.12
44,2010-02-12,286857.13,1,33.16,2.671,126.4962581,8.119,2010,2,6,1,4,682918.99,955338.29,1230613.5,655285.6050000002,666958.9875
25,2010-02-12,583364.02,1,19.64,2.773,204.3857472,8.187,2010,2,6,1,4,286857.13,1075656.34,467546.74,532212.5250000003,690999.0866666667
35,2010-02-12,1168815.31,1,29.81,2.773,135.4113076,9.262,2010,2,6,1,4,583364.02,575709.96,536006.73,680488.8625000003,744260.9500000001
45,2010-02-12,656988.64,1,27.73,2.773,181.982317,8.992,2010,2,6,1,4,1168815.31,682918.99,358496.14,674006.2750000003,716125.7541666668
24,2010-02-12,1414107.1,1,25.94,2.94,131.5866129,8.326,2010,2,6,1,4,656988.64,286857.13,1230596.8,955818.7675000003,728448.9233333333
22,2010-02-12,1022571.25,1,28.14,2.771,135.4113076,8.283,2010,2,6,1,4,1414107.1,583364.02,1001943.8,1065620.5750000002,774532.8858333334
23,2010-02-12,1380892.08,1,18.75,2.771,131.5866129,5.892,2010,2,6,1,4,1022571.25,1168815.31,1086533.18,1118639.7675000003,845452.8341666666
1,2010-02-12,1641957.44,1,38.51,2.548,211.2421698,8.106,2010,2,6,1,4,1380892.08,656988.64,543384.01,1364881.9675000003,953764.7125
2,2010-02-12,2137809.5,1,38.49,2.548,210.8979935,8.324,2010,2,6,1,4,1641957.44,1414107.1,647029.28,1545807.5675000004,1052303.98
3,2010-02-12,420728.96,1,47.93,2.548,214.5747916,7.368,2010,2,6,1,4,2137809.5,1022571.25,281090.95,1395346.9950000003,997726.6983333334
4,2010-02-12,2188307.39,1,28.84,2.573,126.4962581,8.623,2010,2,6,1,4,420728.96,1380892.08,677231.63,1597200.8225000002,1132109.8175000001
5,2010-02-12,311825.7,1,39.81,2.548,211.8004698,6.566,2010,2,6,1,4,2188307.39,1641957.44,1388725.63,1264667.8875000004,1101185.3766666667
6,2010-02-12,1606283.86,1,40.57,2.548,212.7700425,7.259,2010,2,6,1,4,311825.7,2137809.5,1643690.9,1131786.4775000003,1211137.6041666667
7,2010-02-12,524104.92,1,25.9,2.572,189.4642725,9.014,2010,2,6,1,4,1606283.86,420728.96,1033017.37,1157630.4675000003,1206199.3458333334
8,2010-02-12,994801.4,1,33.34,2.548,214.6214189,6.299,2010,2,6,1,4,524104.92,2188307.39,2136989.46,859253.9700000002,1191698.1866666668
9,2010-02-12,552677.48,1,37.08,2.548,214.8056534,6.415,2010,2,6,1,4,994801.4,311825.7,461622.22,919466.9150000003,1183005.59
10,2010-02-12,2176028.52,1,49.96,2.828,126.4962581,9.765,2010,2,6,1,4,552677.48,1606283.86,2135143.87,1061903.08,1246499.0416666667
12,2010-02-12,1117863.33,1,47.87,2.946,126.4962581,13.975,2010,2,6,1,4,2176028.52,524104.92,317173.1,1210342.6825,1254440.0483333333
21,2010-02-12,809321.44,1,37.77,2.548,210.8979935,8.324,2010,2,6,1,4,1117863.33,994801.4,1652635.1,1163972.6925000001,1206809.1616666666
13,2010-02-12,2030933.46,1,33.16,2.671,126.4962581,8.316,2010,2,6,1,4,809321.44,552677.48,496725.44,1533536.6875000002,1239223.83
14,2010-02-12,1704218.84,1,27.73,2.773,181.982317,8.992,2010,2,6,1,4,2030933.46,2176028.52,1004137.09,1415584.2675,1203091.2750000001
15,2010-02-12,682447.1,1,22.0,2.94,131.5866129,8.35,2010,2,6,1,4,1704218.84,1117863.33,549505.55,1306730.2100000002,1224901.1199999999
16,2010-02-12,472044.28,1,20.87,2.572,189.4642725,7.039,2010,2,6,1,4,682447.1,809321.44,2193048.75,1222410.92,1081879.1941666666
17,2010-02-12,841951.91,1,18.36,2.671,126.4962581,6.548,2010,2,6,1,4,472044.28,2030933.46,1528008.64,925165.5325000002,1126056.3783333332
18,2010-02-12,1187880.7,1,26.41,2.771,131.5866129,9.202,2010,2,6,1,4,841951.91,1704218.84,1364721.58,796080.9975,1091189.4483333335
19,2010-02-12,1536549.95,1,23.22,2.94,131.5866129,8.35,2010,2,6,1,4,1187880.7,682447.1,1967220.53,1009606.7100000001,1175559.8675
20,2010-02-12,2109107.9,1,22.12,2.773,204.3857472,8.187,2010,2,6,1,4,1536549.95,472044.28,2623469.95,1418872.6150000002,1268418.7425
11,2010-02-12,1574684.08,1,48.01,2.548,214.5747916,7.368,2010,2,6,1,4,2109107.9,841951.91,652122.44,1602055.6575000002,1353585.9591666667
15,2010-02-19,660838.75,0,27.54,2.909,131.637,8.35,2010,2,7,1,4,1574684.08,1187880.7,477409.3,1470295.17,1227320.145
16,2010-02-19,469868.7,0,21.13,2.55,189.5340998,7.039,2010,2,7,1,4,660838.75,1536549.95,789036.02,1203624.8575000002,1173320.5925
17,2010-02-19,800714.0,0,25.06,2.654,126.5262857,6.548,2010,2,7,1,4,469868.7,2109107.9,1205307.5,876526.3825000001,1172603.3058333334
22,2010-02-19,988467.61,0,31.96,2.747,135.4657781,8.283,2010,2,7,1,4,800714.0,1574684.08,1507637.17,729972.2650000001,1085731.1516666666
19,2010-02-19,1515976.11,0,28.57,2.909,131.637,8.35,2010,2,7,1,4,988467.61,660838.75,2401395.47,943756.6050000001,1070044.2575
20,2010-02-19,2161549.76,0,25.43,2.745,204.4321004,8.187,2010,2,7,1,4,1515976.11,469868.7,798593.88,1366676.87,1193302.8125
21,2010-02-19,867283.25,0,39.75,2.514,210.9451605,8.324,2010,2,7,1,4,2161549.76,800714.0,1100046.37,1383319.1825,1226239.3933333333
14,2010-02-19,2204556.7,0,31.27,2.745,182.0347816,8.992,2010,2,7,1,4,867283.25,988467.61,1123566.12,1687341.455,1339789.7925000002
18,2010-02-19,1150663.42,0,30.91,2.747,131.637,9.202,2010,2,7,1,4,2204556.7,1515976.11,1543947.23,1596013.2825000002,1336688.3525
13,2010-02-19,1970274.64,0,35.7,2.654,126.5262857,8.316,2010,2,7,1,4,1150663.42,2161549.76,497374.57,1548194.5025000002,1372832.0766666667
7,2010-02-19,506760.54,0,27.28,2.55,189.5340998,9.014,2010,2,7,1,4,1970274.64,867283.25,1015684.09,1458063.8250000002,1239303.1300000001
11,2010-02-19,1503298.7,0,48.3,2.514,214.6198868,7.368,2010,2,7,1,4,506760.54,2204556.7,1558968.49,1282749.3250000002,1233354.3483333334
10,2010-02-19,2113432.58,0,58.22,2.915,126.5262857,9.765,2010,2,7,1,4,1503298.7,1150663.42,1745362.72,1523441.6150000002,1354403.8341666667
9,2010-02-19,511327.9,0,43.06,2.514,214.8506185,6.415,2010,2,7,1,4,2113432.58,1970274.64,294882.83,1158704.9300000002,1357858.7675
8,2010-02-19,963960.37,0,39.1,2.514,214.6664878,6.299,2010,2,7,1,4,511327.9,506760.54,529672.95,1273004.8875000002,1371462.6316666666
6,2010-02-19,1567138.07,0,43.58,2.514,212.8161546,7.259,2010,2,7,1,4,963960.37,1503298.7,994610.99,1288964.7300000002,1419685.17
5,2010-02-19,303447.57,0,41.14,2.514,211.8471283,6.566,2010,2,7,1,4,1567138.07,2113432.58,1266229.07,836468.4775000002,1318641.125
4,2010-02-19,2049860.26,0,36.45,2.54,126.5262857,8.623,2010,2,7,1,4,303447.57,511327.9,469563.7,1221101.5675000001,1309333.6666666667
3,2010-02-19,421642.19,0,47.07,2.514,214.6198868,7.368,2010,2,7,1,4,2049860.26,963960.37,529852.7,1085522.0225000002,1272196.9116666666
2,2010-02-19,2124451.54,0,39.69,2.514,210.9451605,8.324,2010,2,7,1,4,421642.19,1567138.07,342214.9,1224850.3900000001,1265521.4816666667
12,2010-02-19,1095421.65,0,54.83,2.915,126.5262857,13.975,2010,2,7,1,4,2124451.54,303447.57,955338.29,1422843.9100000001,1260918.0008333332
1,2010-02-19,1611968.17,0,39.93,2.514,211.2891429,8.106,2010,2,7,1,4,1095421.65,2049860.26,1075656.34,1313370.8875000002,1231059.1283333334
45,2010-02-19,841264.04,0,31.27,2.745,182.0347816,8.992,2010,2,7,1,4,1611968.17,421642.19,575709.96,1418276.35,1258934.42
24,2010-02-19,1385362.49,0,31.05,2.909,131.637,8.326,2010,2,7,1,4,841264.04,2124451.54,682918.99,1233504.0875000001,1249106.4025
44,2010-02-19,267956.3,0,35.7,2.654,126.5262857,8.119,2010,2,7,1,4,1385362.49,1095421.65,286857.13,1026637.7500000001,1095316.7125000001
43,2010-02-19,658997.55,0,48.77,2.514,203.2479796,9.521,2010,2,7,1,4,267956.3,1611968.17,583364.02,788395.0950000002,1107622.5166666666
42,2010-02-19,508794.87,0,58.22,2.915,126.5262857,9.765,2010,2,7,1,4,658997.55,841264.04,1168815.31,705277.8025000001,1069692.0583333333
41,2010-02-19,1052034.74,0,24.13,2.55,189.5340998,7.541,2010,2,7,1,4,508794.87,1385362.49,656988.64,621945.8650000002,1026766.7808333334
40,2010-02-19,916289.2,0,27.84,2.747,131.637,5.892,2010,2,7,1,4,1052034.74,267956.3,1414107.1,784029.0900000002,1077836.9166666667
23,2010-02-19,1319588.04,0,26.7,2.747,131.637,5.892,2010,2,7,1,4,916289.2,658997.55,1022571.25,949176.7125000001,1016980.8983333334
38,2010-02-19,327237.92,0,54.83,2.915,126.5262857,13.975,2010,2,7,1,4,1319588.04,508794.87,1380892.08,903787.4750000001,1009113.8758333335
37,2010-02-19,510382.5,0,45.66,2.514,210.0451024,8.554,2010,2,7,1,4,327237.92,1052034.74,1641957.44,768374.4150000002,874608.1225
36,2010-02-19,470281.03,0,45.66,2.472,210.0451024,8.554,2010,2,7,1,4,510382.5,916289.2,2137809.5,656872.3725000003,822513.0708333333
35,2010-02-19,1270658.64,0,32.44,2.745,135.4657781,9.262,2010,2,7,1,4,470281.03,1319588.04,420728.96,644640.0225000002,794070.61
39,2010-02-19,1230591.97,0,43.96,2.514,210.0451024,8.554,2010,2,7,1,4,1270658.64,327237.92,2188307.39,870478.5350000001,826514.6041666666
33,2010-02-19,296850.83,0,62.16,2.915,126.5262857,10.115,2010,2,7,1,4,1230591.97,510382.5,311825.7,817095.6175000002,735805.2991666667
32,2010-02-19,1082559.06,0,29.16,2.55,189.5340998,9.014,2010,2,7,1,4,296850.83,470281.03,1606283.86,970165.1250000001,803688.8624999999
31,2010-02-19,1473386.75,0,39.75,2.514,210.9451605,8.324,2010,2,7,1,4,1082559.06,1270658.64,524104.92,1020847.1525000002,871554.6291666668
30,2010-02-19,463513.26,0,39.75,2.514,210.9451605,8.324,2010,2,7,1,4,1473386.75,1230591.97,994801.4,829077.4750000001,867781.1616666666
29,2010-02-19,542399.07,0,31.96,2.747,131.637,10.064,2010,2,7,1,4,463513.26,296850.83,552677.48,890464.5350000003,825311.5225
28,2010-02-19,1491300.42,0,54.83,2.915,126.5262857,13.975,2010,2,7,1,4,542399.07,1082559.06,2176028.52,992649.8750000002,873229.1241666666
27,2010-02-19,1945070.33,0,32.44,2.909,135.4657781,8.237,2010,2,7,1,4,1491300.42,1473386.75,1117863.33,1110570.7700000003,925352.6483333333
26,2010-02-19,999348.55,0,22.62,2.747,131.637,8.488,2010,2,7,1,4,1945070.33,463513.26,809321.44,1244529.5925000003,981361.8675
25,2010-02-19,676260.67,0,24.16,2.745,204.4321004,8.187,2010,2,7,1,4,999348.55,542399.07,2030933.46,1277994.9925000002,995185.0483333333
34,2010-02-19,983963.07,0,38.36,2.54,126.5262857,9.521,2010,2,7,1,4,676260.67,1491300.42,1704218.84,1151160.6550000003,1037991.8850000001
16,2010-02-26,443242.17,0,18.12,2.586,189.6018023,7.039,2010,2,8,1,4,983963.07,1945070.33,682447.1,775703.6150000002,969040.5125000001
17,2010-02-26,749549.55,0,15.64,2.667,126.5522857,6.548,2010,2,8,1,4,443242.17,999348.55,472044.28,713253.8650000002,928953.6441666667
18,2010-02-26,1068157.45,0,35.42,2.753,131.686,9.202,2010,2,8,1,4,749549.55,676260.67,841951.91,811228.0600000002,993229.1958333334
23,2010-02-26,1198709.65,0,32.68,2.753,131.686,5.892,2010,2,8,1,4,1068157.45,983963.07,1187880.7,864914.7050000002,1002908.4116666666
20,2010-02-26,1898193.95,0,32.32,2.754,204.4630869,8.187,2010,2,8,1,4,1198709.65,443242.17,1536549.95,1228652.6500000001,1038309.0116666667
21,2010-02-26,749597.24,0,45.31,2.561,210.9759573,8.324,2010,2,8,1,4,1898193.95,749549.55,2109107.9,1228664.5725000002,1062149.3433333335
22,2010-02-26,899761.48,0,35.98,2.753,135.5195191,8.283,2010,2,8,1,4,749597.24,1068157.45,1574684.08,1186565.58,1091929.5441666667
19,2010-02-26,1373270.06,0,30.33,2.91,131.686,8.35,2010,2,8,1,4,899761.48,1198709.65,660838.75,1230205.6825,1082093.6808333334
15,2010-02-26,564883.2,0,29.87,2.91,131.686,8.35,2010,2,8,1,4,1373270.06,1898193.95,469868.7,896877.9950000001,967078.0866666666
5,2010-02-26,270281.63,0,46.7,2.561,211.8771468,6.566,2010,2,8,1,4,564883.2,749597.24,800714.0,777049.0925000003,906322.5099999999
13,2010-02-26,1817850.32,0,29.98,2.667,126.5522857,8.316,2010,2,8,1,4,270281.63,899761.48,988467.61,1006571.3025000002,1001454.9808333333
12,2010-02-26,1048617.17,0,50.23,2.825,126.5522857,13.975,2010,2,8,1,4,1817850.32,1373270.06,1515976.11,925408.0800000002,1006842.8224999999
11,2010-02-26,1336404.65,0,52.79,2.561,214.6475127,7.368,2010,2,8,1,4,1048617.17,564883.2,2161549.76,1118288.4425000004,1081273.0291666666
10,2010-02-26,2006774.96,0,52.77,2.825,126.5522857,9.765,2010,2,8,1,4,1336404.65,270281.63,867283.25,1552411.7750000004,1186041.8133333332
9,2010-02-26,473773.27,0,43.83,2.561,214.8780453,6.415,2010,2,8,1,4,2006774.96,1817850.32,2204556.7,1216392.5125000002,1136509.798333333
8,2010-02-26,847592.11,0,37.91,2.561,214.6940735,6.299,2010,2,8,1,4,473773.27,1048617.17,1150663.42,1166136.2475000003,1107250.0033333334
7,2010-02-26,496083.24,0,24.91,2.586,189.6018023,9.014,2010,2,8,1,4,847592.11,1336404.65,1970274.64,956055.8950000003,990407.4441666665
6,2010-02-26,1432953.21,0,47.1,2.561,212.845337,7.259,2010,2,8,1,4,496083.24,2006774.96,506760.54,812600.4575000003,1047353.775
24,2010-02-26,1158722.74,0,33.98,2.91,131.686,8.326,2010,2,8,1,4,1432953.21,473773.27,1503298.7,983837.8250000002,1068933.8800000001
14,2010-02-26,2095591.63,0,34.89,2.754,182.0774691,8.992,2010,2,8,1,4,1158722.74,847592.11,2113432.58,1295837.7050000003,1129127.3441666665
25,2010-02-26,628516.57,0,29.16,2.754,204.4630869,8.187,2010,2,8,1,4,2095591.63,496083.24,511327.9,1328946.0375,1134430.125
36,2010-02-26,447519.44,0,50.87,2.52,210.0771885,8.554,2010,2,8,1,4,628516.57,1432953.21,963960.37,1082587.5950000002,1149199.9425
27,2010-02-26,1390934.27,0,36.0,2.91,135.5195191,8.237,2010,2,8,1,4,447519.44,1158722.74,1567138.07,1140640.4775,1113623.605
2,2010-02-26,1865097.27,0,46.1,2.561,210.9759573,8.324,2010,2,8,1,4,1390934.27,2095591.63,303447.57,1083016.8875000002,1181663.6133333333
4,2010-02-26,1925728.84,0,41.36,2.59,126.5522857,8.623,2010,2,8,1,4,1865097.27,628516.57,2049860.26,1407319.9550000003,1230773.9625000001
45,2010-02-26,741891.65,0,34.89,2.754,182.0774691,8.992,2010,2,8,1,4,1925728.84,447519.44,421642.19,1480913.0075000003,1125367.02
44,2010-02-26,273079.07,0,29.98,2.667,126.5522857,8.119,2010,2,8,1,4,741891.65,1390934.27,2124451.54,1201449.2075000003,1108642.5033333334
43,2010-02-26,618702.79,0,48.77,2.561,203.2798724,9.521,2010,2,8,1,4,273079.07,1865097.27,1095421.65,889850.5875000003,1089568.3933333333
42,2010-02-26,491510.58,0,52.77,2.825,126.5522857,9.765,2010,2,8,1,4,618702.79,1925728.84,1611968.17,531296.0225000002,1089187.3383333334
41,2010-02-26,991941.73,0,21.84,2.586,189.6018023,7.541,2010,2,8,1,4,491510.58,741891.65,841264.04,593808.5425000002,1052436.3816666666
40,2010-02-26,863917.41,0,33.32,2.753,131.686,5.892,2010,2,8,1,4,991941.73,273079.07,1385362.49,741518.1275000002,1027869.2708333334
39,2010-02-26,1168582.02,0,49.79,2.561,210.0771885,8.554,2010,2,8,1,4,863917.41,618702.79,267956.3,878987.9350000002,950618.4700000001
38,2010-02-26,334222.73,0,50.23,2.825,126.5522857,13.975,2010,2,8,1,4,1168582.02,491510.58,658997.55,839665.9725000003,926093.9833333334
37,2010-02-26,513615.82,0,50.87,2.561,210.0771885,8.554,2010,2,8,1,4,334222.73,991941.73,508794.87,720084.4950000002,931602.0150000001
35,2010-02-26,1020651.74,0,36.0,2.754,135.5195191,9.262,2010,2,8,1,4,513615.82,863917.41,1052034.74,759268.0775000002,900745.1375000001
34,2010-02-26,905756.13,0,37.28,2.59,126.5522857,9.521,2010,2,8,1,4,1020651.74,1168582.02,916289.2,693561.6050000002,820800.0425
33,2010-02-26,284052.77,0,56.5,2.825,126.5522857,10.115,2010,2,8,1,4,905756.13,334222.73,1319588.04,681019.1150000002,683993.7033333334
32,2010-02-26,1053247.1,0,26.64,2.586,189.6018023,9.014,2010,2,8,1,4,284052.77,513615.82,327237.92,815926.9350000003,709939.9908333333
31,2010-02-26,1344354.41,0,45.31,2.561,210.9759573,8.324,2010,2,8,1,4,1053247.1,1020651.74,510382.5,896852.6025000003,799212.9358333334
30,2010-02-26,472330.71,0,45.31,2.561,210.9759573,8.324,2010,2,8,1,4,1344354.41,905756.13,470281.03,788496.2475000003,787015.2625000001
29,2010-02-26,488417.61,0,35.98,2.753,131.686,10.064,2010,2,8,1,4,472330.71,284052.77,1270658.64,839587.4575000003,786757.515
28,2010-02-26,1542173.33,0,50.23,2.825,126.5522857,13.975,2010,2,8,1,4,488417.61,1053247.1,1230591.97,961819.0150000002,832610.1483333334
26,2010-02-26,855385.01,0,27.32,2.753,131.686,8.488,2010,2,8,1,4,1542173.33,1344354.41,296850.83,839576.6650000003,831899.1150000001
3,2010-02-26,407204.86,0,52.05,2.561,214.6475127,7.368,2010,2,8,1,4,855385.01,472330.71,1082559.06,823295.2025000002,768451.0183333334
1,2010-02-26,1409727.59,0,46.63,2.561,211.3196429,8.106,2010,2,8,1,4,407204.86,488417.61,1473386.75,1053622.6975000002,858076.4233333333
45,2010-03-05,777951.22,0,37.13,2.777,182.1201566,8.992,2010,3,9,1,4,1409727.59,1542173.33,463513.26,862567.1700000002,880104.3733333334
25,2010-03-05,665750.06,0,29.45,2.777,204.4940734,8.187,2010,3,9,1,4,777951.22,855385.01,542399.07,815158.4325000003,850529.2333333333
26,2010-03-05,1005669.58,0,28.6,2.766,131.735,8.488,2010,3,9,1,4,665750.06,407204.86,1491300.42,964774.6125000002,858855.3541666666
27,2010-03-05,1313729.72,0,38.07,2.919,135.5732602,8.237,2010,3,9,1,4,1005669.58,1409727.59,1945070.33,940775.1450000003,944661.7666666666
28,2010-03-05,1608435.45,0,53.77,2.987,126.5782857,13.975,2010,3,9,1,4,1313729.72,777951.22,999348.55,1148396.2025000004,990927.4624999999
29,2010-03-05,535087.91,0,36.82,2.766,131.735,10.064,2010,3,9,1,4,1608435.45,665750.06,676260.67,1115730.6650000003,923488.5874999999
30,2010-03-05,472591.07,0,48.61,2.625,211.0067542,8.324,2010,3,9,1,4,535087.91,1005669.58,983963.07,982461.0375000003,923510.2841666667
31,2010-03-05,1384870.51,0,48.61,2.625,211.0067542,8.324,2010,3,9,1,4,472591.07,1313729.72,443242.17,1000246.2350000002,998214.6925
32,2010-03-05,1066566.74,0,37.72,2.62,189.6695049,9.014,2010,3,9,1,4,1384870.51,1608435.45,749549.55,864779.0575000003,958580.81
33,2010-03-05,291484.89,0,59.17,2.877,126.5782857,10.115,2010,3,9,1,4,1066566.74,535087.91,1068157.45,803878.3025000002,911589.1333333333
34,2010-03-05,918295.79,0,42.65,2.654,126.5782857,9.521,2010,3,9,1,4,291484.89,472591.07,1198709.65,915304.4825000002,954180.0441666666
35,2010-03-05,1162610.27,0,38.07,2.777,135.5732602,9.262,2010,3,9,1,4,918295.79,1384870.51,1898193.95,859739.4225000002,933586.9341666667
36,2010-03-05,480203.43,0,51.33,2.574,210.1092746,8.554,2010,3,9,1,4,1162610.27,1066566.74,749597.24,713148.5950000003,908774.6183333333
37,2010-03-05,519255.68,0,51.33,2.625,210.1092746,8.554,2010,3,9,1,4,480203.43,291484.89,899761.48,770091.2925000002,896566.7533333334
38,2010-03-05,372239.89,0,53.77,2.987,126.5782857,13.975,2010,3,9,1,4,519255.68,918295.79,1373270.06,633577.3175000002,843780.9458333334
39,2010-03-05,1266254.21,0,50.93,2.625,210.1092746,8.554,2010,3,9,1,4,372239.89,1162610.27,564883.2,659488.3025000002,839824.6533333333
40,2010-03-05,990152.28,0,34.78,2.766,131.735,5.892,2010,3,9,1,4,1266254.21,480203.43,270281.63,786975.5150000001,788301.0558333333
41,2010-03-05,1063557.49,0,32.49,2.62,189.6695049,7.541,2010,3,9,1,4,990152.28,519255.68,1817850.32,923050.9675000003,832340.1875
42,2010-03-05,554972.42,0,55.92,2.877,126.5782857,9.765,2010,3,9,1,4,1063557.49,372239.89,1048617.17,968734.1000000002,839205.2999999999
43,2010-03-05,658600.05,0,52.89,2.625,203.3117653,9.521,2010,3,9,1,4,554972.42,1266254.21,1336404.65,816820.5600000003,778682.7616666667
24,2010-03-05,1412387.37,0,36.73,2.919,131.735,8.326,2010,3,9,1,4,658600.05,990152.28,2006774.96,922379.3325000003,807501.1475
23,2010-03-05,1311175.93,0,33.15,2.766,131.735,5.892,2010,3,9,1,4,1412387.37,1063557.49,473773.27,984283.9425000004,892475.4008333334
22,2010-03-05,1009201.24,0,36.82,2.766,135.5732602,8.283,2010,3,9,1,4,1311175.93,554972.42,847592.11,1097841.1475000004,900050.8550000001
21,2010-03-05,747444.32,0,48.61,2.625,211.0067542,8.324,2010,3,9,1,4,1009201.24,658600.05,496083.24,1120052.2150000003,865453.6925
1,2010-03-05,1554806.68,0,46.5,2.625,211.3501429,8.106,2010,3,9,1,4,747444.32,1412387.37,1432953.21,1155657.0425000002,955003.9633333333
2,2010-03-05,1991013.13,0,47.17,2.625,211.0067542,8.324,2010,3,9,1,4,1554806.68,1311175.93,1158722.74,1325616.3425000003,1077650.4175
3,2010-03-05,415202.04,0,53.04,2.625,214.6751386,7.368,2010,3,9,1,4,1991013.13,1009201.24,2095591.63,1177116.5425000002,1081230.5966666667
4,2010-03-05,1971057.44,0,43.49,2.654,126.5782857,8.623,2010,3,9,1,4,415202.04,747444.32,628516.57,1483019.8225000002,1139964.1991666667
5,2010-03-05,288855.71,0,48.89,2.625,211.9071653,6.566,2010,3,9,1,4,1971057.44,1554806.68,447519.44,1166532.0800000003,1081522.8183333334
6,2010-03-05,1601348.82,0,49.63,2.625,212.8745193,7.259,2010,3,9,1,4,288855.71,1991013.13,1390934.27,1069116.0025000002,1126338.7625
7,2010-03-05,491419.55,0,35.86,2.62,189.6695049,9.014,2010,3,9,1,4,1601348.82,415202.04,1865097.27,1088170.3800000001,1121042.6900000002
8,2010-03-05,881503.95,0,45.64,2.625,214.7216592,6.299,2010,3,9,1,4,491419.55,1971057.44,1925728.84,815782.0075000003,1139618.015
9,2010-03-05,507297.88,0,48.43,2.625,214.9054721,6.415,2010,3,9,1,4,881503.95,288855.71,741891.65,870392.5500000003,1064193.8908333334
44,2010-03-05,284617.27,0,40.65,2.681,126.5782857,8.119,2010,3,9,1,4,507297.88,1601348.82,273079.07,541209.6625000002,978647.3358333333
10,2010-03-05,1987090.09,0,55.92,2.877,126.5782857,9.765,2010,3,9,1,4,284617.27,491419.55,618702.79,915127.2975000003,1060138.0733333332
12,2010-03-05,1077018.27,0,53.77,2.987,126.5782857,13.975,2010,3,9,1,4,1987090.09,881503.95,491510.58,964005.8775000002,1087602.5691666666
13,2010-03-05,1939980.43,0,40.65,2.681,126.5782857,8.316,2010,3,9,1,4,1077018.27,507297.88,991941.73,1322176.5150000001,1119700.3816666666
14,2010-03-05,2237544.75,0,37.13,2.777,182.1201566,8.992,2010,3,9,1,4,1939980.43,284617.27,863917.41,1810408.3850000002,1140244.6833333333
15,2010-03-05,605325.43,0,31.79,2.919,131.735,8.35,2010,3,9,1,4,2237544.75,1987090.09,1168582.02,1464967.2200000004,1156088.2991666668
16,2010-03-05,444181.85,0,27.92,2.62,189.6695049,7.039,2010,3,9,1,4,605325.43,1077018.27,334222.73,1306758.1150000002,1028848.6666666666
17,2010-03-05,783300.05,0,31.58,2.681,126.5782857,6.548,2010,3,9,1,4,444181.85,1939980.43,513615.82,1017588.0200000004,1070052.3616666666
18,2010-03-05,1179738.5,0,37.17,2.766,131.735,9.202,2010,3,9,1,4,783300.05,2237544.75,1020651.74,753136.4575000004,1034918.1683333333
19,2010-03-05,1495844.57,0,32.92,2.919,131.735,8.35,2010,3,9,1,4,1179738.5,605325.43,905756.13,975766.2425000004,1118620.2533333332
20,2010-03-05,2119213.72,0,31.75,2.777,204.4940734,8.187,2010,3,9,1,4,1495844.57,444181.85,284052.77,1394524.2100000004,1221762.7341666666
11,2010-03-05,1426622.65,0,53.96,2.625,214.6751386,7.368,2010,3,9,1,4,2119213.72,783300.05,1053247.1,1555354.8600000003,1298373.1316666666
2,2010-03-12,1990483.78,0,57.56,2.667,211.037551,8.324,2010,3,10,1,4,1426622.65,1179738.5,1344354.41,1758041.1800000002,1440528.6741666666
45,2010-03-12,765687.42,0,45.8,2.818,182.1628441,8.992,2010,3,10,1,4,1990483.78,1495844.57,472330.71,1575501.8925000003,1338745.1183333334
24,2010-03-12,1309340.16,0,42.31,2.938,131.784,8.326,2010,3,10,1,4,765687.42,2119213.72,488417.61,1373033.5025000002,1358105.2758333334
21,2010-03-12,712312.89,0,57.1,2.667,211.037551,8.324,2010,3,10,1,4,1309340.16,1426622.65,1542173.33,1194456.0625000002,1255799.6475000002
20,2010-03-12,2010974.84,0,43.82,2.818,204.5250598,8.187,2010,3,10,1,4,712312.89,1990483.78,855385.01,1199578.8275000001,1236918.8216666665
19,2010-03-12,1467889.2,0,39.06,2.938,131.784,8.35,2010,3,10,1,4,2010974.84,765687.42,407204.86,1375129.2725000002,1308799.1358333332
18,2010-03-12,1138800.32,0,42.39,2.805,131.784,9.202,2010,3,10,1,4,1467889.2,1309340.16,1409727.59,1332494.3125000002,1366684.0083333333
17,2010-03-12,763961.82,0,29.71,2.733,126.6042857,6.548,2010,3,10,1,4,1138800.32,712312.89,777951.22,1345406.5450000004,1365072.4891666668
16,2010-03-12,445393.74,0,28.64,2.684,189.7372075,7.039,2010,3,10,1,4,763961.82,2010974.84,665750.06,954011.2700000003,1303877.0925
15,2010-03-12,604173.59,0,41.39,2.938,131.784,8.35,2010,3,10,1,4,445393.74,1467889.2,1005669.58,738082.3675000002,1229571.1775
14,2010-03-12,2156035.06,0,45.8,2.818,182.1628441,8.992,2010,3,10,1,4,604173.59,1138800.32,1313729.72,992391.0525000002,1232639.6224999998
13,2010-03-12,1840686.94,0,37.62,2.733,126.6042857,8.316,2010,3,10,1,4,2156035.06,763961.82,1608435.45,1261572.3325000003,1267144.98
12,2010-03-12,985594.23,0,50.11,2.925,126.6042857,13.975,2010,3,10,1,4,1840686.94,445393.74,535087.91,1396622.455,1183404.1841666668
11,2010-03-12,1331883.16,0,64.1,2.667,214.7027646,7.368,2010,3,10,1,4,985594.23,604173.59,472591.07,1578549.8475000001,1230587.1624999999
10,2010-03-12,1941346.13,0,52.33,3.034,126.6042857,9.765,2010,3,10,1,4,1331883.16,2156035.06,1384870.51,1524877.6150000002,1283254.3266666667
9,2010-03-12,494145.8,0,55.76,2.667,214.932899,6.415,2010,3,10,1,4,1941346.13,1840686.94,1066566.74,1188242.3300000003,1265073.735833333
8,2010-03-12,860336.16,0,49.76,2.667,214.7492449,6.299,2010,3,10,1,4,494145.8,985594.23,291484.89,1156927.8125000002,1169187.1791666665
7,2010-03-12,480452.1,0,27.25,2.684,189.7372075,9.014,2010,3,10,1,4,860336.16,1331883.16,918295.79,944070.0475000001,1086900.7541666667
6,2010-03-12,1558621.36,0,58.82,2.667,212.9037017,7.259,2010,3,10,1,4,480452.1,1941346.13,1162610.27,848388.8550000002,1121885.8408333333
5,2010-03-12,297293.59,0,58.5,2.667,211.9371839,6.566,2010,3,10,1,4,1558621.36,494145.8,480203.43,799175.8025000003,1082996.8216666665
22,2010-03-12,967187.37,0,43.43,2.805,135.6270013,8.283,2010,3,10,1,4,297293.59,860336.16,519255.68,825888.6050000002,1126479.6241666665
23,2010-03-12,1408082.96,0,36.07,2.805,131.784,5.892,2010,3,10,1,4,967187.37,480452.1,372239.89,1057796.3200000003,1193472.0716666665
25,2010-03-12,660619.99,0,40.05,2.818,204.5250598,8.187,2010,3,10,1,4,1408082.96,1558621.36,1266254.21,833295.9775000003,1068854.1491666667
26,2010-03-12,963382.09,0,31.1,2.805,131.784,8.488,2010,3,10,1,4,660619.99,297293.59,990152.28,999818.1025000003,995745.4116666666
44,2010-03-12,272190.83,0,37.62,2.733,126.6042857,8.119,2010,3,10,1,4,963382.09,967187.37,1063557.49,826068.9675000003,936295.1283333334
43,2010-03-12,645386.94,0,53.67,2.667,203.3436582,9.521,2010,3,10,1,4,272190.83,1408082.96,554972.42,635394.9625000003,879087.11
42,2010-03-12,588363.62,0,52.33,3.034,126.6042857,9.765,2010,3,10,1,4,645386.94,660619.99,658600.05,617330.8700000002,766338.5675
41,2010-03-12,1023997.71,0,33.4,2.684,189.7372075,7.541,2010,3,10,1,4,588363.62,963382.09,1412387.37,632484.7750000003,810492.8933333334
40,2010-03-12,899352.4,0,35.1,2.805,131.784,5.892,2010,3,10,1,4,1023997.71,272190.83,1311175.93,789275.1675000002,813744.2466666667
39,2010-03-12,1244391.83,0,61.88,2.667,210.1413607,8.554,2010,3,10,1,4,899352.4,645386.94,1009201.24,939026.3900000004,877405.8908333333
38,2010-03-12,342023.92,0,50.11,2.925,126.6042857,13.975,2010,3,10,1,4,1244391.83,588363.62,747444.32,877441.4650000003,776022.7708333334
37,2010-03-12,513015.35,0,61.96,2.667,210.1413607,8.554,2010,3,10,1,4,342023.92,1023997.71,1554806.68,749695.8750000002,793999.5841666666
4,2010-03-12,1894324.09,0,49.63,2.704,126.6042857,8.623,2010,3,10,1,4,513015.35,899352.4,1991013.13,998438.7975000003,871260.9775
36,2010-03-12,441434.2,0,61.96,2.619,210.1413607,8.554,2010,3,10,1,4,1894324.09,1244391.83,415202.04,797699.3900000004,790706.9141666667
34,2010-03-12,921247.88,0,42.26,2.704,126.6042857,9.521,2010,3,10,1,4,441434.2,342023.92,1971057.44,942505.3800000004,812425.9049999999
33,2010-03-12,312161.0,0,55.61,3.034,126.6042857,10.115,2010,3,10,1,4,921247.88,513015.35,288855.71,892291.7925000003,758157.4808333333
32,2010-03-12,1093319.37,0,39.88,2.684,189.7372075,9.014,2010,3,10,1,4,312161.0,1894324.09,1601348.82,692040.6125000003,826584.8591666667
31,2010-03-12,1366193.35,0,57.1,2.667,211.037551,8.324,2010,3,10,1,4,1093319.37,441434.2,491419.55,923230.4000000004,886652.06
30,2010-03-12,468189.93,0,57.1,2.667,211.037551,8.324,2010,3,10,1,4,1366193.35,921247.88,881503.95,809965.9125000003,876637.5858333333
29,2010-03-12,519042.49,0,43.43,2.805,131.784,10.064,2010,3,10,1,4,468189.93,312161.0,507297.88,861686.2850000004,834557.9841666667
28,2010-03-12,1326877.11,0,50.11,2.925,126.6042857,13.975,2010,3,10,1,4,519042.49,1093319.37,284617.27,920075.7200000003,870185.0433333333
27,2010-03-12,1925113.12,0,45.98,2.938,135.6270013,8.237,2010,3,10,1,4,1326877.11,1366193.35,1987090.09,1059805.6625000003,926911.8175
35,2010-03-12,1150344.39,0,45.98,2.818,135.6270013,9.262,2010,3,10,1,4,1925113.12,468189.93,1077018.27,1230344.2775000003,994271.8566666668
3,2010-03-12,384200.69,0,63.08,2.667,214.7027646,7.368,2010,3,10,1,4,1150344.39,519042.49,1939980.43,1196633.8275000001,983537.3016666668
1,2010-03-12,1439541.59,0,57.79,2.667,211.3806429,8.106,2010,3,10,1,4,384200.69,1326877.11,2237544.75,1224799.9475000002,945638.7600000001
45,2010-03-19,773819.49,0,48.79,2.844,182.0779857,8.992,2010,3,11,1,4,1439541.59,1925113.12,605325.43,936976.5400000003,973337.5341666667
25,2010-03-19,659795.84,0,45.0,2.844,204.3782258,8.187,2010,3,11,1,4,773819.49,1150344.39,444181.85,814339.4025000003,951549.8641666668
26,2010-03-19,903366.55,0,35.34,2.834,131.8242903,8.488,2010,3,11,1,4,659795.84,384200.69,783300.05,944130.8675000003,1000816.9933333333
27,2010-03-19,1700627.97,0,49.04,2.96,135.6682247,8.237,2010,3,11,1,4,903366.55,1439541.59,1179738.5,1009402.4625000003,1051426.0433333332
28,2010-03-19,1279819.43,0,59.57,3.054,126.6066452,13.975,2010,3,11,1,4,1700627.97,773819.49,1495844.57,1135902.4475000002,1044228.2166666667
29,2010-03-19,496851.6,0,46.03,2.834,131.8242903,10.064,2010,3,11,1,4,1279819.43,659795.84,2119213.72,1095166.3875000004,1046616.6891666666
30,2010-03-19,445736.36,0,54.68,2.72,210.8733316,8.324,2010,3,11,1,4,496851.6,903366.55,1426622.65,980758.8400000003,1040507.8450000001
31,2010-03-19,1332261.01,0,54.68,2.72,210.8733316,8.324,2010,3,11,1,4,445736.36,1700627.97,1990483.78,888667.1000000003,1040956.5033333334
32,2010-03-19,1059781.78,0,42.43,2.692,189.734262,9.014,2010,3,11,1,4,1332261.01,1279819.43,765687.42,833657.6875000005,968845.5583333332
33,2010-03-19,282235.73,0,64.6,3.054,126.6066452,10.115,2010,3,11,1,4,1059781.78,496851.6,1309340.16,780003.7200000004,896503.1699999999
34,2010-03-19,892070.82,0,45.86,2.743,126.6066452,9.521,2010,3,11,1,4,282235.73,445736.36,712312.89,891587.3350000003,938825.6808333333
35,2010-03-19,1117536.09,0,49.04,2.844,135.6682247,9.262,2010,3,11,1,4,892070.82,1332261.01,2010974.84,837906.1050000003,911991.8891666667
36,2010-03-19,428851.99,0,59.56,2.701,209.9803208,8.554,2010,3,11,1,4,1117536.09,1059781.78,1467889.2,680173.6575000004,883244.5975
37,2010-03-19,460020.74,0,59.56,2.72,209.9803208,8.554,2010,3,11,1,4,428851.99,282235.73,1138800.32,724619.9100000003,866596.6725
38,2010-03-19,333025.47,0,59.57,3.054,126.6066452,13.975,2010,3,11,1,4,460020.74,892070.82,763961.82,584858.5725000002,819068.2491666666
39,2010-03-19,1301590.13,0,58.62,2.72,209.9803208,8.554,2010,3,11,1,4,333025.47,1117536.09,445393.74,630872.0825000003,785815.0958333333
40,2010-03-19,894865.3,0,40.54,2.834,131.8242903,5.892,2010,3,11,1,4,1301590.13,428851.99,604173.59,747375.4100000004,753735.585
41,2010-03-19,1006597.69,0,36.7,2.692,189.734262,7.541,2010,3,11,1,4,894865.3,460020.74,2156035.06,884019.6475000002,796214.4258333333
42,2010-03-19,519914.1,0,61.46,3.054,126.6066452,9.765,2010,3,11,1,4,1006597.69,333025.47,1840686.94,930741.8050000003,802395.9041666667
43,2010-03-19,668098.49,0,56.0,2.72,203.195159,9.521,2010,3,11,1,4,519914.1,1301590.13,985594.23,772368.8950000004,747049.0275
24,2010-03-19,1222511.29,0,46.09,2.96,131.8242903,8.326,2010,3,11,1,4,668098.49,894865.3,1331883.16,854280.3925000003,760609.82
44,2010-03-19,269624.2,0,42.49,2.782,126.6066452,8.119,2010,3,11,1,4,1222511.29,1006597.69,1941346.13,670037.0200000005,759558.8591666665
23,2010-03-19,1229008.32,0,43.01,2.834,131.8242903,5.892,2010,3,11,1,4,269624.2,519914.1,494145.8,847310.5750000004,787636.9841666667
21,2010-03-19,727070.0,0,54.68,2.72,210.8733316,8.324,2010,3,11,1,4,1229008.32,668098.49,860336.16,862053.4525000004,755098.1433333334
2,2010-03-19,1946070.88,0,54.52,2.72,210.8733316,8.324,2010,3,11,1,4,727070.0,1222511.29,480452.1,1042943.3500000003,881533.0508333333
3,2010-03-19,375328.59,0,60.42,2.72,214.5301219,7.368,2010,3,11,1,4,1946070.88,269624.2,1558621.36,1069369.4475000002,874475.3716666666
4,2010-03-19,1897429.36,0,55.19,2.743,126.6066452,8.623,2010,3,11,1,4,375328.59,1229008.32,297293.59,1236474.7075000005,1004842.3624999999
5,2010-03-19,281706.41,0,55.46,2.72,211.770897,6.566,2010,3,11,1,4,1897429.36,727070.0,967187.37,1125133.8100000003,919852.0525000001
6,2010-03-19,1693058.91,0,56.55,2.72,212.7351935,7.259,2010,3,11,1,4,281706.41,1946070.88,1408082.96,1061880.8175000004,986368.1866666665
7,2010-03-19,574450.23,0,29.04,2.692,189.734262,9.014,2010,3,11,1,4,1693058.91,375328.59,660619.99,1111661.2275000005,950355.8983333333
8,2010-03-19,839911.0,0,47.26,2.72,214.5764954,6.299,2010,3,11,1,4,574450.23,1897429.36,963382.09,847281.6375000003,977022.3066666666
9,2010-03-19,485744.61,0,53.15,2.72,214.7597274,6.415,2010,3,11,1,4,839911.0,281706.41,272190.83,898291.1875000002,961826.15
10,2010-03-19,1946875.06,0,61.46,3.054,126.6066452,9.765,2010,3,11,1,4,485744.61,1693058.91,645386.94,961745.2250000003,1022189.7975
11,2010-03-19,1364207.0,0,61.51,2.72,214.5301219,7.368,2010,3,11,1,4,1946875.06,574450.23,588363.62,1159184.4175000004,1113405.0308333333
12,2010-03-19,972088.34,0,59.57,3.054,126.6066452,13.975,2010,3,11,1,4,1364207.0,839911.0,1023997.71,1192228.7525000004,1091995.0325
13,2010-03-19,1879794.89,0,42.49,2.782,126.6066452,8.316,2010,3,11,1,4,972088.34,485744.61,899352.4,1540741.3225000002,1188055.44
14,2010-03-19,2066219.3,0,48.79,2.844,182.0779857,8.992,2010,3,11,1,4,1879794.89,1946875.06,1244391.83,1570577.3825000003,1198067.8083333333
15,2010-03-19,593710.67,0,44.69,2.96,131.8242903,8.35,2010,3,11,1,4,2066219.3,1364207.0,342023.92,1377953.3000000003,1216266.3150000002
16,2010-03-19,504307.35,0,33.45,2.692,189.734262,7.039,2010,3,11,1,4,593710.67,972088.34,513015.35,1261008.0525000005,1100172.8141666667
17,2010-03-19,752034.52,0,33.96,2.782,126.6066452,6.548,2010,3,11,1,4,504307.35,1879794.89,1894324.09,979067.9600000004,1139366.8233333332
18,2010-03-19,1087507.47,0,45.42,2.834,131.8242903,9.202,2010,3,11,1,4,752034.52,2066219.3,441434.2,734390.0025000004,1088904.2033333334
19,2010-03-19,1332940.35,0,43.74,2.96,131.8242903,8.35,2010,3,11,1,4,1087507.47,593710.67,921247.88,919197.4225000003,1152111.7133333334
20,2010-03-19,1951848.43,0,47.32,2.844,204.3782258,8.187,2010,3,11,1,4,1332940.35,504307.35,312161.0,1281082.6925000004,1244773.1658333333
22,2010-03-19,966145.09,0,46.03,2.834,135.6682247,8.283,2010,3,11,1,4,1951848.43,752034.52,1093319.37,1334610.3350000004,1284806.5391666666
1,2010-03-19,1472515.79,0,54.58,2.72,211.215635,8.106,2010,3,11,1,4,966145.09,1087507.47,1366193.35,1430862.4150000003,1245276.6
2,2010-03-26,1750197.81,0,51.26,2.732,210.6766095,8.324,2010,3,12,1,4,1472515.79,1332940.35,468189.93,1535176.7800000003,1277442.5008333335
7,2010-03-26,514731.6,0,23.33,2.717,189.7195417,9.014,2010,3,12,1,4,1750197.81,1951848.43,519042.49,1175897.5725000002,1239329.4391666667
30,2010-03-26,442457.35,0,51.66,2.732,210.6766095,8.324,2010,3,12,1,4,514731.6,966145.09,1326877.11,1044975.6375000004,1119551.3108333333
31,2010-03-26,1229635.7,0,51.66,2.732,210.6766095,8.324,2010,3,12,1,4,442457.35,1472515.79,1925113.12,984255.6150000003,1049836.0108333332
32,2010-03-26,1076021.58,0,36.59,2.717,189.7195417,9.014,2010,3,12,1,4,1229635.7,1750197.81,1150344.39,815711.5575000003,1090028.5866666667
33,2010-03-26,262893.76,0,64.09,2.98,126.6050645,10.115,2010,3,12,1,4,1076021.58,514731.6,384200.69,752752.0975000004,1069910.7874999999
34,2010-03-26,880742.35,0,42.91,2.752,126.6050645,9.521,2010,3,12,1,4,262893.76,442457.35,1439541.59,862323.3475000004,1080636.4400000002
35,2010-03-26,1078900.44,0,52.34,2.854,135.7073618,9.262,2010,3,12,1,4,880742.35,1229635.7,773819.49,824639.5325000003,1079919.1875
36,2010-03-26,404438.51,0,55.76,2.711,209.7870932,8.554,2010,3,12,1,4,1078900.44,1076021.58,659795.84,656743.7650000004,1002544.0341666667
37,2010-03-26,515777.97,0,55.76,2.732,209.7870932,8.554,2010,3,12,1,4,404438.51,262893.76,903366.55,719964.8175000004,882871.4958333332
29,2010-03-26,552985.34,0,48.56,2.831,131.863129,10.064,2010,3,12,1,4,515777.97,880742.35,1700627.97,638025.5650000003,848441.5166666667
38,2010-03-26,335858.11,0,60.06,3.083,126.6050645,13.975,2010,3,12,1,4,552985.34,1078900.44,1279819.43,452264.98250000033,753720.0433333333
40,2010-03-26,873354.58,0,39.51,2.831,131.863129,5.892,2010,3,12,1,4,335858.11,404438.51,496851.6,569494.0000000003,680649.7741666667
41,2010-03-26,1015196.46,0,32.3,2.717,189.7195417,7.541,2010,3,12,1,4,873354.58,515777.97,445736.36,694348.6225000003,722355.1791666667
42,2010-03-26,478021.68,0,60.05,2.98,126.6050645,9.765,2010,3,12,1,4,1015196.46,552985.34,1332261.01,675607.7075000004,725318.8733333332
43,2010-03-26,623097.93,0,54.53,2.732,203.0165945,9.521,2010,3,12,1,4,478021.68,335858.11,1059781.78,747417.6625000003,674774.0591666667
44,2010-03-26,276279.49,0,41.48,2.819,126.6050645,8.119,2010,3,12,1,4,623097.93,873354.58,282235.73,598148.8900000004,608128.8849999999
45,2010-03-26,782563.38,0,54.36,2.854,181.9718697,8.992,2010,3,12,1,4,276279.49,1015196.46,892070.82,539990.6200000003,651434.6866666666
3,2010-03-26,359949.27,0,57.06,2.732,214.3241011,7.368,2010,3,12,1,4,782563.38,478021.68,1117536.09,510472.5175000003,608035.2633333333
1,2010-03-26,1404429.92,0,51.45,2.732,211.0180424,8.106,2010,3,12,1,4,359949.27,623097.93,428851.99,705805.5150000004,635162.7200000001
39,2010-03-26,1235094.66,0,54.83,2.732,209.7870932,8.554,2010,3,12,1,4,1404429.92,276279.49,460020.74,945509.3075000002,704384.0658333333
28,2010-03-26,1245268.77,0,60.06,3.083,126.6050645,13.975,2010,3,12,1,4,1235094.66,782563.38,333025.47,1061185.6550000003,765174.9658333333
27,2010-03-26,1836714.84,0,52.34,2.963,135.7073618,8.237,2010,3,12,1,4,1245268.77,359949.27,1301590.13,1430377.0475000003,872152.4241666667
26,2010-03-26,893613.0,0,35.26,2.831,131.863129,8.488,2010,3,12,1,4,1836714.84,1404429.92,894865.3,1302672.8175000004,918631.9983333334
8,2010-03-26,772539.12,0,46.51,2.732,214.3703567,6.299,2010,3,12,1,4,893613.0,1235094.66,1006597.69,1187033.9325000003,910230.71
9,2010-03-26,484946.56,0,51.8,2.732,214.5531227,6.415,2010,3,12,1,4,772539.12,1245268.77,519914.1,996953.3800000004,866043.2183333333
10,2010-03-26,1893532.46,0,60.05,2.98,126.6050645,9.765,2010,3,12,1,4,484946.56,1836714.84,668098.49,1011157.7850000003,984002.4500000001
11,2010-03-26,1245624.27,0,58.09,2.732,214.3241011,7.368,2010,3,12,1,4,1893532.46,893613.0,1222511.29,1099160.6025000003,1035879.645
12,2010-03-26,981615.81,0,60.06,3.083,126.6050645,13.975,2010,3,12,1,4,1245624.27,772539.12,269624.2,1151429.7750000004,1094657.6716666666
13,2010-03-26,1882095.98,0,41.48,2.819,126.6050645,8.316,2010,3,12,1,4,981615.81,484946.56,1229008.32,1500717.1300000004,1186285.3883333332
14,2010-03-26,2050396.27,0,54.36,2.854,181.9718697,8.992,2010,3,12,1,4,1882095.98,1893532.46,727070.0,1539933.0825000003,1327155.9716666667
15,2010-03-26,592111.49,0,39.53,2.963,131.863129,8.35,2010,3,12,1,4,2050396.27,1245624.27,1946070.88,1376554.8875000004,1259462.7691666668
16,2010-03-26,483177.2,0,29.88,2.717,189.7195417,7.039,2010,3,12,1,4,592111.49,981615.81,375328.59,1251945.2350000003,1196802.9808333332
17,2010-03-26,793097.64,0,35.59,2.819,126.6050645,6.548,2010,3,12,1,4,483177.2,1882095.98,1897429.36,979695.6500000004,1159122.0533333335
18,2010-03-26,1092704.09,0,47.55,2.831,131.863129,9.202,2010,3,12,1,4,793097.64,2050396.27,281706.41,740272.6050000003,1097121.1575
19,2010-03-26,1427023.45,0,39.07,2.963,131.863129,8.35,2010,3,12,1,4,1092704.09,592111.49,1693058.91,949000.5950000004,1141572.0283333333
20,2010-03-26,1894742.95,0,50.49,2.854,204.201755,8.187,2010,3,12,1,4,1427023.45,483177.2,574450.23,1301892.0325000002,1235089.014166667
21,2010-03-26,686497.53,0,51.66,2.732,210.6766095,8.324,2010,3,12,1,4,1894742.95,793097.64,839911.0,1275242.0050000001,1251884.9283333335
22,2010-03-26,1012075.12,0,48.56,2.831,135.7073618,8.283,2010,3,12,1,4,686497.53,1092704.09,485744.61,1255084.7625000002,1178430.15
23,2010-03-26,1310701.8,0,38.59,2.831,131.863129,5.892,2010,3,12,1,4,1012075.12,1427023.45,1946875.06,1226004.3500000003,1183853.2775
24,2010-03-26,1258311.56,0,48.87,2.963,131.863129,8.326,2010,3,12,1,4,1310701.8,1894742.95,1364207.0,1066896.5025000004,1206911.2566666666
25,2010-03-26,696687.6,0,45.84,2.854,204.201755,8.187,2010,3,12,1,4,1258311.56,686497.53,972088.34,1069444.0200000003,1108127.225
4,2010-03-26,1762539.3,0,39.91,2.752,126.6050645,8.623,2010,3,12,1,4,696687.6,1012075.12,1879794.89,1257060.0650000004,1084139.1441666668
6,2010-03-26,1472033.38,0,53.74,2.732,212.533737,7.259,2010,3,12,1,4,1762539.3,1310701.8,2066219.3,1297392.9600000004,1157465.9683333335
5,2010-03-26,273282.97,0,52.47,2.732,211.5718925,6.566,2010,3,12,1,4,1472033.38,1258311.56,593710.67,1051135.8125000002,1139974.7825
45,2010-04-02,877235.96,0,47.74,2.85,181.8657537,8.899,2010,4,13,2,4,273282.97,696687.6,504307.35,1096272.9025000003,1146986.3091666666
43,2010-04-02,650102.8,0,62.19,2.719,202.83803,9.593,2010,4,13,2,4,877235.96,1762539.3,752034.52,818163.7775000003,1110102.8683333334
24,2010-04-02,1478321.26,0,45.22,2.957,131.9019677,8.211,2010,4,13,2,4,650102.8,1472033.38,1087507.47,819735.7475000003,1114377.6858333333
25,2010-04-02,822486.37,0,47.2,2.85,204.0252842,7.856,2010,4,13,2,4,1478321.26,273282.97,1332940.35,957036.5975000004,1025022.9708333333
26,2010-04-02,1029849.2,0,36.53,2.826,131.9019677,8.512,2010,4,13,2,4,822486.37,877235.96,1951848.43,995189.9075000004,1053635.61
27,2010-04-02,2053952.97,0,46.9,2.957,135.7464988,8.058,2010,4,13,2,4,1029849.2,650102.8,966145.09,1346152.4500000002,1140458.7641666667
28,2010-04-02,1441559.4,0,59.84,3.086,126.6034839,14.099,2010,4,13,2,4,2053952.97,1478321.26,1472515.79,1336961.9850000003,1151363.5641666667
29,2010-04-02,599629.25,0,44.96,2.826,131.9019677,10.16,2010,4,13,2,4,1441559.4,822486.37,1750197.81,1281247.7050000003,1096473.3716666666
30,2010-04-02,457884.06,0,64.12,2.719,210.4798874,8.2,2010,4,13,2,4,599629.25,1029849.2,514731.6,1138256.4200000002,1076573.0766666667
31,2010-04-02,1357600.68,0,64.12,2.719,210.4798874,8.2,2010,4,13,2,4,457884.06,2053952.97,442457.35,964168.3475000004,1042828.1916666668
32,2010-04-02,1131732.94,0,48.28,2.725,189.7048215,8.963,2010,4,13,2,4,1357600.68,1441559.4,1229635.7,886711.7325000004,1014469.8216666667
33,2010-04-02,274634.52,0,66.79,3.086,126.6034839,9.849,2010,4,13,2,4,1131732.94,599629.25,1076021.58,805463.0500000003,1014582.4508333332
34,2010-04-02,979428.66,0,50.07,2.74,126.6034839,9.593,2010,4,13,2,4,274634.52,457884.06,262893.76,935849.2000000003,1023098.5091666667
35,2010-04-02,1189556.47,0,46.9,2.85,135.7464988,9.051,2010,4,13,2,4,979428.66,1357600.68,880742.35,893838.1475000003,1068052.9816666667
36,2010-04-02,435972.82,0,63.43,2.708,209.5938656,8.464,2010,4,13,2,4,1189556.47,1131732.94,1078900.44,719898.1175000003,981190.6116666667
37,2010-04-02,540189.7,0,63.43,2.719,209.5938656,8.464,2010,4,13,2,4,435972.82,274634.52,404438.51,786286.9125000003,957665.8891666667
38,2010-04-02,368929.55,0,59.84,3.086,126.6034839,14.099,2010,4,13,2,4,540189.7,979428.66,515777.97,633662.1350000004,902589.2516666666
39,2010-04-02,1463942.62,0,63.31,2.719,209.5938656,8.464,2010,4,13,2,4,368929.55,1189556.47,552985.34,702258.6725000003,853421.7225
40,2010-04-02,1041202.13,0,41.39,2.826,131.9019677,5.435,2010,4,13,2,4,1463942.62,435972.82,335858.11,853566.0000000005,820058.6166666667
41,2010-04-02,1168826.39,0,41.31,2.725,189.7048215,7.363,2010,4,13,2,4,1041202.13,540189.7,873354.58,1010725.1725000003,867491.7116666666
44,2010-04-02,286197.5,0,42.15,2.842,126.6034839,7.972,2010,4,13,2,4,1168826.39,368929.55,1015196.46,990042.1600000004,853184.4983333334
23,2010-04-02,1556627.62,0,40.5,2.826,131.9019677,5.435,2010,4,13,2,4,286197.5,1463942.62,478021.68,1013213.4100000004,869770.0766666667
22,2010-04-02,1177340.99,0,44.96,2.826,135.7464988,8.348,2010,4,13,2,4,1556627.62,1041202.13,623097.93,1047248.1250000002,873570.7475
42,2010-04-02,505907.41,0,63.66,3.086,126.6034839,9.524,2010,4,13,2,4,1177340.99,1168826.39,276279.49,881518.3800000004,892843.4883333334
20,2010-04-02,2405395.22,0,51.0,2.85,204.0252842,7.856,2010,4,13,2,4,505907.41,286197.5,782563.38,1411317.8100000005,1011674.0350000001
21,2010-04-02,753664.12,0,64.12,2.719,210.4798874,8.2,2010,4,13,2,4,2405395.22,1556627.62,359949.27,1210576.9350000003,975349.6725
1,2010-04-02,1594968.28,0,62.27,2.719,210.8204499,7.808,2010,4,13,2,4,753664.12,1177340.99,1404429.92,1314983.7575000003,1071932.6275
2,2010-04-02,2066187.72,0,63.27,2.719,210.4798874,8.2,2010,4,13,2,4,1594968.28,505907.41,1235094.66,1705053.8350000002,1199099.1291666667
3,2010-04-02,423294.4,0,65.56,2.719,214.1180803,7.343,2010,4,13,2,4,2066187.72,2405395.22,1245268.77,1209528.6300000004,1203629.5333333334
4,2010-04-02,1979247.12,0,48.77,2.74,126.6034839,7.896,2010,4,13,2,4,423294.4,753664.12,1836714.84,1515924.3800000004,1246571.575
5,2010-04-02,331406.0,0,63.18,2.719,211.372888,6.465,2010,4,13,2,4,1979247.12,1594968.28,893613.0,1200033.8100000005,1187421.8975
7,2010-04-02,561145.14,0,38.26,2.725,189.7048215,8.963,2010,4,13,2,4,331406.0,2066187.72,772539.12,823773.1650000004,1136781.7933333332
8,2010-04-02,914500.91,0,60.18,2.719,214.164218,6.29,2010,4,13,2,4,561145.14,423294.4,484946.56,946574.7925000004,1189140.4108333334
9,2010-04-02,545206.32,0,65.21,2.719,214.3465181,6.384,2010,4,13,2,4,914500.91,1979247.12,1893532.46,588064.5925000004,1104855.3025
6,2010-04-02,1770333.9,0,64.94,2.719,212.3322805,7.092,2010,4,13,2,4,545206.32,331406.0,1245624.27,947796.5675000004,1154271.3783333332
11,2010-04-02,1446210.26,0,66.16,2.719,214.1180803,7.343,2010,4,13,2,4,1770333.9,561145.14,981615.81,1169062.8475000004,1232629.9491666667
12,2010-04-02,1011822.3,0,59.84,3.086,126.6034839,14.099,2010,4,13,2,4,1446210.26,914500.91,1882095.98,1193393.1950000003,1116498.8725
13,2010-04-02,2142482.14,0,42.15,2.842,126.6034839,8.107,2010,4,13,2,4,1011822.3,545206.32,2050396.27,1592712.1500000004,1232233.7075
19,2010-04-02,1642970.27,0,45.26,2.957,131.9019677,8.185,2010,4,13,2,4,2142482.14,1770333.9,592111.49,1560871.2425000004,1236233.8733333333
14,2010-04-02,2495630.51,0,47.74,2.85,181.8657537,8.899,2010,4,13,2,4,1642970.27,1446210.26,483177.2,1823226.3050000004,1272020.7725
15,2010-04-02,718470.71,0,45.27,2.957,131.9019677,8.185,2010,4,13,2,4,2495630.51,1011822.3,793097.64,1749888.4075000004,1296618.7983333333
16,2010-04-02,490503.69,0,36.19,2.725,189.7048215,6.842,2010,4,13,2,4,718470.71,2142482.14,1092704.09,1336893.7950000004,1172556.8458333334
17,2010-04-02,848521.17,0,36.94,2.842,126.6034839,6.635,2010,4,13,2,4,490503.69,1642970.27,1427023.45,1138281.5200000003,1215649.7766666666
18,2010-04-02,1254107.84,0,45.63,2.826,131.9019677,9.269,2010,4,13,2,4,848521.17,2495630.51,1894742.95,827900.8525000004,1273396.6683333332
10,2010-04-02,2138651.97,0,63.66,3.086,126.6034839,9.524,2010,4,13,2,4,1254107.84,718470.71,686497.53,1182946.1675000004,1375409.2566666666
32,2010-04-09,1095889.22,0,44.88,2.75,189.6901012,8.963,2010,4,14,2,4,2138651.97,490503.69,1012075.12,1334292.5500000003,1421299.4983333333
31,2010-04-09,1395710.09,0,65.74,2.77,210.2831653,8.2,2010,4,14,2,4,1095889.22,848521.17,1310701.8,1471089.7800000003,1390080.8475000001
30,2010-04-09,454800.96,0,65.74,2.77,210.2831653,8.2,2010,4,14,2,4,1395710.09,1254107.84,1258311.56,1271263.0600000005,1307463.4058333333
26,2010-04-09,1022293.81,0,50.13,2.849,131.9408065,8.512,2010,4,14,2,4,454800.96,2138651.97,696687.6,992173.5200000004,1308336.0316666667
28,2010-04-09,1382359.21,0,59.25,3.09,126.6019032,14.099,2010,4,14,2,4,1022293.81,1095889.22,1762539.3,1063791.0175000003,1244992.4541666666
27,2010-04-09,1955814.13,0,62.62,2.992,135.7856359,8.058,2010,4,14,2,4,1382359.21,1395710.09,1472033.38,1203817.0275000003,1271062.7758333334
33,2010-04-09,325201.05,0,68.43,3.004,126.6019032,9.849,2010,4,14,2,4,1955814.13,454800.96,273282.97,1171417.0500000003,1090193.6541666668
29,2010-04-09,569937.23,0,57.06,2.849,131.9408065,10.16,2010,4,14,2,4,325201.05,1022293.81,877235.96,1058327.9050000003,1077815.8641666665
34,2010-04-09,950684.2,0,51.26,2.773,126.6019032,9.593,2010,4,14,2,4,569937.23,1382359.21,650102.8,950409.1525000003,1116164.24
44,2010-04-09,257361.3,0,38.97,2.877,126.6019032,7.972,2010,4,14,2,4,950684.2,1955814.13,1478321.26,525795.9450000003,1066900.9175
36,2010-04-09,453016.91,0,68.54,2.743,209.400638,8.464,2010,4,14,2,4,257361.3,325201.05,822486.37,557749.9100000004,1000143.34
37,2010-04-09,513327.55,0,68.54,2.77,209.400638,8.464,2010,4,14,2,4,453016.91,569937.23,1029849.2,543597.4900000003,864699.6383333333
38,2010-04-09,341630.46,0,59.25,3.09,126.6019032,14.099,2010,4,14,2,4,513327.55,950684.2,2053952.97,391334.05500000034,801844.7416666666
39,2010-04-09,1327035.27,0,68.15,2.77,209.400638,8.464,2010,4,14,2,4,341630.46,257361.3,1441559.4,658752.5475000003,796121.84
40,2010-04-09,919839.19,0,54.31,2.849,131.9408065,5.435,2010,4,14,2,4,1327035.27,453016.91,599629.25,775458.1175000003,834875.0258333334
41,2010-04-09,1082158.21,0,37.3,2.75,189.6901012,7.363,2010,4,14,2,4,919839.19,513327.55,457884.06,917665.7825000003,839863.7258333332
42,2010-04-09,582552.26,0,65.29,3.004,126.6019032,9.524,2010,4,14,2,4,1082158.21,341630.46,1357600.68,977896.2325000004,773213.1466666668
43,2010-04-09,693058.34,0,64.37,2.77,202.6594654,9.593,2010,4,14,2,4,582552.26,1327035.27,1131732.94,819402.0000000003,667983.4974999999
25,2010-04-09,712647.97,0,61.36,2.869,203.8488134,7.856,2010,4,14,2,4,693058.34,919839.19,274634.52,767604.1950000003,700270.7408333333
35,2010-04-09,1198014.97,0,62.62,2.869,135.7856359,9.051,2010,4,14,2,4,712647.97,1082158.21,979428.66,796568.3850000004,752610.5524999999
24,2010-04-09,1379579.63,0,62.06,2.992,131.9408065,8.211,2010,4,14,2,4,1198014.97,582552.26,1189556.47,995825.2275000003,788351.8383333334
13,2010-04-09,1898321.33,0,38.97,2.877,126.6019032,8.107,2010,4,14,2,4,1379579.63,693058.34,435972.82,1297140.9750000003,925098.5075
22,2010-04-09,1033171.07,0,57.06,2.849,135.7856359,8.348,2010,4,14,2,4,1898321.33,712647.97,540189.7,1377271.7500000005,973444.6875
1,2010-04-09,1545418.53,0,65.86,2.77,210.6228574,7.808,2010,4,14,2,4,1033171.07,1198014.97,368929.55,1464122.6400000001,1059452.2691666668
45,2010-04-09,833782.7,0,65.45,2.869,181.7596377,8.899,2010,4,14,2,4,1545418.53,1379579.63,1463942.62,1327673.4075000004,1100464.9558333333
3,2010-04-09,415870.28,0,68.0,2.77,213.9120595,7.343,2010,4,14,2,4,833782.7,1898321.33,1041202.13,957060.6450000004,1024534.54
4,2010-04-09,1818452.72,0,54.16,2.773,126.6019032,7.896,2010,4,14,2,4,415870.28,1033171.07,1168826.39,1153381.0575000003,1099419.0008333332
5,2010-04-09,328020.49,0,65.19,2.77,211.1738835,6.465,2010,4,14,2,4,1818452.72,1545418.53,286197.5,849031.5475000003,1036574.1908333333
6,2010-04-09,1667181.82,0,66.15,2.77,212.1308239,7.092,2010,4,14,2,4,328020.49,833782.7,1556627.62,1057381.3275000004,1126959.9875
7,2010-04-09,484263.25,0,33.79,2.75,189.6901012,8.963,2010,4,14,2,4,1667181.82,415870.28,1177340.99,1074479.5700000003,1109560.3966666667
8,2010-04-09,916033.92,0,59.25,2.77,213.9580793,6.29,2010,4,14,2,4,484263.25,1818452.72,505907.41,848874.8700000005,1126509.2258333333
9,2010-04-09,529384.31,0,64.95,2.77,214.1399135,6.384,2010,4,14,2,4,916033.92,328020.49,2405395.22,899215.8250000004,1070790.0041666667
23,2010-04-09,1264434.7,0,56.82,2.849,131.9408065,5.435,2010,4,14,2,4,529384.31,1667181.82,753664.12,798529.0450000004,1061194.5933333333
10,2010-04-09,2041069.37,0,65.29,3.004,126.6019032,9.524,2010,4,14,2,4,1264434.7,484263.25,1594968.28,1187730.5750000004,1073090.2633333334
12,2010-04-09,1041238.87,0,59.25,3.09,126.6019032,14.099,2010,4,14,2,4,2041069.37,916033.92,2066187.72,1219031.8125000005,1073762.5799999998
14,2010-04-09,2258781.28,0,65.45,2.869,181.7596377,8.899,2010,4,14,2,4,1041238.87,529384.31,423294.4,1651381.0550000002,1133209.4758333333
15,2010-04-09,634605.77,0,57.77,2.992,131.9408065,8.185,2010,4,14,2,4,2258781.28,1264434.7,1979247.12,1493923.8225000002,1116611.3983333334
16,2010-04-09,424083.99,0,34.21,2.75,189.6901012,6.842,2010,4,14,2,4,634605.77,2041069.37,331406.0,1089677.4775000003,1117295.8741666668
17,2010-04-09,770228.02,0,34.05,2.877,126.6019032,6.635,2010,4,14,2,4,424083.99,1041238.87,561145.14,1021924.7650000001,1029943.8158333334
18,2010-04-09,1174447.55,0,59.91,2.849,131.9408065,9.269,2010,4,14,2,4,770228.02,2258781.28,914500.91,750841.3325000003,1100479.4041666668
19,2010-04-09,1489613.32,0,55.66,2.992,131.9408065,8.185,2010,4,14,2,4,1174447.55,634605.77,545206.32,964593.2200000002,1085682.0291666666
20,2010-04-09,2007796.26,0,65.1,2.869,203.8488134,7.856,2010,4,14,2,4,1489613.32,424083.99,1770333.9,1360521.2875,1212643.1133333333
21,2010-04-09,751181.4,0,65.74,2.77,210.2831653,8.2,2010,4,14,2,4,2007796.26,770228.02,1446210.26,1355759.6325000003,1198905.4033333333
11,2010-04-09,1470308.32,0,69.57,2.77,213.9120595,7.343,2010,4,14,2,4,751181.4,1174447.55,1011822.3,1429724.8250000002,1277315.7375
2,2010-04-09,1954689.21,0,65.41,2.77,210.2831653,8.2,2010,4,14,2,4,1470308.32,1489613.32,2142482.14,1545993.7975000003,1334836.9466666668
3,2010-04-16,354993.26,0,66.98,2.808,213.7726889,7.343,2010,4,15,2,4,1954689.21,2007796.26,1642970.27,1132793.0475000003,1194330.6041666667
1,2010-04-16,1466058.28,0,66.32,2.808,210.4887,7.808,2010,4,15,2,4,354993.26,751181.4,2495630.51,1311512.2675000003,1229732.2216666667
21,2010-04-16,716026.51,0,67.87,2.808,210.1495463,8.2,2010,4,15,2,4,1466058.28,1470308.32,718470.71,1122941.8150000002,1101169.3241666665
20,2010-04-16,1985784.59,0,55.43,2.899,203.7307486,7.856,2010,4,15,2,4,716026.51,1954689.21,490503.69,1130715.6600000001,1213767.5591666668
19,2010-04-16,1460354.67,0,49.67,3.01,131.9809,8.185,2010,4,15,2,4,1985784.59,354993.26,848521.17,1407056.0125000002,1300123.4491666667
18,2010-04-16,1135577.62,0,50.26,2.885,131.9809,9.269,2010,4,15,2,4,1460354.67,1466058.28,1254107.84,1324435.8475000001,1330569.2491666668
17,2010-04-16,757738.76,0,45.22,2.915,126.5621,6.635,2010,4,15,2,4,1135577.62,716026.51,2138651.97,1334863.9100000004,1295843.5166666668
16,2010-04-16,436312.41,0,45.69,2.765,189.6628845,6.842,2010,4,15,2,4,757738.76,1985784.59,1095889.22,947495.8650000002,1208068.4408333334
15,2010-04-16,641208.65,0,49.63,3.01,131.9809,8.185,2010,4,15,2,4,436312.41,1460354.67,1395710.09,742709.3600000003,1094186.1400000001
14,2010-04-16,2121788.61,0,54.28,2.899,181.6924769,8.899,2010,4,15,2,4,641208.65,1135577.62,454800.96,989262.1075000002,1208403.4075
13,2010-04-16,1819660.44,0,50.39,2.915,126.5621,8.107,2010,4,15,2,4,2121788.61,757738.76,1022293.81,1254742.5275000003,1237516.0841666667
12,2010-04-16,957997.52,0,64.95,3.109,126.5621,14.099,2010,4,15,2,4,1819660.44,436312.41,1382359.21,1385163.8050000002,1154458.4433333334
11,2010-04-16,1323243.35,0,67.81,2.808,213.7726889,7.343,2010,4,15,2,4,957997.52,641208.65,1955814.13,1555672.48,1235145.9508333334
10,2010-04-16,1826241.44,0,69.74,3.109,126.5621,9.524,2010,4,15,2,4,1323243.35,2121788.61,325201.05,1481785.6875000002,1265161.2141666666
9,2010-04-16,485764.32,0,66.09,2.808,214.0001817,6.384,2010,4,15,2,4,1826241.44,1819660.44,569937.23,1148311.6575000002,1245972.6983333335
8,2010-04-16,882917.12,0,62.66,2.808,213.8186357,6.29,2010,4,15,2,4,485764.32,957997.52,950684.2,1129541.5575,1154067.0758333332
7,2010-04-16,406228.19,0,41.89,2.765,189.6628845,8.963,2010,4,15,2,4,882917.12,1323243.35,257361.3,900287.7675000002,1066223.2025
6,2010-04-16,1519846.36,0,65.68,2.808,211.9942765,7.092,2010,4,15,2,4,406228.19,1826241.44,453016.91,823688.9975000003,1098245.5975
5,2010-04-16,306858.69,0,65.3,2.808,211.0388528,6.465,2010,4,15,2,4,1519846.36,485764.32,513327.55,778962.5900000003,1060672.2583333333
4,2010-04-16,1851519.69,0,56.23,2.81,126.5621,7.896,2010,4,15,2,4,306858.69,882917.12,341630.46,1021113.2325000002,1178606.1983333332
2,2010-04-16,1874957.94,0,68.07,2.808,210.1495463,8.2,2010,4,15,2,4,1851519.69,406228.19,1327035.27,1388295.6700000002,1281418.6391666667
22,2010-04-16,1000968.67,0,51.14,2.885,135.82725,8.348,2010,4,15,2,4,1874957.94,1519846.36,919839.19,1258576.2475,1188016.9775
24,2010-04-16,1268266.72,0,51.08,3.01,131.9809,8.211,2010,4,15,2,4,1000968.67,306858.69,1082158.21,1498928.2550000004,1142067.5008333332
23,2010-04-16,1288823.72,0,44.25,2.885,131.9809,5.435,2010,4,15,2,4,1268266.72,1851519.69,582552.26,1358254.2625000002,1169636.3508333333
26,2010-04-16,905548.38,0,36.6,2.885,131.9809,8.512,2010,4,15,2,4,1288823.72,1874957.94,693058.34,1115901.8725000003,1134828.4366666665
25,2010-04-16,715311.6,0,52.16,2.899,203.7307486,7.856,2010,4,15,2,4,905548.38,1000968.67,712647.97,1044487.6050000002,1042250.9500000001
44,2010-04-16,280048.74,0,50.39,2.915,126.5621,7.972,2010,4,15,2,4,715311.6,1268266.72,1198014.97,797433.1100000002,1025107.985
43,2010-04-16,675282.2,0,69.46,2.808,202.5351571,9.593,2010,4,15,2,4,280048.74,1288823.72,1379579.63,644047.7300000002,1007805.0750000001
42,2010-04-16,549528.16,0,69.74,3.109,126.5621,9.524,2010,4,15,2,4,675282.2,905548.38,1898321.33,555042.6750000003,1019746.7391666666
41,2010-04-16,1043388.79,0,46.79,2.765,189.6628845,7.363,2010,4,15,2,4,549528.16,715311.6,1033171.07,637061.9725000003,980041.9416666665
40,2010-04-16,882636.96,0,43.3,2.885,131.9809,5.435,2010,4,15,2,4,1043388.79,280048.74,1545418.53,787709.0275000003,1028023.4641666667
39,2010-04-16,1242874.98,0,66.33,2.808,209.2691428,8.464,2010,4,15,2,4,882636.96,675282.2,833782.7,929607.2225000003,977303.0716666667
38,2010-04-16,337723.49,0,64.95,3.109,126.5621,14.099,2010,4,15,2,4,1242874.98,549528.16,415870.28,876656.0550000002,849200.2008333332
37,2010-04-16,524544.83,0,66.74,2.808,209.2691428,8.464,2010,4,15,2,4,337723.49,1043388.79,1818452.72,746945.0650000002,809498.2141666665
45,2010-04-16,782221.96,0,54.28,2.899,181.6924769,8.899,2010,4,15,2,4,524544.83,882636.96,328020.49,721841.3150000002,768994.4841666667
35,2010-04-16,1084487.55,0,54.95,2.899,135.82725,9.051,2010,4,15,2,4,782221.96,1242874.98,1667181.82,682244.4575000003,751966.4700000001
34,2010-04-16,923344.54,0,59.18,2.81,126.5621,9.593,2010,4,15,2,4,1084487.55,337723.49,484263.25,828649.7200000002,753449.4833333334
33,2010-04-16,307779.64,0,72.44,3.109,126.5621,9.849,2010,4,15,2,4,923344.54,524544.83,916033.92,774458.4225000003,719488.4866666667
32,2010-04-16,1082763.27,0,53.49,2.765,189.6628845,8.963,2010,4,15,2,4,307779.64,782221.96,529384.31,849593.7500000003,786381.3641666668
31,2010-04-16,1367448.28,0,67.87,2.808,210.1495463,8.2,2010,4,15,2,4,1082763.27,1084487.55,1264434.7,920333.9325000003,844061.8708333335
30,2010-04-16,471054.16,0,67.87,2.808,210.1495463,8.2,2010,4,15,2,4,1367448.28,923344.54,2041069.37,807261.3375000003,837522.3708333335
29,2010-04-16,509100.84,0,51.14,2.885,131.9809,10.16,2010,4,15,2,4,471054.16,307779.64,1041238.87,857591.6375000002,792998.375
27,2010-04-16,1857500.96,0,54.95,3.01,135.82725,8.058,2010,4,15,2,4,509100.84,1082763.27,2258781.28,1051276.0600000003,874237.0416666666
28,2010-04-16,1268240.66,0,64.95,3.109,126.5621,14.099,2010,4,15,2,4,1857500.96,1367448.28,634605.77,1026474.1550000001,876350.8483333333
36,2010-04-16,483699.56,0,66.74,2.769,209.2691428,8.464,2010,4,15,2,4,1268240.66,471054.16,424083.99,1029635.5050000002,888515.5208333334
32,2010-04-23,1072474.8,0,50.06,2.776,189.6190057,8.963,2010,4,16,2,4,483699.56,509100.84,770228.02,1170478.995,934176.3516666667
31,2010-04-23,1280465.8,0,64.21,2.795,210.1000648,8.2,2010,4,16,2,4,1072474.8,1857500.96,1174447.55,1026220.2050000002,975696.6716666667
27,2010-04-23,1850205.47,0,53.91,3.021,135.8721667,8.058,2010,4,16,2,4,1280465.8,1268240.66,1489613.32,1171711.4075000002,1039506.4983333334
29,2010-04-23,505329.66,0,51.04,2.895,132.0226667,10.16,2010,4,16,2,4,1850205.47,483699.56,2007796.26,1177118.9325000003,1004671.9250000002
28,2010-04-23,1244177.21,0,64.55,3.05,126.4713333,14.099,2010,4,16,2,4,505329.66,1072474.8,751181.4,1220044.5350000001,1082705.0558333334
33,2010-04-23,263263.02,0,71.59,3.05,126.4713333,9.849,2010,4,16,2,4,1244177.21,1280465.8,1470308.32,965743.8400000002,1014413.3683333332
26,2010-04-23,881930.87,0,39.68,2.895,132.0226667,8.512,2010,4,16,2,4,263263.02,1850205.47,1954689.21,723675.1900000002,973953.5841666666
30,2010-04-23,462454.39,0,64.21,2.795,210.1000648,8.2,2010,4,16,2,4,881930.87,505329.66,354993.26,712956.3725000002,973236.9366666666
34,2010-04-23,910240.68,0,55.04,2.805,126.4713333,9.593,2010,4,16,2,4,462454.39,1244177.21,1466058.28,629472.2400000002,1006665.2566666667
38,2010-04-23,335121.82,0,64.55,3.05,126.4713333,14.099,2010,4,16,2,4,910240.68,263263.02,716026.51,647436.9400000003,879800.3283333335
36,2010-04-23,434116.8,0,68.03,2.762,209.2199574,8.464,2010,4,16,2,4,335121.82,881930.87,1985784.59,535483.4225000002,810290.0066666667
37,2010-04-23,527019.78,0,68.03,2.795,209.2199574,8.464,2010,4,16,2,4,434116.8,462454.39,1460354.67,551624.7700000003,813900.025
39,2010-04-23,1280231.85,0,67.64,2.795,209.2199574,8.464,2010,4,16,2,4,527019.78,910240.68,1135577.62,644122.5625000002,831213.1124999999
40,2010-04-23,844958.49,0,45.85,2.895,132.0226667,5.435,2010,4,16,2,4,1280231.85,335121.82,757738.76,771581.7300000002,794920.8366666668
41,2010-04-23,1067340.74,0,45.29,2.776,189.6190057,7.363,2010,4,16,2,4,844958.49,434116.8,436312.41,929887.7150000003,729682.1091666667
42,2010-04-23,492364.77,0,66.42,3.05,126.4713333,9.524,2010,4,16,2,4,1067340.74,527019.78,641208.65,921223.9625000003,728601.7016666667
43,2010-04-23,638957.35,0,62.71,2.795,202.4831905,9.593,2010,4,16,2,4,492364.77,1280231.85,2121788.61,760905.3375000003,678166.7133333334
25,2010-04-23,694531.72,0,46.12,2.902,203.6905586,7.856,2010,4,16,2,4,638957.35,844958.49,1819660.44,723298.6450000003,714105.7716666666
44,2010-04-23,278287.04,0,55.66,2.936,126.4713333,7.972,2010,4,16,2,4,694531.72,1067340.74,957997.52,526035.2200000002,663802.1191666666
35,2010-04-23,1110827.48,0,53.91,2.902,135.8721667,9.051,2010,4,16,2,4,278287.04,492364.77,1323243.35,680650.8975000002,717833.21
24,2010-04-23,1264117.01,0,51.07,3.021,132.0226667,8.211,2010,4,16,2,4,1110827.48,638957.35,1826241.44,836940.8125000002,747322.9041666667
14,2010-04-23,2138144.91,0,53.47,2.902,181.6772564,8.899,2010,4,16,2,4,1264117.01,694531.72,485764.32,1197844.1100000003,897574.8283333333
22,2010-04-23,969594.47,0,51.04,2.895,135.8721667,8.348,2010,4,16,2,4,2138144.91,278287.04,882917.12,1370670.9675000003,942197.9675000001
1,2010-04-23,1391256.12,0,64.84,2.795,210.4391228,7.808,2010,4,16,2,4,969594.47,1110827.48,406228.19,1440778.1275000002,1014217.6625
3,2010-04-23,339976.65,0,67.87,2.795,213.7221852,7.343,2010,4,16,2,4,1391256.12,1264117.01,1519846.36,1209743.0375000003,935863.0625
4,2010-04-23,1802677.9,0,56.87,2.805,126.4713333,7.896,2010,4,16,2,4,339976.65,2138144.91,306858.69,1125876.2850000001,1015673.0133333333
5,2010-04-23,288839.73,0,65.13,2.795,210.9891204,6.465,2010,4,16,2,4,1802677.9,969594.47,1851519.69,955687.6000000003,950797.9291666666
6,2010-04-23,1540435.99,0,64.11,2.795,211.9442745,7.092,2010,4,16,2,4,288839.73,1391256.12,1874957.94,992982.5675000004,1038137.1974999999
7,2010-04-23,404751.25,0,43.07,2.776,189.6190057,8.963,2010,4,16,2,4,1540435.99,339976.65,1000968.67,1009176.2175000003,1018620.0225
8,2010-04-23,850440.26,0,56.1,2.795,213.768119,6.29,2010,4,16,2,4,404751.25,1802677.9,1268266.72,771116.8075000002,1031612.4008333333
9,2010-04-23,488683.57,0,61.26,2.795,213.9496138,6.384,2010,4,16,2,4,850440.26,288839.73,1288823.72,821077.7675000002,1049145.445
10,2010-04-23,1829521.83,0,66.42,3.05,126.4713333,9.524,2010,4,16,2,4,488683.57,1540435.99,905548.38,893349.2275000003,1109036.6408333334
11,2010-04-23,1283766.55,0,68.37,2.795,213.7221852,7.343,2010,4,16,2,4,1829521.83,404751.25,715311.6,1113103.0525000002,1110674.1025
12,2010-04-23,993833.44,0,64.55,3.05,126.4713333,14.099,2010,4,16,2,4,1283766.55,850440.26,280048.74,1148951.3475000004,1015314.8133333334
13,2010-04-23,1909330.77,0,55.66,2.936,126.4713333,8.107,2010,4,16,2,4,993833.44,488683.57,675282.2,1504113.1475000002,1093626.1716666666
15,2010-04-23,643097.6,0,46.54,3.021,132.0226667,8.185,2010,4,16,2,4,1909330.77,1829521.83,549528.16,1207507.0900000003,1031279.6283333334
16,2010-04-23,370230.94,0,44.9,2.776,189.6190057,6.842,2010,4,16,2,4,643097.6,1283766.55,1043388.79,979123.1875000002,1033800.8191666667
17,2010-04-23,977790.83,0,52.25,2.936,126.4713333,6.635,2010,4,16,2,4,370230.94,993833.44,882636.96,975112.5350000001,965060.23
18,2010-04-23,1132433.55,0,50.3,2.895,132.0226667,9.269,2010,4,16,2,4,977790.83,1909330.77,1242874.98,780888.2300000002,1035359.7150000002
19,2010-04-23,1456793.33,0,46.87,3.021,132.0226667,8.185,2010,4,16,2,4,1132433.55,643097.6,337723.49,984312.1625000002,1028389.4933333335
20,2010-04-23,1878862.42,0,50.65,2.902,203.6905586,7.856,2010,4,16,2,4,1456793.33,370230.94,524544.83,1361470.0325000002,1151232.0908333333
21,2010-04-23,718780.59,0,64.21,2.795,210.1000648,8.2,2010,4,16,2,4,1878862.42,977790.83,782221.96,1296717.4725000001,1140260.4516666667
23,2010-04-23,1315023.08,0,46.4,2.895,132.0226667,5.435,2010,4,16,2,4,718780.59,1132433.55,1084487.55,1342364.8550000002,1209122.0775
2,2010-04-23,1821990.93,0,65.11,2.795,210.1000648,8.2,2010,4,16,2,4,1315023.08,1456793.33,923344.54,1433664.2550000001,1208494.5025000002
45,2010-04-23,749779.1,0,53.47,2.902,181.6772564,8.899,2010,4,16,2,4,1821990.93,1878862.42,307779.64,1151393.4250000003,1163995.5483333333
23,2010-04-30,1259414.52,0,45.47,2.935,132.0644333,5.435,2010,4,17,2,4,749779.1,718780.59,1082763.27,1286551.9075000002,1186127.305
22,2010-04-30,977683.06,0,50.96,2.935,135.9170833,8.348,2010,4,17,2,4,1259414.52,1315023.08,1367448.28,1202216.9025000003,1108489.9958333333
21,2010-04-30,680532.69,0,66.93,2.78,210.0505833,8.2,2010,4,17,2,4,977683.06,1821990.93,471054.16,916852.3425000003,1111609.5866666667
20,2010-04-30,1919053.21,0,54.75,2.921,203.6503685,7.856,2010,4,17,2,4,680532.69,749779.1,509100.84,1209170.87,1240678.1091666666
19,2010-04-30,1405065.57,0,49.89,3.042,132.0644333,8.185,2010,4,17,2,4,1919053.21,1259414.52,1857500.96,1245583.6325000003,1276284.3375
18,2010-04-30,1060446.16,0,51.12,2.935,132.0644333,9.269,2010,4,17,2,4,1405065.57,977683.06,1268240.66,1266274.4075000002,1270285.3883333334
17,2010-04-30,807798.73,0,43.82,2.941,126.3805667,6.635,2010,4,17,2,4,1060446.16,680532.69,483699.56,1298090.9175000004,1216202.505
16,2010-04-30,383550.93,0,37.75,2.766,189.575127,6.842,2010,4,17,2,4,807798.73,1919053.21,1072474.8,914215.3475000003,1091593.2141666666
15,2010-04-30,570791.11,0,49.09,3.042,132.0644333,8.185,2010,4,17,2,4,383550.93,1405065.57,1280465.8,705646.7325000003,1079260.7575
14,2010-04-30,2082355.12,0,53.15,2.921,181.6620359,8.899,2010,4,17,2,4,570791.11,1060446.16,1850205.47,961123.9725000003,1143205.0941666667
13,2010-04-30,1785823.37,0,48.33,2.941,126.3805667,8.107,2010,4,17,2,4,2082355.12,807798.73,505329.66,1205630.1325000003,1140191.1308333334
12,2010-04-30,954220.22,0,67.38,3.105,126.3805667,14.099,2010,4,17,2,4,1785823.37,383550.93,1244177.21,1348297.4550000003,1157227.8908333334
11,2010-04-30,1239766.89,0,71.13,2.78,213.6716815,7.343,2010,4,17,2,4,954220.22,570791.11,263263.02,1515541.4000000004,1155590.5883333334
10,2010-04-30,1790694.59,0,69.76,3.105,126.3805667,9.524,2010,4,17,2,4,1239766.89,2082355.12,881930.87,1442626.2675000003,1223341.5491666666
9,2010-04-30,491723.42,0,66.07,2.78,213.8990459,6.384,2010,4,17,2,4,1790694.59,1785823.37,462454.39,1119101.2800000003,1207607.4433333334
8,2010-04-30,778672.64,0,61.01,2.78,213.7176024,6.29,2010,4,17,2,4,491723.42,954220.22,910240.68,1075214.3850000002,1112575.7291666667
7,2010-04-30,373655.61,0,38.99,2.766,189.575127,8.963,2010,4,17,2,4,778672.64,1239766.89,335121.82,858686.5650000003,1026624.8991666668
6,2010-04-30,1498080.16,0,68.91,2.78,211.8942725,7.092,2010,4,17,2,4,373655.61,1790694.59,434116.8,785532.9575000003,1063094.3991666667
5,2010-04-30,298697.84,0,67.53,2.78,210.939388,6.465,2010,4,17,2,4,1498080.16,491723.42,527019.78,737276.5625000002,1020669.3250000001
4,2010-04-30,1817273.28,0,53.04,2.787,126.3805667,7.896,2010,4,17,2,4,298697.84,778672.64,1280231.85,996926.7225000001,1140146.1875
1,2010-04-30,1425100.71,0,67.41,2.78,210.3895456,7.808,2010,4,17,2,4,1817273.28,373655.61,844958.49,1259787.9975000003,1211338.6541666668
3,2010-04-30,361248.39,0,70.24,2.78,213.6716815,7.343,2010,4,17,2,4,1425100.71,1498080.16,1067340.74,975580.0550000002,1067913.0933333333
24,2010-04-30,1259877.19,0,51.48,3.042,132.0644333,8.211,2010,4,17,2,4,361248.39,298697.84,492364.77,1215874.8925,1024084.2450000001
26,2010-04-30,904503.85,0,40.56,2.935,132.0644333,8.512,2010,4,17,2,4,1259877.19,1817273.28,638957.35,987682.5350000001,1019941.2141666667
45,2010-04-30,737265.57,0,53.15,2.921,181.6620359,8.899,2010,4,17,2,4,904503.85,1425100.71,694531.72,815723.7500000001,978066.1041666666
44,2010-04-30,272997.65,0,48.33,2.941,126.3805667,7.972,2010,4,17,2,4,737265.57,361248.39,278287.04,793661.0650000001,851591.3591666667
43,2010-04-30,630740.11,0,66.91,2.78,202.4312238,9.593,2010,4,17,2,4,272997.65,1259877.19,1110827.48,636376.7950000002,863176.0833333334
42,2010-04-30,477615.87,0,69.76,3.105,126.3805667,9.524,2010,4,17,2,4,630740.11,904503.85,1264117.01,529654.8,838088.0191666665
41,2010-04-30,1063960.11,0,40.2,2.766,189.575127,7.363,2010,4,17,2,4,477615.87,737265.57,2138144.91,611328.4350000002,895613.3941666667
40,2010-04-30,816838.31,0,46.5,2.935,132.0644333,5.435,2010,4,17,2,4,1063960.11,272997.65,969594.47,747288.6000000002,838843.2399999999
39,2010-04-30,1263836.59,0,70.03,2.78,209.170772,8.464,2010,4,17,2,4,816838.31,630740.11,1391256.12,905562.7200000002,919271.4691666667
38,2010-04-30,337979.65,0,67.38,3.105,126.3805667,14.099,2010,4,17,2,4,1263836.59,477615.87,339976.65,870653.6650000003,795997.0
37,2010-04-30,517850.83,0,70.9,2.78,209.170772,8.464,2010,4,17,2,4,337979.65,1063960.11,1802677.9,734126.3450000002,720392.8433333333
36,2010-04-30,457899.64,0,70.9,2.725,209.170772,8.464,2010,4,17,2,4,517850.83,816838.31,288839.73,644391.6775000001,728447.1141666668
35,2010-04-30,1096930.65,0,53.55,2.921,135.9170833,9.051,2010,4,17,2,4,457899.64,1263836.59,1540435.99,602665.1925000001,714868.2358333333
34,2010-04-30,859922.19,0,56.58,2.787,126.3805667,9.593,2010,4,17,2,4,1096930.65,337979.65,404751.25,733150.8275000001,711153.0975
33,2010-04-30,275883.23,0,73.29,3.105,126.3805667,9.849,2010,4,17,2,4,859922.19,517850.83,850440.26,672658.9275000001,672704.5691666667
32,2010-04-30,1066792.63,0,47.51,2.766,189.575127,8.963,2010,4,17,2,4,275883.23,457899.64,488683.57,824882.175,738854.1508333334
31,2010-04-30,1243200.24,0,66.93,2.78,210.0505833,8.2,2010,4,17,2,4,1066792.63,1096930.65,1829521.83,861449.5725,789892.495
30,2010-04-30,456140.34,0,66.93,2.78,210.0505833,8.2,2010,4,17,2,4,1243200.24,859922.19,1283766.55,760504.1100000001,788102.8675
29,2010-04-30,501013.47,0,50.96,2.935,132.0644333,10.16,2010,4,17,2,4,456140.34,275883.23,993833.44,816786.67,741190.6475
28,2010-04-30,1186971.02,0,67.38,3.105,126.3805667,14.099,2010,4,17,2,4,501013.47,1066792.63,1909330.77,846831.2675000001,772035.04
27,2010-04-30,1805885.04,0,53.55,3.042,135.9170833,8.058,2010,4,17,2,4,1186971.02,1243200.24,643097.6,987502.4675,817205.7441666666
25,2010-04-30,706924.02,0,50.97,2.921,203.6503685,7.856,2010,4,17,2,4,1805885.04,456140.34,370230.94,1050198.3875000002,847951.1083333334
2,2010-04-30,1802450.29,0,66.98,2.78,210.0505833,8.2,2010,4,17,2,4,706924.02,501013.47,977790.83,1375557.5925000003,955001.0633333334
2,2010-05-07,2042581.71,0,71.28,2.835,210.0011018,8.2,2010,5,18,2,4,1802450.29,1186971.02,1132433.55,1589460.2650000001,1087057.9024999999
1,2010-05-07,1603955.12,0,72.55,2.835,210.3399684,7.808,2010,5,18,2,4,2042581.71,1805885.04,1456793.33,1538977.7850000001,1129309.9416666667
22,2010-05-07,1052973.28,0,63.81,2.981,135.962,8.348,2010,5,18,2,4,1603955.12,706924.02,1878862.42,1625490.1,1145397.5325
43,2010-05-07,691498.6,0,67.16,2.835,202.3792571,9.593,2010,5,18,2,4,1052973.28,1802450.29,718780.59,1347752.1775000002,1180032.1466666667
26,2010-05-07,1074479.73,0,54.72,2.981,132.1062,8.512,2010,5,18,2,4,691498.6,2042581.71,1315023.08,1105726.6825,1180672.7383333333
27,2010-05-07,1939458.84,0,69.02,3.095,135.962,8.058,2010,5,18,2,4,1074479.73,1603955.12,1821990.93,1189602.6125000003,1238694.2883333333
28,2010-05-07,1532893.22,0,70.15,3.127,126.2898,14.099,2010,5,18,2,4,1939458.84,1052973.28,749779.1,1309582.5975000001,1328423.695
29,2010-05-07,568497.35,0,63.81,2.981,132.1062,10.16,2010,5,18,2,4,1532893.22,691498.6,1259414.52,1278832.2850000001,1334047.3516666668
30,2010-05-07,457883.94,0,70.87,2.835,210.0011018,8.2,2010,5,18,2,4,568497.35,1074479.73,977683.06,1124683.3375000001,1273290.095
31,2010-05-07,1381796.8,0,70.87,2.835,210.0011018,8.2,2010,5,18,2,4,457883.94,1939458.84,680532.69,985267.8275000001,1237949.4083333334
32,2010-05-07,1133657.58,0,48.94,2.771,189.5312483,8.963,2010,5,18,2,4,1381796.8,1532893.22,1919053.21,885458.9175000002,1273510.5383333333
34,2010-05-07,953495.48,0,57.39,2.836,126.2898,9.593,2010,5,18,2,4,1133657.58,568497.35,1405065.57,981708.4500000002,1202764.3041666667
35,2010-05-07,1182099.88,0,69.02,2.966,135.962,9.051,2010,5,18,2,4,953495.48,457883.94,1060446.16,1162762.435,1131057.485
36,2010-05-07,489372.02,0,75.56,2.786,209.1215867,8.464,2010,5,18,2,4,1182099.88,1381796.8,807798.73,939656.2400000002,1038175.56
37,2010-05-07,543234.77,0,75.56,2.835,209.1215867,8.464,2010,5,18,2,4,489372.02,1133657.58,383550.93,792050.5375000001,995697.3508333334
38,2010-05-07,383657.44,0,70.15,3.127,126.2898,14.099,2010,5,18,2,4,543234.77,953495.48,570791.11,649591.0275000001,970043.9208333333
39,2010-05-07,1355704.21,0,74.86,2.835,209.1215867,8.464,2010,5,18,2,4,383657.44,1182099.88,2082355.12,692992.1100000001,993479.2941666668
40,2010-05-07,1009797.06,0,60.05,2.981,132.1062,5.435,2010,5,18,2,4,1355704.21,489372.02,1785823.37,823098.3700000001,916007.4791666666
41,2010-05-07,1175738.22,0,41.5,2.771,189.5312483,7.363,2010,5,18,2,4,1009797.06,543234.77,954220.22,981224.2325000002,886244.5625
42,2010-05-07,582846.22,0,71.06,3.127,126.2898,9.524,2010,5,18,2,4,1175738.22,383657.44,1239766.89,1031021.4275000001,887440.3016666668
45,2010-05-07,812190.76,0,70.75,2.966,181.6468154,8.899,2010,5,18,2,4,582846.22,1355704.21,1790694.59,895143.0650000002,916965.8700000001
25,2010-05-07,724468.97,0,63.67,2.966,203.6101784,7.856,2010,5,18,2,4,812190.76,1009797.06,491723.42,823811.0425000001,862188.5508333333
24,2010-05-07,1409705.03,0,66.65,3.095,132.1062,8.211,2010,5,18,2,4,724468.97,1175738.22,778672.64,882302.7450000001,885192.505
33,2010-05-07,326870.13,0,75.4,3.127,126.2898,9.849,2010,5,18,2,4,1409705.03,582846.22,373655.61,818308.7225000001,832973.7258333332
21,2010-05-07,744969.42,0,70.87,2.835,210.0011018,8.2,2010,5,18,2,4,326870.13,812190.76,1498080.16,801503.3875000002,796546.1875
3,2010-05-07,399323.86,0,73.47,2.835,213.6211778,7.343,2010,5,18,2,4,744969.42,724468.97,298697.84,720217.1100000001,789042.1741666667
23,2010-05-07,1365552.28,0,61.04,2.981,132.1062,5.435,2010,5,18,2,4,399323.86,1409705.03,1817273.28,709178.9225000001,857568.6333333333
4,2010-05-07,2000626.14,0,56.77,2.836,126.2898,7.896,2010,5,18,2,4,1365552.28,326870.13,1425100.71,1127617.9250000003,992316.025
5,2010-05-07,333522.6,0,71.53,2.835,210.8896556,6.465,2010,5,18,2,4,2000626.14,744969.42,361248.39,1024756.2200000002,907134.2241666666
6,2010-05-07,1619920.04,0,73.68,2.835,211.8442706,7.092,2010,5,18,2,4,333522.6,399323.86,1259877.19,1329905.2650000001,957977.8058333333
7,2010-05-07,395453.83,0,40.07,2.771,189.5312483,8.963,2010,5,18,2,4,1619920.04,1365552.28,904503.85,1087380.6525,892954.1066666666
8,2010-05-07,916820.96,0,62.68,2.835,213.6670857,6.29,2010,5,18,2,4,395453.83,2000626.14,737265.57,816429.3575000003,920785.335
9,2010-05-07,526128.61,0,68.58,2.835,213.848478,6.384,2010,5,18,2,4,916820.96,333522.6,272997.65,864580.8600000002,896946.8224999999
10,2010-05-07,1921432.16,0,71.06,3.127,126.2898,9.524,2010,5,18,2,4,526128.61,1619920.04,630740.11,939958.8900000002,996693.755
11,2010-05-07,1312329.78,0,75.57,2.835,213.6211778,7.343,2010,5,18,2,4,1921432.16,395453.83,477615.87,1169177.8775000002,988579.1508333333
44,2010-05-07,285379.86,0,44.42,2.948,126.2898,7.972,2010,5,18,2,4,1312329.78,916820.96,1063960.11,1011317.6025000003,985121.6283333334
19,2010-05-07,1566219.77,0,62.54,3.095,132.1062,8.185,2010,5,18,2,4,285379.86,526128.61,816838.31,1271340.3925000003,1053559.1575
13,2010-05-07,2005478.46,0,44.42,2.948,126.2898,8.107,2010,5,18,2,4,1566219.77,1921432.16,1263836.59,1292351.9675000003,1187405.3741666665
14,2010-05-07,2370116.52,0,70.75,2.966,181.6468154,8.899,2010,5,18,2,4,2005478.46,1312329.78,337979.65,1556798.6525000003,1271119.0608333333
15,2010-05-07,661348.88,0,63.16,3.095,132.1062,8.185,2010,5,18,2,4,2370116.52,285379.86,517850.83,1650790.9075000004,1159512.6224999998
16,2010-05-07,403217.22,0,37.43,2.771,189.5312483,6.842,2010,5,18,2,4,661348.88,1566219.77,457899.64,1360040.2700000003,1165320.5075
17,2010-05-07,843848.65,0,40.26,2.948,126.2898,6.635,2010,5,18,2,4,403217.22,2005478.46,1096930.65,1069632.8175000004,1100647.8916666668
18,2010-05-07,1222255.47,0,65.64,2.981,132.1062,9.269,2010,5,18,2,4,843848.65,2370116.52,859922.19,782667.5550000002,1169548.0283333333
12,2010-05-07,1043240.27,0,70.15,3.127,126.2898,14.099,2010,5,18,2,4,1222255.47,661348.88,275883.23,878140.4025000003,1180082.9708333334
20,2010-05-07,2137202.38,0,66.74,2.966,203.6101784,7.856,2010,5,18,2,4,1043240.27,403217.22,1066792.63,1311636.6925000004,1314339.1183333334
30,2010-05-14,461868.09,0,73.08,2.854,209.9984585,8.2,2010,5,19,2,4,2137202.38,843848.65,1243200.24,1216141.5525000002,1192708.7791666666
29,2010-05-14,518940.88,0,50.99,2.983,132.152129,10.16,2010,5,19,2,4,461868.09,1222255.47,456140.34,1040312.9050000003,1126593.0375
28,2010-05-14,1245898.73,0,68.44,3.145,126.2085484,14.099,2010,5,19,2,4,518940.88,1043240.27,501013.47,1090977.5200000003,1206636.2766666666
24,2010-05-14,1346783.35,0,51.31,3.112,132.152129,8.211,2010,5,19,2,4,1245898.73,2137202.38,1186971.02,893372.7625000004,1188349.9083333334
26,2010-05-14,972663.59,0,39.08,2.983,132.152129,8.512,2010,5,19,2,4,1346783.35,461868.09,1805885.04,1021071.6375000004,1102282.0025000002
31,2010-05-14,1287288.59,0,73.08,2.854,209.9984585,8.2,2010,5,19,2,4,972663.59,518940.88,706924.02,1213158.5650000004,1012046.3416666667
25,2010-05-14,698073.95,0,50.27,2.982,203.6133915,7.856,2010,5,19,2,4,1287288.59,1245898.73,1802450.29,1076202.3700000003,1015106.7641666667
27,2010-05-14,1842465.78,0,53.82,3.112,136.010394,8.058,2010,5,19,2,4,698073.95,1346783.35,2042581.71,1200122.9775000003,1135044.1441666668
32,2010-05-14,1079314.52,0,46.42,2.788,189.4904116,8.963,2010,5,19,2,4,1842465.78,972663.59,1603955.12,1226785.7100000004,1154666.3
36,2010-05-14,476733.74,0,77.53,2.805,209.118536,8.464,2010,5,19,2,4,1079314.52,1287288.59,1052973.28,1024146.9975000003,1092539.4891666668
34,2010-05-14,933924.44,0,60.74,2.845,126.2085484,9.593,2010,5,19,2,4,476733.74,698073.95,691498.6,1083109.6200000003,1083429.8366666667
35,2010-05-14,1104277.57,0,53.82,2.982,136.010394,9.051,2010,5,19,2,4,933924.44,1842465.78,1074479.73,898562.5675000004,997352.7691666667
37,2010-05-14,505196.08,0,77.53,2.854,209.118536,8.464,2010,5,19,2,4,1104277.57,1079314.52,1939458.84,755032.9575000004,1000963.435
38,2010-05-14,346174.3,0,68.44,3.145,126.2085484,14.099,2010,5,19,2,4,505196.08,476733.74,1532893.22,722393.0975000004,986566.2199999999
39,2010-05-14,1226997.7,0,77.49,2.854,209.118536,8.464,2010,5,19,2,4,346174.3,933924.44,568497.35,795661.4125000003,984991.1341666668
40,2010-05-14,907262.47,0,45.5,2.983,132.152129,5.435,2010,5,19,2,4,1226997.7,1104277.57,457883.94,746407.6375000004,948364.3941666665
41,2010-05-14,1116439.02,0,40.23,2.788,189.4904116,7.363,2010,5,19,2,4,907262.47,505196.08,1381796.8,899218.3725000003,960345.68
43,2010-05-14,690851.59,0,72.14,2.854,202.3705092,9.593,2010,5,19,2,4,1116439.02,346174.3,1133657.58,985387.6950000004,910642.5966666667
33,2010-05-14,331173.51,0,76.8,3.145,126.2085484,9.849,2010,5,19,2,4,690851.59,1226997.7,953495.48,761431.6475000003,880067.56
42,2010-05-14,564345.55,0,73.88,3.145,126.2085484,9.524,2010,5,19,2,4,331173.51,907262.47,1182099.88,675702.4175000003,773557.5408333334
23,2010-05-14,1303055.09,0,45.33,2.983,132.152129,5.435,2010,5,19,2,4,564345.55,1116439.02,489372.02,722356.4350000003,792202.5883333333
21,2010-05-14,723559.88,0,73.08,2.854,209.9984585,8.2,2010,5,19,2,4,1303055.09,690851.59,543234.77,730533.5075000004,812771.4333333332
45,2010-05-14,758182.2,0,54.26,2.982,181.6612792,8.899,2010,5,19,2,4,723559.88,331173.51,383657.44,837285.6800000003,798126.2466666666
1,2010-05-14,1494251.5,0,74.78,2.854,210.3374261,7.808,2010,5,19,2,4,758182.2,564345.55,1355704.21,1069762.1675000004,830624.0741666667
2,2010-05-14,1880752.36,0,73.31,2.854,209.9984585,8.2,2010,5,19,2,4,1494251.5,1303055.09,1009797.06,1214186.4850000003,945253.7641666667
3,2010-05-14,384357.94,0,77.18,2.854,213.6196139,7.343,2010,5,19,2,4,1880752.36,723559.88,1175738.22,1129386.0000000002,948435.7341666667
44,2010-05-14,286515.92,0,50.15,2.962,126.2085484,7.972,2010,5,19,2,4,384357.94,758182.2,582846.22,1011469.4300000003,870062.2525
5,2010-05-14,296673.77,0,74.79,2.854,210.8872772,6.465,2010,5,19,2,4,286515.92,1494251.5,812190.76,712074.9975000003,819179.8608333333
6,2010-05-14,1524059.4,0,74.95,2.854,211.8421769,7.092,2010,5,19,2,4,296673.77,1880752.36,724468.97,622901.7575000003,853148.2258333332
7,2010-05-14,372673.61,0,41.41,2.788,189.4904116,8.963,2010,5,19,2,4,1524059.4,384357.94,1409705.03,619980.6750000003,826633.3941666667
8,2010-05-14,873337.84,0,61.35,2.854,213.6655355,6.29,2010,5,19,2,4,372673.61,286515.92,326870.13,766686.1550000003,871813.755
9,2010-05-14,492792.8,0,70.53,2.854,213.8469819,6.384,2010,5,19,2,4,873337.84,296673.77,744969.42,815715.9125000002,865851.0258333334
10,2010-05-14,1808056.41,0,73.88,3.145,126.2085484,9.524,2010,5,19,2,4,492792.8,1524059.4,399323.86,886715.1650000003,907934.4691666666
11,2010-05-14,1266796.13,0,77.64,2.854,213.6196139,7.343,2010,5,19,2,4,1808056.41,372673.61,1365552.28,1110245.7950000004,953204.1566666667
12,2010-05-14,966054.97,0,68.44,3.145,126.2085484,14.099,2010,5,19,2,4,1266796.13,873337.84,2000626.14,1133425.0775000004,970526.8875000001
13,2010-05-14,1890273.44,0,50.15,2.962,126.2085484,8.107,2010,5,19,2,4,966054.97,492792.8,333522.6,1482795.2375000003,1003528.7158333333
14,2010-05-14,2129771.13,0,54.26,2.982,181.6612792,8.899,2010,5,19,2,4,1890273.44,1808056.41,1619920.04,1563223.9175000002,1024280.2799999999
15,2010-05-14,594385.2,0,47.13,3.112,132.152129,8.185,2010,5,19,2,4,2129771.13,1266796.13,395453.83,1395121.1850000003,1041782.5516666666
16,2010-05-14,401770.9,0,41.26,2.788,189.4904116,6.842,2010,5,19,2,4,594385.2,966054.97,916820.96,1254050.1675000002,1051387.1333333333
17,2010-05-14,813756.09,0,47.28,2.962,126.2085484,6.635,2010,5,19,2,4,401770.9,1890273.44,526128.61,984920.8300000003,1094477.3266666667
18,2010-05-14,1092616.49,0,49.9,2.983,132.152129,9.269,2010,5,19,2,4,813756.09,2129771.13,1921432.16,725632.1700000004,1058523.7508333332
19,2010-05-14,1437319.45,0,46.53,3.112,132.152129,8.185,2010,5,19,2,4,1092616.49,594385.2,1312329.78,936365.7325000003,1147244.2374999998
20,2010-05-14,2033211.62,0,55.91,2.982,203.6133915,7.856,2010,5,19,2,4,1437319.45,401770.9,285379.86,1344225.9125000003,1243900.3858333332
22,2010-05-14,973585.33,0,50.99,2.983,136.010394,8.348,2010,5,19,2,4,2033211.62,813756.09,1566219.77,1384183.2225000004,1283966.43
4,2010-05-14,1875597.28,0,62.35,2.845,126.2085484,7.896,2010,5,19,2,4,973585.33,1092616.49,2005478.46,1579928.4200000004,1289594.8358333332
27,2010-05-21,1836595.58,0,63.31,3.096,136.0796521,8.058,2010,5,20,2,4,1875597.28,1437319.45,2370116.52,1679747.4525000006,1337078.1233333333
44,2010-05-21,267065.35,0,57.71,2.95,126.1843871,7.972,2010,5,20,2,4,1836595.58,2033211.62,661348.88,1238210.8850000002,1278828.9883333333
19,2010-05-21,1377716.17,0,57.53,3.096,132.2230323,8.185,2010,5,20,2,4,267065.35,973585.33,403217.22,1339243.5950000002,1236115.8825
18,2010-05-21,1101621.36,0,60.27,2.961,132.2230323,9.269,2010,5,20,2,4,1377716.17,1875597.28,843848.65,1145749.6150000005,1150436.735
17,2010-05-21,826626.5,0,53.94,2.95,126.1843871,6.635,2010,5,20,2,4,1101621.36,1836595.58,1222255.47,893257.3450000004,1169790.1766666668
16,2010-05-21,435300.51,0,47.34,2.776,189.467827,6.842,2010,5,20,2,4,826626.5,267065.35,1043240.27,935316.1350000004,1172584.3108333333
15,2010-05-21,616598.1,0,59.09,3.096,132.2230323,8.185,2010,5,20,2,4,435300.51,1377716.17,2137202.38,745036.6175000004,1156154.4783333333
14,2010-05-21,2108187.1,0,62.62,2.958,181.8538486,8.899,2010,5,20,2,4,616598.1,1101621.36,461868.09,996678.0525000005,1240785.3625
13,2010-05-21,1853657.6,0,57.71,2.95,126.1843871,8.107,2010,5,20,2,4,2108187.1,826626.5,518940.88,1253435.8275000004,1275480.2083333335
12,2010-05-21,958374.56,0,76.2,3.12,126.1843871,14.099,2010,5,20,2,4,1853657.6,435300.51,1245898.73,1384204.3400000003,1185910.4533333334
11,2010-05-21,1271646.62,0,76.97,2.826,213.9116886,7.343,2010,5,20,2,4,958374.56,616598.1,1346783.35,1547966.4700000002,1210748.8941666668
10,2010-05-21,1847613.58,0,78.32,3.12,126.1843871,9.524,2010,5,20,2,4,1271646.62,2108187.1,972663.59,1482823.0900000003,1208416.9191666667
9,2010-05-21,506274.94,0,71.5,2.826,214.1399162,6.384,2010,5,20,2,4,1847613.58,1853657.6,1287288.59,1145977.4250000005,1097556.8658333335
8,2010-05-21,818333.21,0,66.03,2.826,213.9577839,6.29,2010,5,20,2,4,506274.94,958374.56,698073.95,1110967.0875000004,1143495.8541666667
7,2010-05-21,395195.65,0,46.6,2.776,189.467827,8.963,2010,5,20,2,4,818333.21,1271646.62,1842465.78,891854.3450000003,1061619.1441666668
6,2010-05-21,1531938.44,0,74.8,2.826,212.1275324,7.092,2010,5,20,2,4,395195.65,1847613.58,1079314.52,812935.5600000003,1097478.9008333334
5,2010-05-21,301615.49,0,75.2,2.826,211.169023,6.465,2010,5,20,2,4,1531938.44,506274.94,476733.74,761770.6975000002,1053727.9833333334
4,2010-05-21,1903752.6,0,67.4,2.82,126.1843871,7.896,2010,5,20,2,4,301615.49,818333.21,933924.44,1033125.5450000004,1176098.9908333335
3,2010-05-21,343763.17,0,75.81,2.826,213.9116886,7.343,2010,5,20,2,4,1903752.6,395195.65,1104277.57,1020267.4250000004,1153362.7466666668
2,2010-05-21,1896937.1,0,74.83,2.826,210.2768443,8.2,2010,5,20,2,4,343763.17,1531938.44,505196.08,1111517.0900000003,1135758.5799999998
1,2010-05-21,1399662.07,0,76.44,2.826,210.6170934,7.808,2010,5,20,2,4,1896937.1,301615.49,346174.3,1386028.7350000003,1097925.6191666666
20,2010-05-21,1893736.9,0,60.38,2.958,203.8770235,7.856,2010,5,20,2,4,1399662.07,1903752.6,1226997.7,1383524.8100000005,1175872.4808333335
45,2010-05-21,747888.25,0,62.62,2.958,181.8538486,8.899,2010,5,20,2,4,1893736.9,343763.17,907262.47,1484556.0800000005,1132225.95
21,2010-05-21,753361.72,0,74.24,2.826,210.2768443,8.2,2010,5,20,2,4,747888.25,1896937.1,1116439.02,1198662.2350000003,1041038.2949999999
23,2010-05-21,1327424.28,0,57.94,2.961,132.2230323,5.435,2010,5,20,2,4,753361.72,1399662.07,690851.59,1180602.7875000003,1109467.4066666667
43,2010-05-21,672062.08,0,74.74,2.826,202.6210737,9.593,2010,5,20,2,4,1327424.28,1893736.9,331173.51,875184.0825000004,1097278.1458333333
42,2010-05-21,504403.16,0,78.32,3.12,126.1843871,9.524,2010,5,20,2,4,672062.08,747888.25,564345.55,814312.8100000003,1106378.7716666667
41,2010-05-21,1163234.33,0,50.59,2.776,189.467827,7.363,2010,5,20,2,4,504403.16,753361.72,1303055.09,916780.9625000004,1075653.4291666667
40,2010-05-21,885613.91,0,56.75,2.961,132.2230323,5.435,2010,5,20,2,4,1163234.33,1327424.28,723559.88,806328.3700000003,1124319.9641666666
39,2010-05-21,1350673.98,0,76.67,2.826,209.3922937,8.464,2010,5,20,2,4,885613.91,672062.08,758182.2,975981.3450000003,1078230.0791666666
38,2010-05-21,340497.08,0,76.2,3.12,126.1843871,14.099,2010,5,20,2,4,1350673.98,504403.16,1494251.5,935004.8250000004,1077957.905
37,2010-05-21,510494.7,0,77.34,2.826,209.3922937,8.464,2010,5,20,2,4,340497.08,1163234.33,1880752.36,771819.9175000004,962421.0383333334
36,2010-05-21,474917.98,0,77.34,2.767,209.3922937,8.464,2010,5,20,2,4,510494.7,885613.91,384357.94,669145.9350000003,885359.0308333333
35,2010-05-21,1078182.18,0,63.31,2.958,136.0796521,9.051,2010,5,20,2,4,474917.98,1350673.98,286515.92,601022.9850000003,817396.1374999998
34,2010-05-21,913616.32,0,63.99,2.82,126.1843871,9.593,2010,5,20,2,4,1078182.18,340497.08,296673.77,744302.7950000003,831206.8099999999
33,2010-05-21,294264.2,0,82.8,3.12,126.1843871,9.849,2010,5,20,2,4,913616.32,510494.7,1524059.4,690245.1700000004,792948.6833333335
32,2010-05-21,1143819.35,0,55.89,2.776,189.467827,8.963,2010,5,20,2,4,294264.2,474917.98,372673.61,857470.5125000003,777648.2725
31,2010-05-21,1337405.6,0,74.24,2.826,210.2768443,8.2,2010,5,20,2,4,1143819.35,1078182.18,873337.84,922276.3675000004,833093.5658333333
30,2010-05-21,455751.84,0,74.24,2.826,210.2768443,8.2,2010,5,20,2,4,1337405.6,913616.32,492792.8,807810.2475000004,829039.2891666666
29,2010-05-21,502021.82,0,59.99,2.961,132.2230323,10.16,2010,5,20,2,4,455751.84,294264.2,1808056.41,859749.6525000004,773938.2466666666
28,2010-05-21,1217923.71,0,76.2,3.12,126.1843871,14.099,2010,5,20,2,4,502021.82,1143819.35,1266796.13,878275.7425000004,801630.73
26,2010-05-21,986765.01,0,50.81,2.961,132.2230323,8.512,2010,5,20,2,4,1217923.71,1337405.6,966054.97,790615.5950000004,771304.9825
25,2010-05-21,704113.22,0,57.17,2.958,203.8770235,7.856,2010,5,20,2,4,986765.01,455751.84,1890273.44,852705.9400000004,801606.3275
24,2010-05-21,1283482.85,0,60.44,3.096,132.2230323,8.211,2010,5,20,2,4,704113.22,502021.82,2129771.13,1048071.1975000004,866022.0066666667
22,2010-05-21,979977.89,0,59.99,2.961,136.0796521,8.348,2010,5,20,2,4,1283482.85,1217923.71,594385.2,988584.7425000004,908110.3325
1,2010-05-28,1432069.95,0,80.44,2.759,210.8967606,7.808,2010,5,21,2,4,979977.89,986765.01,401770.9,1099910.9775000005,937600.98
6,2010-05-28,1644470.66,0,78.89,2.759,212.412888,7.092,2010,5,21,2,4,1432069.95,704113.22,813756.09,1335000.3375000004,998505.5083333334
3,2010-05-28,350089.23,0,78.6,2.759,214.2037634,7.343,2010,5,21,2,4,1644470.66,1283482.85,1092616.49,1101651.9325000003,1003157.5941666666
24,2010-05-28,1473868.15,0,69.59,3.046,132.2939355,8.211,2010,5,21,2,4,350089.23,979977.89,1437319.45,1225124.4975000003,1030661.6608333333
23,2010-05-28,1571158.56,0,69.26,2.906,132.2939355,5.435,2010,5,21,2,4,1473868.15,1432069.95,2033211.62,1259896.6500000004,1050141.0741666667
22,2010-05-28,1103740.4,0,65.64,2.906,136.1489101,8.348,2010,5,21,2,4,1571158.56,1644470.66,973585.33,1124714.0850000002,1104140.1208333333
21,2010-05-28,755214.26,0,80.94,2.759,210.5552301,8.2,2010,5,21,2,4,1103740.4,350089.23,1875597.28,1225995.3425000003,1125239.4908333335
20,2010-05-28,2065984.95,0,70.97,2.899,204.1406556,7.856,2010,5,21,2,4,755214.26,1473868.15,1836595.58,1374024.5425000002,1195911.2608333332
19,2010-05-28,1648882.62,0,68.85,3.046,132.2939355,8.185,2010,5,21,2,4,2065984.95,1571158.56,267065.35,1393455.5575000003,1251087.7283333333
18,2010-05-28,1256282.79,0,69.12,2.906,132.2939355,9.269,2010,5,21,2,4,1648882.62,1103740.4,1377716.17,1431591.1550000003,1297101.8591666666
17,2010-05-28,872817.62,0,48.19,2.908,126.1602258,6.635,2010,5,21,2,4,1256282.79,755214.26,1101621.36,1460991.9950000003,1262879.7566666666
16,2010-05-28,479430.0,0,52.08,2.737,189.4452425,6.842,2010,5,21,2,4,872817.62,2065984.95,826626.5,1064353.2575000003,1221167.4325
15,2010-05-28,744772.88,0,70.61,3.046,132.2939355,8.185,2010,5,21,2,4,479430.0,1648882.62,435300.51,838325.8225000002,1163892.6766666665
14,2010-05-28,2227152.16,0,69.27,2.899,182.0464181,8.899,2010,5,21,2,4,744772.88,1256282.79,616598.1,1081043.1650000003,1212449.4683333333
13,2010-05-28,1877358.86,0,53.11,2.908,126.1602258,8.107,2010,5,21,2,4,2227152.16,872817.62,2108187.1,1332178.4750000003,1339721.9375
12,2010-05-28,955451.16,0,67.84,3.058,126.1602258,14.099,2010,5,21,2,4,1877358.86,479430.0,1853657.6,1451183.7650000004,1296520.5216666667
11,2010-05-28,1264272.52,0,79.69,2.759,214.2037634,7.343,2010,5,21,2,4,955451.16,744772.88,958374.56,1581058.6750000003,1270946.6849999998
10,2010-05-28,1904618.17,0,76.67,3.058,126.1602258,9.524,2010,5,21,2,4,1264272.52,2227152.16,1271646.62,1500425.1775000002,1337686.4991666665
9,2010-05-28,558143.53,0,77.12,2.759,214.4328505,6.384,2010,5,21,2,4,1904618.17,1877358.86,1847613.58,1170621.3450000002,1321263.9383333332
8,2010-05-28,868041.56,0,74.71,2.759,214.2500323,6.29,2010,5,21,2,4,558143.53,955451.16,506274.94,1148768.9450000003,1221435.3225
7,2010-05-28,442734.55,0,54.24,2.737,189.4452425,8.963,2010,5,21,2,4,868041.56,1264272.52,818333.21,943384.4525000002,1120922.9833333332
5,2010-05-28,310013.11,0,79.81,2.759,211.4507688,6.465,2010,5,21,2,4,442734.55,1904618.17,395195.65,544733.1875000002,1042067.1766666668
25,2010-05-28,792442.54,0,69.31,2.899,204.1406556,7.856,2010,5,21,2,4,310013.11,558143.53,1531938.44,603307.9400000002,1035369.2533333333
26,2010-05-28,1069851.59,0,61.65,2.906,132.2939355,8.512,2010,5,21,2,4,792442.54,868041.56,301615.49,653760.4475000002,1084571.0525
2,2010-05-28,1957113.89,0,81.13,2.759,210.5552301,8.2,2010,5,21,2,4,1069851.59,442734.55,1903752.6,1032355.2825000002,1185599.47
28,2010-05-28,1176588.25,0,67.84,3.058,126.1602258,14.099,2010,5,21,2,4,1957113.89,310013.11,343763.17,1248999.0675000001,1098052.4775
27,2010-05-28,1962468.67,0,67.88,3.046,136.1489101,8.058,2010,5,21,2,4,1176588.25,792442.54,1896937.1,1541505.6,1105144.9616666667
45,2010-05-28,801098.43,0,69.27,2.899,182.0464181,8.899,2010,5,21,2,4,1962468.67,1069851.59,1399662.07,1474317.3100000003,1092282.2341666666
44,2010-05-28,291891.01,0,53.11,2.908,126.1602258,7.972,2010,5,21,2,4,801098.43,1957113.89,1893736.9,1058011.5900000003,1011250.4416666665
43,2010-05-28,630315.76,0,78.59,2.759,202.8716382,9.593,2010,5,21,2,4,291891.01,1176588.25,747888.25,921443.4675000003,905058.5741666666
42,2010-05-28,484097.03,0,76.67,3.058,126.1602258,9.524,2010,5,21,2,4,630315.76,1962468.67,753361.72,551850.5575000002,898888.0325000001
41,2010-05-28,1246654.24,0,56.97,2.737,189.4452425,7.363,2010,5,21,2,4,484097.03,801098.43,1327424.28,663239.5100000002,930439.0891666667
40,2010-05-28,1008483.07,0,67.88,2.906,132.2939355,5.435,2010,5,21,2,4,1246654.24,291891.01,672062.08,842387.5250000003,977584.7991666667
39,2010-05-28,1365541.59,0,80.22,2.759,209.6660514,8.464,2010,5,21,2,4,1008483.07,630315.76,504403.16,1026193.9825000003,1065545.5058333334
38,2010-05-28,326469.43,0,67.84,3.058,126.1602258,14.099,2010,5,21,2,4,1365541.59,484097.03,1163234.33,986787.0825000004,1026714.4133333334
4,2010-05-28,1857533.7,0,67.73,2.756,126.1602258,7.896,2010,5,21,2,4,326469.43,1246654.24,885613.91,1139506.9475000002,1092354.5891666666
36,2010-05-28,447050.42,0,80.87,2.716,209.6660514,8.464,2010,5,21,2,4,1857533.7,1008483.07,1350673.98,999148.7850000003,966515.9666666667
37,2010-05-28,532241.22,0,80.87,2.759,209.6660514,8.464,2010,5,21,2,4,447050.42,1365541.59,340497.08,790823.6925000001,912820.3808333334
30,2010-05-28,462474.16,0,80.94,2.759,210.5552301,8.2,2010,5,21,2,4,532241.22,326469.43,510494.7,824824.8750000001,787820.8383333334
31,2010-05-28,1309437.17,0,80.94,2.759,210.5552301,8.2,2010,5,21,2,4,462474.16,1857533.7,474917.98,687800.7425000002,830182.4
29,2010-05-28,577627.66,0,65.64,2.906,132.2939355,10.16,2010,5,21,2,4,1309437.17,447050.42,1078182.18,720445.0525000002,853993.7875
33,2010-05-28,279246.33,0,78.47,3.058,126.1602258,9.849,2010,5,21,2,4,577627.66,532241.22,913616.32,657196.3300000003,824738.0016666666
34,2010-05-28,942868.38,0,68.68,2.756,126.1602258,9.593,2010,5,21,2,4,279246.33,462474.16,294264.2,777294.8850000002,862968.9474999999
35,2010-05-28,1223777.48,0,67.88,2.899,136.1489101,9.051,2010,5,21,2,4,942868.38,1309437.17,1143819.35,755879.9625000003,861062.5508333333
32,2010-05-28,1205662.85,0,64.69,2.737,189.4452425,8.963,2010,5,21,2,4,1223777.48,577627.66,1337405.6,912888.7600000002,877494.1991666667
25,2010-06-04,764155.44,0,69.22,2.847,204.4042877,7.856,2010,6,22,2,4,1205662.85,279246.33,455751.84,1034116.0375000002,827378.6866666666
33,2010-06-04,285100.0,0,86.06,2.941,126.1360645,9.849,2010,6,22,2,4,764155.44,942868.38,502021.82,869673.9425000002,823931.2341666665
27,2010-06-04,2073102.59,0,74.29,3.006,136.2181682,8.058,2010,6,22,2,4,285100.0,1223777.48,1217923.71,1082005.2200000002,841895.3083333332
28,2010-06-04,1543678.02,0,81.39,2.941,126.1360645,14.099,2010,6,22,2,4,2073102.59,1205662.85,986765.01,1166509.0125000002,933280.9416666668
29,2010-06-04,588017.66,0,69.49,2.857,132.3648387,10.16,2010,6,22,2,4,1543678.02,764155.44,704113.22,1122474.5675000004,937928.9783333334
30,2010-06-04,458343.7,0,82.68,2.705,210.833616,8.2,2010,6,22,2,4,588017.66,285100.0,1283482.85,1165785.4925000002,937584.7733333333
31,2010-06-04,1427624.5,0,82.68,2.705,210.833616,8.2,2010,6,22,2,4,458343.7,2073102.59,979977.89,1004415.9700000003,947433.7174999999
32,2010-06-04,1149234.96,0,66.69,2.7,189.422658,8.963,2010,6,22,2,4,1427624.5,1543678.02,1432069.95,905805.2050000003,995067.6591666667
26,2010-06-04,1003202.66,0,58.46,2.857,132.3648387,8.512,2010,6,22,2,4,1149234.96,588017.66,1644470.66,1009601.4550000003,1055397.3533333333
38,2010-06-04,376184.88,0,81.39,2.941,126.1360645,14.099,2010,6,22,2,4,1003202.66,458343.7,350089.23,989061.7500000002,1008173.7283333334
36,2010-06-04,471088.88,0,79.93,2.664,209.9398091,8.464,2010,6,22,2,4,376184.88,1427624.5,1473868.15,749927.8450000002,945449.6783333333
37,2010-06-04,479195.02,0,79.93,2.705,209.9398091,8.464,2010,6,22,2,4,471088.88,1149234.96,1571158.56,582417.8600000002,884910.6925
39,2010-06-04,1512207.95,0,79.83,2.705,209.9398091,8.464,2010,6,22,2,4,479195.02,1003202.66,1103740.4,709669.1825000002,947248.4016666667
40,2010-06-04,1052429.03,0,65.7,2.857,132.3648387,5.435,2010,6,22,2,4,1512207.95,376184.88,755214.26,878730.2200000002,1011192.4875000002
41,2010-06-04,1305068.1,0,60.13,2.7,189.422658,7.363,2010,6,22,2,4,1052429.03,471088.88,2065984.95,1087225.0250000004,947189.6133333334
42,2010-06-04,556046.12,0,82.82,2.941,126.1360645,9.524,2010,6,22,2,4,1305068.1,479195.02,1648882.62,1106437.8000000003,864886.955
24,2010-06-04,1566668.91,0,71.99,3.006,132.3648387,8.211,2010,6,22,2,4,556046.12,1512207.95,1256282.79,1120053.0400000003,946441.2258333332
44,2010-06-04,282351.82,0,59.85,2.871,126.1360645,7.972,2010,6,22,2,4,1566668.91,1052429.03,872817.62,927533.7375000002,931775.2358333333
45,2010-06-04,837548.62,0,75.93,2.847,182.2389876,8.899,2010,6,22,2,4,282351.82,1305068.1,479430.0,810653.8675000002,882602.2458333332
34,2010-06-04,966187.51,0,72.17,2.701,126.1360645,9.593,2010,6,22,2,4,837548.62,556046.12,744772.88,913189.2150000003,867348.2916666666
43,2010-06-04,682012.53,0,82.76,2.705,203.1222028,9.593,2010,6,22,2,4,966187.51,1566668.91,2227152.16,692025.1200000002,840582.4475000001
35,2010-06-04,1282378.71,0,74.29,2.847,136.2181682,9.051,2010,6,22,2,4,682012.53,282351.82,1877358.86,942031.8425000003,916098.6
21,2010-06-04,806012.48,0,82.68,2.705,210.833616,8.2,2010,6,22,2,4,1282378.71,837548.62,955451.16,934147.8075000002,944008.8999999999
22,2010-06-04,1095539.13,0,69.49,2.857,136.2181682,8.348,2010,6,22,2,4,806012.48,966187.51,1264272.52,966485.7125000001,995370.9091666667
1,2010-06-04,1615524.71,0,80.69,2.705,211.1764278,7.808,2010,6,22,2,4,1095539.13,682012.53,1904618.17,1199863.7575000003,1003980.6391666667
2,2010-06-04,2102539.93,0,81.81,2.705,210.833616,8.2,2010,6,22,2,4,1615524.71,1282378.71,558143.53,1404904.0625000002,1091489.8808333334
3,2010-06-04,396968.8,0,78.53,2.705,214.4958382,7.343,2010,6,22,2,4,2102539.93,806012.48,868041.56,1302643.1425000003,1015814.9391666666
4,2010-06-04,1903290.58,0,70.83,2.701,126.1360645,7.896,2010,6,22,2,4,396968.8,1095539.13,442734.55,1504581.0050000004,1128085.3108333333
5,2010-06-04,337825.89,0,79.54,2.705,211.7325146,6.465,2010,6,22,2,4,1903290.58,1615524.71,310013.11,1185156.3000000003,1025681.7258333334
6,2010-06-04,1857380.09,0,79.44,2.705,212.6982436,7.092,2010,6,22,2,4,337825.89,2102539.93,792442.54,1123866.3400000003,1156934.0816666668
7,2010-06-04,509183.22,0,53.63,2.7,189.422658,8.963,2010,6,22,2,4,1857380.09,396968.8,1069851.59,1151919.9450000003,1129570.2983333333
8,2010-06-04,958225.41,0,75.71,2.705,214.5422806,6.29,2010,6,22,2,4,509183.22,1903290.58,1957113.89,915653.6525000003,1128906.79
9,2010-06-04,586061.46,0,79.65,2.705,214.7257848,6.384,2010,6,22,2,4,958225.41,337825.89,1176588.25,977712.5450000003,1120910.8675
23,2010-06-04,1514435.51,0,64.94,2.857,132.3648387,5.435,2010,6,22,2,4,586061.46,1857380.09,1962468.67,891976.4000000003,1140248.9341666666
11,2010-06-04,1396322.19,0,79.66,2.705,214.4958382,7.343,2010,6,22,2,4,1514435.51,509183.22,801098.43,1113761.1425,1189441.4100000001
12,2010-06-04,1049357.36,0,81.39,2.941,126.1360645,14.099,2010,6,22,2,4,1396322.19,958225.41,291891.01,1136544.1300000004,1185592.9291666667
13,2010-06-04,2022705.22,0,59.85,2.871,126.1360645,8.107,2010,6,22,2,4,1049357.36,586061.46,630315.76,1495705.0700000003,1219524.6383333334
14,2010-06-04,2363601.47,0,75.93,2.847,182.2389876,8.899,2010,6,22,2,4,2022705.22,1514435.51,484097.03,1707996.5600000005,1241279.7666666668
15,2010-06-04,693192.5,0,69.99,3.006,132.3648387,8.185,2010,6,22,2,4,2363601.47,1396322.19,1246654.24,1532214.1375000002,1265965.075
16,2010-06-04,516295.81,0,53.76,2.7,189.422658,6.842,2010,6,22,2,4,693192.5,1049357.36,1008483.07,1398948.7500000002,1150382.1775
17,2010-06-04,876902.87,0,53.79,2.871,126.1360645,6.635,2010,6,22,2,4,516295.81,2022705.22,1365541.59,1112498.1625000003,1195305.2591666665
18,2010-06-04,1271311.76,0,70.28,2.857,132.3648387,9.269,2010,6,22,2,4,876902.87,2363601.47,326469.43,839425.7350000002,1146466.2316666667
19,2010-06-04,1519013.49,0,68.88,3.006,132.3648387,8.185,2010,6,22,2,4,1271311.76,693192.5,1857533.7,1045880.9825000002,1230618.7541666667
20,2010-06-04,2203619.35,0,72.52,2.847,204.4042877,7.856,2010,6,22,2,4,1519013.49,516295.81,447050.42,1467711.8675000002,1334401.5824999998
10,2010-06-04,1931406.28,0,82.82,2.941,126.1360645,9.524,2010,6,22,2,4,2203619.35,876902.87,532241.22,1731337.7200000002,1446513.6508333331
15,2010-06-11,619337.29,0,61.04,2.972,132.4357419,8.185,2010,6,23,2,4,1931406.28,1271311.76,462474.16,1568344.1025000003,1371922.1325
16,2010-06-11,535587.31,0,62.63,2.684,189.4000734,6.842,2010,6,23,2,4,619337.29,1519013.49,1309437.17,1322487.5575000003,1300194.2258333333
17,2010-06-11,845252.21,0,57.14,2.841,126.1119032,6.635,2010,6,23,2,4,535587.31,2203619.35,577627.66,982895.7725000004,1283185.4633333334
21,2010-06-11,784305.55,0,83.51,2.668,211.1120018,8.2,2010,6,23,2,4,845252.21,1931406.28,279246.33,696120.5900000003,1179985.4908333332
19,2010-06-11,1410683.94,0,61.64,2.972,132.4357419,8.185,2010,6,23,2,4,784305.55,619337.29,942868.38,893957.2525000004,1100575.6966666665
20,2010-06-11,2100489.79,0,67.32,2.809,204.6679198,7.856,2010,6,23,2,4,1410683.94,535587.31,1223777.48,1285182.8725000005,1217850.4708333334
18,2010-06-11,1173521.82,0,64.08,2.83,132.4357419,9.269,2010,6,23,2,4,2100489.79,845252.21,1205662.85,1367250.2750000004,1272619.305
14,2010-06-11,2249570.04,0,69.71,2.809,182.4315571,8.899,2010,6,23,2,4,1173521.82,784305.55,764155.44,1733566.3975000004,1387008.2358333336
9,2010-06-11,522715.68,0,83.75,2.668,215.0187191,6.384,2010,6,23,2,4,2249570.04,1410683.94,285100.0,1511574.3325000003,1324625.2291666667
12,2010-06-11,1016039.71,0,90.84,2.949,126.1119032,14.099,2010,6,23,2,4,522715.68,2100489.79,2073102.59,1240461.8125000002,1282710.7475
11,2010-06-11,1339570.85,0,82.81,2.668,214.787913,7.343,2010,6,23,2,4,1016039.71,1173521.82,1543678.02,1281974.0700000003,1210706.7058333333
10,2010-06-11,1827521.71,0,89.67,3.057,126.1119032,9.524,2010,6,23,2,4,1339570.85,2249570.04,588017.66,1176461.9875000003,1202049.6583333334
22,2010-06-11,1061196.47,0,65.01,2.83,136.2874263,8.348,2010,6,23,2,4,1827521.71,522715.68,458343.7,1311082.185,1238871.2566666668
8,2010-06-11,914835.86,0,82.21,2.668,214.834529,6.29,2010,6,23,2,4,1061196.47,1016039.71,1427624.5,1285781.2225000001,1270475.3025
7,2010-06-11,498580.87,0,63.59,2.684,189.4000734,8.963,2010,6,23,2,4,914835.86,1339570.85,1149234.96,1075533.7275000003,1241586.0241666667
6,2010-06-11,1685652.35,0,81.81,2.668,212.9835992,7.092,2010,6,23,2,4,498580.87,1827521.71,1003202.66,1040066.3875000003,1316698.2575
5,2010-06-11,296641.91,0,80.7,2.668,212.0142605,6.465,2010,6,23,2,4,1685652.35,1061196.47,376184.88,848927.7475000003,1223861.4216666666
4,2010-06-11,1870619.23,0,78.45,2.668,126.1119032,7.896,2010,6,23,2,4,296641.91,914835.86,471088.88,1087873.5900000003,1204705.5416666667
3,2010-06-11,355017.09,0,82.1,2.668,214.787913,7.343,2010,6,23,2,4,1870619.23,498580.87,479195.02,1051982.6450000003,1136496.8141666667
13,2010-06-11,2037880.96,0,65.24,2.841,126.1119032,8.107,2010,6,23,2,4,355017.09,1685652.35,1512207.95,1140039.7975000003,1118856.0575
23,2010-06-11,1439432.06,0,58.35,2.83,132.4357419,5.435,2010,6,23,2,4,2037880.96,296641.91,1052429.03,1425737.3350000002,1195249.0891666666
28,2010-06-11,1348995.17,0,90.84,2.949,126.1119032,14.099,2010,6,23,2,4,1439432.06,1870619.23,1305068.1,1295331.3200000003,1222995.3775000002
25,2010-06-11,737163.2,0,63.68,2.809,204.6679198,7.856,2010,6,23,2,4,1348995.17,355017.09,556046.12,1390867.8475000004,1172794.74
45,2010-06-11,794698.77,0,69.71,2.809,182.4315571,8.899,2010,6,23,2,4,737163.2,2037880.96,1566668.91,1080072.3000000003,1086726.1616666666
2,2010-06-11,2025538.76,0,83.4,2.668,211.1120018,8.2,2010,6,23,2,4,794698.77,1439432.06,282351.82,1226598.975,1167088.0191666665
44,2010-06-11,296818.2,0,65.24,2.841,126.1119032,7.972,2010,6,23,2,4,2025538.76,1348995.17,837548.62,963554.7325000003,1115586.5475
43,2010-06-11,684023.95,0,88.12,2.668,203.3727673,9.593,2010,6,23,2,4,296818.2,737163.2,966187.51,950269.9200000003,1131040.1375
42,2010-06-11,607218.6,0,89.67,3.057,126.1119032,9.524,2010,6,23,2,4,684023.95,794698.77,682012.53,903399.8775000003,1041170.6583333333
41,2010-06-11,1217199.39,0,63.36,2.684,189.4000734,7.363,2010,6,23,2,4,607218.6,2025538.76,1282378.71,701315.0350000001,1117883.7816666667
40,2010-06-11,1007574.67,0,59.42,2.83,132.4357419,5.435,2010,6,23,2,4,1217199.39,296818.2,806012.48,879004.1525000001,1045963.4016666667
39,2010-06-11,1371405.33,0,81.78,2.668,210.2135668,8.464,2010,6,23,2,4,1007574.67,684023.95,1095539.13,1050849.4975,1130662.4216666666
38,2010-06-11,354828.65,0,90.84,2.949,126.1119032,14.099,2010,6,23,2,4,1371405.33,607218.6,1615524.71,987752.0100000001,990408.0625
37,2010-06-11,481915.11,0,82.3,2.668,210.2135668,8.464,2010,6,23,2,4,354828.65,1217199.39,2102539.93,803930.9400000002,910614.9833333334
36,2010-06-11,467711.18,0,82.3,2.615,210.2135668,8.464,2010,6,23,2,4,481915.11,1007574.67,396968.8,668965.0675000002,837174.6508333333
35,2010-06-11,1160412.71,0,68.9,2.809,136.2874263,9.051,2010,6,23,2,4,467711.18,1371405.33,1903290.58,616216.9125000002,872445.4433333334
33,2010-06-11,310800.79,0,93.52,3.057,126.1119032,9.849,2010,6,23,2,4,1160412.71,354828.65,337825.89,605209.9475000002,832120.6116666667
32,2010-06-11,1192074.09,0,70.86,2.684,189.4000734,8.963,2010,6,23,2,4,310800.79,481915.11,1857380.09,782749.6925000002,762665.2225
31,2010-06-11,1377092.33,0,83.51,2.668,211.1120018,8.2,2010,6,23,2,4,1192074.09,467711.18,509183.22,1010094.9800000002,852688.0666666665
30,2010-06-11,445530.16,0,83.51,2.668,211.1120018,8.2,2010,6,23,2,4,1377092.33,1160412.71,958225.41,831374.3425000003,832813.5841666666
29,2010-06-11,540716.58,0,65.01,2.83,132.4357419,10.16,2010,6,23,2,4,445530.16,310800.79,586061.46,888853.2900000003,827271.7491666666
27,2010-06-11,1873812.93,0,68.9,2.972,136.2874263,8.058,2010,6,23,2,4,540716.58,1192074.09,1514435.51,1059288.0000000002,881989.5441666666
26,2010-06-11,1073862.59,0,51.62,2.83,132.4357419,8.512,2010,6,23,2,4,1873812.93,1377092.33,1396322.19,983480.5650000002,887513.5375
24,2010-06-11,1375458.21,0,64.84,2.972,132.4357419,8.211,2010,6,23,2,4,1073862.59,445530.16,1049357.36,1215962.5775000001,887851.2775
34,2010-06-11,954681.56,0,80.84,2.668,126.1119032,9.593,2010,6,23,2,4,1375458.21,540716.58,2022705.22,1319453.8225000002,937839.0199999999
1,2010-06-11,1542561.09,0,80.43,2.668,211.4560951,7.808,2010,6,23,2,4,954681.56,1873812.93,2363601.47,1236640.8625000003,1026226.185
32,2010-06-18,1150191.72,0,60.94,2.674,189.4185259,8.963,2010,6,24,2,4,1542561.09,1073862.59,693192.5,1255723.1450000003,1083099.5633333332
24,2010-06-18,1354168.18,0,67.17,2.942,132.4733333,8.211,2010,6,24,2,4,1150191.72,1375458.21,516295.81,1250400.6375000002,1099245.8525
25,2010-06-18,780444.94,0,69.56,2.78,204.670036,7.856,2010,6,24,2,4,1354168.18,954681.56,876902.87,1206841.4825000002,1138382.865
27,2010-06-18,1887182.27,0,70.0,2.942,136.3243393,8.058,2010,6,24,2,4,780444.94,1542561.09,1271311.76,1292996.7775000003,1196308.5466666666
28,2010-06-18,1267619.06,0,81.06,3.043,126.114,14.099,2010,6,24,2,4,1887182.27,1150191.72,1519013.49,1322353.6125000003,1187185.7741666667
29,2010-06-18,558731.74,0,67.13,2.805,132.4733333,10.16,2010,6,24,2,4,1267619.06,1354168.18,2203619.35,1123494.5025000002,1196619.2391666668
30,2010-06-18,447727.52,0,86.18,2.637,211.1096543,8.2,2010,6,24,2,4,558731.74,780444.94,1931406.28,1040315.1475000002,1188870.1508333334
31,2010-06-18,1368090.08,0,86.18,2.637,211.1096543,8.2,2010,6,24,2,4,447727.52,1887182.27,619337.29,910542.1000000003,1146726.58
33,2010-06-18,272399.08,0,87.69,2.935,126.114,9.849,2010,6,24,2,4,1368090.08,1267619.06,535587.31,661737.1050000002,1079937.9541666668
34,2010-06-18,941612.04,0,73.48,2.635,126.114,9.593,2010,6,24,2,4,272399.08,558731.74,845252.21,757457.1800000003,1043784.1066666666
23,2010-06-18,1507708.93,0,60.29,2.805,132.4733333,5.435,2010,6,24,2,4,941612.04,447727.52,784305.55,1022452.5325000002,1089869.7208333332
35,2010-06-18,1198025.76,0,70.0,2.78,136.3243393,9.051,2010,6,24,2,4,1507708.93,1368090.08,1410683.94,979936.4525000002,1061158.4433333334
37,2010-06-18,505761.62,0,84.37,2.637,210.2108417,8.464,2010,6,24,2,4,1198025.76,272399.08,2100489.79,1038277.0875000003,1007455.935
38,2010-06-18,335691.85,0,81.06,3.043,126.114,14.099,2010,6,24,2,4,505761.62,941612.04,1173521.82,886797.0400000003,922582.9075000001
39,2010-06-18,1368312.45,0,83.96,2.637,210.2108417,8.464,2010,6,24,2,4,335691.85,1507708.93,2249570.04,851947.9200000002,971571.8666666666
40,2010-06-18,973105.3,0,60.97,2.805,132.4733333,5.435,2010,6,24,2,4,1368312.45,1198025.76,522715.68,795717.8050000003,895398.7858333333
41,2010-06-18,1202963.06,0,54.9,2.674,189.4185259,7.363,2010,6,24,2,4,973105.3,505761.62,1016039.71,970018.1650000003,890010.7858333333
42,2010-06-18,529418.64,0,83.49,2.935,126.114,9.524,2010,6,24,2,4,1202963.06,335691.85,1339570.85,1018449.8625000003,887568.0275000002
43,2010-06-18,700009.77,0,84.9,2.637,203.370619,9.593,2010,6,24,2,4,529418.64,1368312.45,1827521.71,851374.1925000002,908591.5483333333
44,2010-06-18,293481.36,0,58.41,2.819,126.114,7.972,2010,6,24,2,4,700009.77,973105.3,1061196.47,681468.2075000003,819040.8216666667
45,2010-06-18,815130.5,0,72.62,2.78,182.4424199,8.899,2010,6,24,2,4,293481.36,1202963.06,914835.86,584510.0675000002,864268.44
36,2010-06-18,485694.72,0,84.37,2.572,210.2108417,8.464,2010,6,24,2,4,815130.5,529418.64,498580.87,573579.0875000001,826275.3300000001
22,2010-06-18,1052895.25,0,67.13,2.805,136.3243393,8.348,2010,6,24,2,4,485694.72,700009.77,1685652.35,661800.4575000003,788374.1900000001
26,2010-06-18,1001286.67,0,53.62,2.805,132.4733333,8.512,2010,6,24,2,4,1052895.25,293481.36,296641.91,838751.7850000003,771979.2658333333
20,2010-06-18,2091903.63,0,72.62,2.78,204.670036,7.856,2010,6,24,2,4,1001286.67,815130.5,1870619.23,1157945.0675000004,904157.7666666667
1,2010-06-18,1503284.06,0,84.11,2.637,211.4537719,7.808,2010,6,24,2,4,2091903.63,485694.72,355017.09,1412342.4025000003,1001457.1175
2,2010-06-18,2001636.96,0,85.81,2.637,211.1096543,8.2,2010,6,24,2,4,1503284.06,1052895.25,2037880.96,1649527.8300000003,1054234.16
3,2010-06-18,364076.85,0,83.52,2.637,214.7858259,7.343,2010,6,24,2,4,2001636.96,1001286.67,1439432.06,1490225.3750000002,1003481.7891666666
4,2010-06-18,1929736.35,0,81.53,2.635,126.114,7.896,2010,6,24,2,4,364076.85,2091903.63,1348995.17,1449683.5550000002,1064046.2300000002
5,2010-06-18,313795.6,0,83.91,2.637,212.0119769,6.465,2010,6,24,2,4,1929736.35,1503284.06,737163.2,1152311.4400000002,1046077.6433333334
6,2010-06-18,1677248.24,0,83.89,2.637,212.9813843,7.092,2010,6,24,2,4,313795.6,2001636.96,794698.77,1071214.2600000002,1127514.1825
21,2010-06-18,785104.29,0,86.18,2.637,211.1096543,8.2,2010,6,24,2,4,1677248.24,364076.85,2025538.76,1176471.12,1168482.76
8,2010-06-18,869922.56,0,78.79,2.637,214.8324452,6.29,2010,6,24,2,4,785104.29,1929736.35,296818.2,911517.6725000002,1173048.765
9,2010-06-18,513073.87,0,82.99,2.637,215.0166484,6.384,2010,6,24,2,4,869922.56,313795.6,684023.95,961337.2400000002,1175330.3608333333
10,2010-06-18,1837636.24,0,83.49,2.935,126.114,9.524,2010,6,24,2,4,513073.87,1677248.24,607218.6,1001434.2400000002,1240725.4433333334
7,2010-06-18,481144.09,0,52.7,2.674,189.4185259,8.963,2010,6,24,2,4,1837636.24,785104.29,1217199.39,925444.1900000002,1197380.2283333333
12,2010-06-18,956211.2,0,81.06,3.043,126.114,14.099,2010,6,24,2,4,481144.09,869922.56,1007574.67,947016.3500000002,1102739.1925
11,2010-06-18,1336522.92,0,84.13,2.637,214.7858259,7.343,2010,6,24,2,4,956211.2,513073.87,1371405.33,1152878.6125000003,1088842.4308333334
18,2010-06-18,1183225.92,0,65.96,2.805,132.4733333,9.269,2010,6,24,2,4,1336522.92,1837636.24,354828.65,989276.0325000002,1020641.5108333332
17,2010-06-18,877996.27,0,54.94,2.819,126.114,6.635,2010,6,24,2,4,1183225.92,481144.09,481915.11,1088489.0775000001,1063468.1291666667
16,2010-06-18,540149.85,0,52.4,2.674,189.4185259,6.842,2010,6,24,2,4,877996.27,956211.2,467711.18,984473.7400000002,947669.2541666665
19,2010-06-18,1457314.39,0,66.25,2.942,132.4733333,8.185,2010,6,24,2,4,540149.85,1336522.92,1160412.71,1014671.6075000002,1042962.4866666667
14,2010-06-18,2248645.59,0,72.62,2.78,182.4424199,8.899,2010,6,24,2,4,1457314.39,1183225.92,310800.79,1281026.5250000001,1090578.9325
13,2010-06-18,2003435.31,0,58.41,2.819,126.114,8.107,2010,6,24,2,4,2248645.59,877996.27,1192074.09,1562386.2850000001,1192106.5174999998
15,2010-06-18,652329.53,0,65.83,2.942,132.4733333,8.185,2010,6,24,2,4,2003435.31,540149.85,1377092.33,1590431.205,1173973.765
35,2010-06-25,1230245.74,0,78.02,2.808,136.3483143,9.051,2010,6,25,2,4,652329.53,1457314.39,445530.16,1533664.0425000002,1233738.0875000001
28,2010-06-25,1231025.07,0,87.27,3.084,126.1266,14.099,2010,6,25,2,4,1230245.74,2248645.59,540716.58,1279258.9125000003,1183187.1566666665
27,2010-06-25,1962625.01,0,78.02,2.958,136.3483143,8.058,2010,6,25,2,4,1231025.07,2003435.31,1873812.93,1269056.3375000004,1306643.9000000001
29,2010-06-25,585548.79,0,74.37,2.81,132.4976,10.16,2010,6,25,2,4,1962625.01,652329.53,1073862.59,1252361.1525000003,1275755.3658333335
30,2010-06-25,453210.24,0,87.01,2.653,210.9950134,8.2,2010,6,25,2,4,585548.79,1230245.74,1375458.21,1058102.2775000003,1202145.9758333333
31,2010-06-25,1303523.73,0,87.01,2.653,210.9950134,8.2,2010,6,25,2,4,453210.24,1231025.07,954681.56,1076226.9425000001,1212170.7933333332
32,2010-06-25,1124763.74,0,72.42,2.715,189.4533931,8.963,2010,6,25,2,4,1303523.73,1962625.01,1542561.09,866761.6250000002,1232734.7491666665
33,2010-06-25,259419.91,0,93.66,3.084,126.1266,9.849,2010,6,25,2,4,1124763.74,585548.79,1150191.72,785229.4050000003,1209340.5875
34,2010-06-25,895800.07,0,78.47,2.654,126.1266,9.593,2010,6,25,2,4,259419.91,453210.24,1354168.18,895876.8625000002,1162547.7275
36,2010-06-25,434879.87,0,84.14,2.601,210.0975233,8.464,2010,6,25,2,4,895800.07,1303523.73,780444.94,678715.8975000002,1011400.5841666668
3,2010-06-25,357346.48,0,83.79,2.653,214.6660741,7.343,2010,6,25,2,4,434879.87,1124763.74,1887182.27,486861.58250000025,874226.515
38,2010-06-25,322046.76,0,87.27,3.084,126.1266,14.099,2010,6,25,2,4,357346.48,259419.91,1267619.06,502518.2950000003,846702.9508333333
39,2010-06-25,1280414.8,0,83.24,2.653,210.0975233,8.464,2010,6,25,2,4,322046.76,895800.07,558731.74,598671.9775000003,850883.7058333334
40,2010-06-25,940405.03,0,69.72,2.81,132.4976,5.435,2010,6,25,2,4,1280414.8,434879.87,447727.52,725053.2675000002,826665.3691666668
41,2010-06-25,1174209.52,0,66.0,2.715,189.4533931,7.363,2010,6,25,2,4,940405.03,357346.48,1368090.08,929269.0275000002,760964.0783333333
42,2010-06-25,484327.56,0,90.32,3.084,126.1266,9.524,2010,6,25,2,4,1174209.52,322046.76,272399.08,969839.2275000003,752528.9758333332
43,2010-06-25,625196.14,0,88.48,2.653,203.2673857,9.593,2010,6,25,2,4,484327.56,1280414.8,941612.04,806034.5625000002,766861.1341666668
44,2010-06-25,288247.24,0,71.83,2.82,126.1266,7.972,2010,6,25,2,4,625196.14,940405.03,1507708.93,642995.1150000001,682254.76
26,2010-06-25,976242.09,0,63.78,2.81,132.4976,8.512,2010,6,25,2,4,288247.24,1174209.52,1198025.76,593503.2575000002,669877.9558333333
45,2010-06-25,792299.15,0,79.32,2.808,182.3806,8.899,2010,6,25,2,4,976242.09,484327.56,505761.62,670496.1550000001,714284.5591666667
37,2010-06-25,485419.39,0,84.14,2.653,210.0975233,8.464,2010,6,25,2,4,792299.15,625196.14,335691.85,635551.9675000001,680086.1691666666
25,2010-06-25,737569.14,0,72.17,2.808,204.5675459,7.856,2010,6,25,2,4,485419.39,288247.24,1368312.45,747882.4425000002,705310.275
14,2010-06-25,2246179.91,0,79.32,2.808,182.3806,8.899,2010,6,25,2,4,737569.14,976242.09,973105.3,1065366.8975000002,862713.0608333334
23,2010-06-25,1415204.88,0,69.83,2.81,132.4976,5.435,2010,6,25,2,4,2246179.91,792299.15,1202963.06,1221093.33,953809.5708333334
1,2010-06-25,1422711.6,0,84.34,2.653,211.3386526,7.808,2010,6,25,2,4,1415204.88,485419.39,529418.64,1455416.3825000003,965667.6375000001
24,2010-06-25,1399073.75,0,74.9,2.958,132.4976,8.211,2010,6,25,2,4,1422711.6,737569.14,700009.77,1620792.5350000001,1003890.0308333334
5,2010-06-25,295257.3,0,83.72,2.653,211.8960815,6.465,2010,6,25,2,4,1399073.75,2246179.91,293481.36,1133061.8825,930644.0125000001
6,2010-06-25,1640681.88,0,84.2,2.653,212.8641412,7.092,2010,6,25,2,4,295257.3,1415204.88,815130.5,1189431.1325,1027006.8725
7,2010-06-25,553714.87,0,59.94,2.715,189.4533931,8.963,2010,6,25,2,4,1640681.88,1422711.6,485694.72,972181.9500000001,1021050.1
8,2010-06-25,814919.11,0,81.78,2.653,214.7126286,6.29,2010,6,25,2,4,553714.87,1399073.75,1052895.25,826143.29,1064939.4225
9,2010-06-25,509263.28,0,85.02,2.653,214.8965756,6.384,2010,6,25,2,4,814919.11,295257.3,1001286.67,879644.7850000001,1026024.5216666666
10,2010-06-25,1768172.31,0,90.32,3.084,126.1266,9.524,2010,6,25,2,4,509263.28,1640681.88,2091903.63,911517.3925000001,1107347.285
11,2010-06-25,1262025.08,0,84.5,2.653,214.6660741,7.343,2010,6,25,2,4,1768172.31,553714.87,1503284.06,1088594.945,1172064.4258333335
12,2010-06-25,958007.69,0,87.27,3.084,126.1266,14.099,2010,6,25,2,4,1262025.08,814919.11,2001636.96,1124367.09,1190434.305
4,2010-06-25,1846651.95,0,81.1,2.654,126.1266,7.896,2010,6,25,2,4,958007.69,509263.28,364076.85,1458714.2575,1157140.3083333333
2,2010-06-25,1939927.09,0,86.26,2.653,210.9950134,8.2,2010,6,25,2,4,1846651.95,1768172.31,1929736.35,1501652.9525000001,1200867.1591666667
15,2010-06-25,672194.03,0,72.79,2.958,132.4976,8.185,2010,6,25,2,4,1939927.09,1262025.08,313795.6,1354195.1900000002,1138324.0283333333
16,2010-06-25,546554.96,0,62.37,2.715,189.4533931,6.842,2010,6,25,2,4,672194.03,958007.69,1677248.24,1251332.0075,1067280.7958333332
17,2010-06-25,893995.44,0,62.64,2.82,126.1266,6.635,2010,6,25,2,4,546554.96,1846651.95,785104.29,1013167.8800000001,1117175.6408333334
18,2010-06-25,1220983.17,0,74.04,2.81,132.4976,9.269,2010,6,25,2,4,893995.44,1939927.09,869922.56,833431.9000000001,1082200.7483333333
19,2010-06-25,1450407.32,0,72.3,2.958,132.4976,8.185,2010,6,25,2,4,1220983.17,672194.03,513073.87,1027985.2225000001,1156925.1191666666
20,2010-06-25,1973135.87,0,75.17,2.808,204.5675459,7.856,2010,6,25,2,4,1450407.32,546554.96,1837636.24,1384630.4500000002,1253443.1824999999
13,2010-06-25,1970340.25,0,71.83,2.82,126.1266,8.107,2010,6,25,2,4,1973135.87,893995.44,481144.09,1653716.6525000003,1375199.5966666667
21,2010-06-25,769848.75,0,87.01,2.653,210.9950134,8.2,2010,6,25,2,4,1970340.25,1220983.17,956211.2,1540933.0475000003,1292005.9666666666
22,2010-06-25,1095020.33,0,74.37,2.81,136.3483143,8.348,2010,6,25,2,4,769848.75,1450407.32,1336522.92,1452086.3000000003,1278088.9041666666
16,2010-07-02,610641.42,0,64.44,2.728,189.4882603,6.868,2010,7,26,3,4,1095020.33,1973135.87,1183225.92,1111462.6875000002,1249141.715
17,2010-07-02,958875.37,0,68.98,2.814,126.1392,6.697,2010,7,26,3,4,610641.42,1970340.25,877996.27,858596.4675000003,1175160.3333333333
18,2010-07-02,1257928.35,0,71.22,2.815,132.5218667,9.342,2010,7,26,3,4,958875.37,769848.75,540149.85,980616.3675000002,1118327.1050000002
21,2010-07-02,711470.8,0,82.29,2.669,210.8803726,8.099,2010,7,26,3,4,1257928.35,1095020.33,1457314.39,884728.9850000002,1121600.1691666667
20,2010-07-02,2143676.77,0,70.1,2.815,204.4650559,7.527,2010,7,26,3,4,711470.8,610641.42,2248645.59,1267987.8225000002,1254693.6533333333
15,2010-07-02,709337.11,0,66.13,2.958,132.5218667,8.099,2010,7,26,3,4,2143676.77,958875.37,2003435.31,1205603.2575,1239305.4591666667
22,2010-07-02,1120259.71,0,72.88,2.815,136.3722893,8.433,2010,7,26,3,4,709337.11,1257928.35,652329.53,1171186.0975000001,1230911.8375
23,2010-07-02,1549113.18,0,64.76,2.815,132.5218667,5.326,2010,7,26,3,4,1120259.71,711470.8,1230245.74,1380596.6925000001,1239137.3258333334
19,2010-07-02,1549018.68,0,66.25,2.958,132.5218667,8.099,2010,7,26,3,4,1549113.18,2143676.77,1231025.07,1231932.17,1203794.2266666666
14,2010-07-02,2334788.42,0,76.61,2.815,182.3187801,8.743,2010,7,26,3,4,1549018.68,709337.11,1962625.01,1638294.9975,1234164.9075
24,2010-07-02,1563387.94,0,71.12,2.958,132.5218667,8.117,2010,7,26,3,4,2334788.42,1120259.71,585548.79,1749077.0550000002,1300293.1733333333
12,2010-07-02,951957.31,0,91.98,3.105,126.1392,14.18,2010,7,26,3,4,1563387.94,1549113.18,453210.24,1599788.0875,1288371.255
11,2010-07-02,1302600.14,0,83.09,2.669,214.5463222,7.346,2010,7,26,3,4,951957.31,1549018.68,1303523.73,1538183.4525000001,1346034.4816666667
10,2010-07-02,1845893.87,0,92.89,2.978,126.1392,9.199,2010,7,26,3,4,1302600.14,2334788.42,1124763.74,1415959.8150000002,1419952.6900000002
8,2010-07-02,852333.75,0,74.78,2.669,214.5928119,6.315,2010,7,26,3,4,1845893.87,1563387.94,259419.91,1238196.2675,1386153.14
7,2010-07-02,575570.77,0,61.31,2.728,189.4882603,9.017,2010,7,26,3,4,852333.75,951957.31,895800.07,1144099.6325,1374828.1375
6,2010-07-02,1759777.25,0,80.34,2.669,212.746898,6.973,2010,7,26,3,4,575570.77,1302600.14,434879.87,1258393.9100000001,1342836.5108333332
5,2010-07-02,305993.27,0,81.25,2.669,211.7801861,6.496,2010,7,26,3,4,1759777.25,1845893.87,357346.48,873418.7600000002,1309224.5241666667
4,2010-07-02,1881337.21,0,73.66,2.668,126.1392,7.372,2010,7,26,3,4,305993.27,852333.75,322046.76,1130669.6250000002,1372647.6491666667
3,2010-07-02,381151.72,0,82.2,2.669,214.5463222,7.346,2010,7,26,3,4,1881337.21,575570.77,1280414.8,1082064.8625,1275317.5275
1,2010-07-02,1492418.14,0,80.91,2.669,211.2235333,7.787,2010,7,26,3,4,381151.72,1759777.25,940405.03,1015225.085,1270600.8158333332
13,2010-07-02,2018314.71,0,78.82,2.814,126.1392,7.951,2010,7,26,3,4,1492418.14,305993.27,1174209.52,1443305.445,1244228.0066666666
9,2010-07-02,528832.54,0,78.55,2.669,214.7765028,6.442,2010,7,26,3,4,2018314.71,1881337.21,484327.56,1105179.2775,1158015.0566666666
2,2010-07-02,2003940.64,0,82.74,2.669,210.8803726,8.099,2010,7,26,3,4,528832.54,381151.72,625196.14,1510876.5075,1245680.3341666667
27,2010-07-02,2024554.1,0,76.25,2.958,136.3722893,7.982,2010,7,26,3,4,2003940.64,1492418.14,288247.24,1643910.4975,1305843.1641666668
25,2010-07-02,759407.87,0,66.42,2.815,204.4650559,7.527,2010,7,26,3,4,2024554.1,2018314.71,976242.09,1329183.7875,1215302.6641666666
45,2010-07-02,800147.84,0,76.61,2.815,182.3187801,8.743,2010,7,26,3,4,759407.87,528832.54,792299.15,1397012.6125000003,1210953.8383333331
44,2010-07-02,300628.19,0,78.82,2.814,126.1392,7.804,2010,7,26,3,4,800147.84,2003940.64,485419.39,971184.5000000001,1188041.9566666668
43,2010-07-02,667353.79,0,80.17,2.669,203.1641524,9.816,2010,7,26,3,4,300628.19,2024554.1,737569.14,631884.4225000001,1097006.6683333332
42,2010-07-02,507168.8,0,92.89,2.978,126.1392,9.199,2010,7,26,3,4,667353.79,759407.87,2246179.91,568824.655,1113771.2958333334
41,2010-07-02,1273279.79,0,69.39,2.728,189.4882603,7.335,2010,7,26,3,4,507168.8,800147.84,1415204.88,687107.6425000001,1063099.8441666665
40,2010-07-02,1087578.78,0,65.47,2.815,132.5218667,5.326,2010,7,26,3,4,1273279.79,300628.19,1422711.6,883845.2900000002,1121968.7658333334
39,2010-07-02,1352547.7,0,81.35,2.669,209.984205,8.36,2010,7,26,3,4,1087578.78,667353.79,1399073.75,1055143.7675,1110312.8958333333
38,2010-07-02,361181.48,0,91.98,3.105,126.1392,14.18,2010,7,26,3,4,1352547.7,507168.8,295257.3,1018646.9375000002,972218.4600000001
26,2010-07-02,1078455.48,0,58.9,2.815,132.5218667,8.445,2010,7,26,3,4,361181.48,1273279.79,1640681.88,969940.8600000001,1018020.3716666666
36,2010-07-02,434252.15,0,81.85,2.606,209.984205,8.36,2010,7,26,3,4,1078455.48,1087578.78,553714.87,806609.2025000001,887212.9975
35,2010-07-02,1245827.08,0,76.25,2.815,136.3722893,8.861,2010,7,26,3,4,434252.15,1352547.7,814919.11,779929.0475000001,822319.0791666666
34,2010-07-02,919229.36,0,73.66,2.668,126.1392,9.816,2010,7,26,3,4,1245827.08,361181.48,509263.28,919441.0175000002,835637.5366666667
33,2010-07-02,267495.76,0,97.66,2.978,126.1392,9.495,2010,7,26,3,4,919229.36,1078455.48,1768172.31,716701.0875000001,791249.8633333334
32,2010-07-02,1187988.64,0,74.74,2.728,189.4882603,9.017,2010,7,26,3,4,267495.76,434252.15,1262025.08,905135.2100000002,865196.5674999999
31,2010-07-02,1311704.92,0,82.29,2.669,210.8803726,8.099,2010,7,26,3,4,1187988.64,1245827.08,958007.69,921604.6700000002,918892.495
30,2010-07-02,450337.47,0,82.29,2.669,210.8803726,8.099,2010,7,26,3,4,1311704.92,919229.36,1846651.95,804381.6975000002,914156.5508333333
29,2010-07-02,581473.55,0,72.88,2.815,132.5218667,10.409,2010,7,26,3,4,450337.47,267495.76,1939927.09,882876.1450000001,856506.0308333334
28,2010-07-02,1399960.15,0,91.98,3.105,126.1392,14.18,2010,7,26,3,4,581473.55,1187988.64,672194.03,935869.0225000002,882537.8116666665
37,2010-07-02,498292.53,0,81.85,2.669,209.984205,8.36,2010,7,26,3,4,1399960.15,1311704.92,546554.96,732515.9250000003,811349.8808333334
32,2010-07-09,1077253.67,0,67.55,2.711,189.5231276,9.017,2010,7,27,3,4,498292.53,450337.47,893995.44,889244.9750000003,871022.5633333334
31,2010-07-09,1315118.4,0,81.67,2.642,210.7657317,8.099,2010,7,27,3,4,1077253.67,581473.55,1220983.17,1072656.1875000002,890744.4733333333
30,2010-07-09,436293.4,0,81.67,2.642,210.7657317,8.099,2010,7,27,3,4,1315118.4,1399960.15,1450407.32,831739.5000000002,890914.5775
27,2010-07-09,2119163.01,0,82.69,2.94,136.3962643,7.982,2010,7,27,3,4,436293.4,498292.53,1973135.87,1236957.12,963692.5716666667
28,2010-07-09,1340293.87,0,90.37,3.1,126.1518,14.18,2010,7,27,3,4,2119163.01,1077253.67,1970340.25,1302717.1700000002,998781.2808333333
33,2010-07-09,302423.93,0,95.88,3.1,126.1518,9.495,2010,7,27,3,4,1340293.87,1315118.4,769848.75,1049543.5525000002,1001691.9616666666
26,2010-07-09,1122356.53,0,71.08,2.806,132.5461333,8.445,2010,7,27,3,4,302423.93,436293.4,1095020.33,1221059.3350000002,996222.6191666666
29,2010-07-09,563449.43,0,79.22,2.806,132.5461333,10.409,2010,7,27,3,4,1122356.53,2119163.01,610641.42,832130.9400000003,933867.995
34,2010-07-09,911210.81,0,75.0,2.637,126.1518,9.816,2010,7,27,3,4,563449.43,1340293.87,958875.37,724860.1750000003,972274.1066666666
38,2010-07-09,343850.34,0,90.37,3.1,126.1518,14.18,2010,7,27,3,4,911210.81,302423.93,1257928.35,735216.7775000002,952472.1725
36,2010-07-09,471713.59,0,81.74,2.596,209.8708867,8.36,2010,7,27,3,4,343850.34,1122356.53,711470.8,572556.0425000002,875118.2925
37,2010-07-09,502456.04,0,81.74,2.642,209.8708867,8.36,2010,7,27,3,4,471713.59,563449.43,2143676.77,557307.6950000002,875465.2516666666
25,2010-07-09,719591.13,0,75.24,2.793,204.3625658,7.527,2010,7,27,3,4,502456.04,911210.81,709337.11,509402.7750000002,845660.0399999999
39,2010-07-09,1330473.47,0,81.1,2.642,209.8708867,8.36,2010,7,27,3,4,719591.13,343850.34,1120259.71,756058.5575000002,846939.6291666668
40,2010-07-09,1058250.91,0,76.67,2.806,132.5461333,5.326,2010,7,27,3,4,1330473.47,471713.59,1549113.18,902692.8875000002,898769.4216666667
41,2010-07-09,1176079.59,0,60.93,2.711,189.5231276,7.335,2010,7,27,3,4,1058250.91,502456.04,1549018.68,1071098.7750000004,820179.1366666667
42,2010-07-09,570069.48,0,91.03,3.1,126.1518,9.199,2010,7,27,3,4,1176079.59,719591.13,2334788.42,1033718.3625000003,755993.7708333334
43,2010-07-09,718748.33,0,81.52,2.642,203.060919,9.816,2010,7,27,3,4,570069.48,1330473.47,1563387.94,880787.0775000002,790687.4708333333
35,2010-07-09,1268766.76,0,82.69,2.793,136.3962643,8.861,2010,7,27,3,4,718748.33,1058250.91,951957.31,933416.0400000003,802888.3233333334
24,2010-07-09,1665502.55,0,79.05,2.94,132.5461333,8.117,2010,7,27,3,4,1268766.76,1176079.59,1302600.14,1055771.7800000003,894726.0833333334
20,2010-07-09,2107285.85,0,78.09,2.793,204.3625658,7.527,2010,7,27,3,4,1665502.55,570069.48,1845893.87,1440075.8725,994399.0033333333
22,2010-07-09,1092654.26,0,79.22,2.806,136.3962643,8.433,2010,7,27,3,4,2107285.85,718748.33,852333.75,1533552.3550000002,1056799.33
2,2010-07-09,1880902.62,0,82.59,2.642,210.7657317,8.099,2010,7,27,3,4,1092654.26,1268766.76,575570.77,1686586.3200000003,1174231.7491666668
3,2010-07-09,349214.18,0,81.75,2.642,214.4265704,7.346,2010,7,27,3,4,1880902.62,1665502.55,1759777.25,1357514.2275000003,1161461.5941666665
4,2010-07-09,1812208.22,0,80.35,2.637,126.1518,7.372,2010,7,27,3,4,349214.18,2107285.85,305993.27,1283744.82,1252513.0183333333
5,2010-07-09,291808.87,0,81.14,2.642,211.6642907,6.496,2010,7,27,3,4,1812208.22,1092654.26,1881337.21,1083533.4725000001,1165957.635
1,2010-07-09,1546074.18,0,80.48,2.642,211.108414,7.787,2010,7,27,3,4,291808.87,1880902.62,381151.72,999826.3625000002,1206609.5741666667
6,2010-07-09,1690317.99,0,80.93,2.642,212.6296549,6.973,2010,7,27,3,4,1546074.18,349214.18,1492418.14,1335102.3150000002,1249462.7741666667
7,2010-07-09,593462.34,0,58.0,2.711,189.5231276,9.017,2010,7,27,3,4,1690317.99,1812208.22,2018314.71,1030415.8450000002,1251412.1791666665
8,2010-07-09,845289.77,0,72.49,2.642,214.4729952,6.315,2010,7,27,3,4,593462.34,291808.87,528832.54,1168786.07,1261957.2991666666
9,2010-07-09,485389.15,0,78.51,2.642,214.6564301,6.442,2010,7,27,3,4,845289.77,1546074.18,2003940.64,903614.8125000001,1196675.8316666668
10,2010-07-09,1769793.37,0,91.03,3.1,126.1518,9.199,2010,7,27,3,4,485389.15,1690317.99,2024554.1,923483.6575000002,1205366.7333333334
11,2010-07-09,1280156.47,0,83.01,2.642,214.4265704,7.346,2010,7,27,3,4,1769793.37,593462.34,759407.87,1095157.1900000002,1136439.285
12,2010-07-09,943506.28,0,90.37,3.1,126.1518,14.18,2010,7,27,3,4,1280156.47,845289.77,800147.84,1119711.3175000001,1124010.2866666666
13,2010-07-09,1870843.9,0,71.33,2.802,126.1518,7.951,2010,7,27,3,4,943506.28,485389.15,300628.19,1466075.0050000001,1123172.06
14,2010-07-09,2236209.13,0,82.45,2.793,182.2569603,8.743,2010,7,27,3,4,1870843.9,1769793.37,667353.79,1582678.945,1280421.6391666667
15,2010-07-09,691497.62,0,77.33,2.94,132.5461333,8.099,2010,7,27,3,4,2236209.13,1280156.47,507168.8,1435514.2325000002,1187029.0891666666
16,2010-07-09,614253.33,0,61.79,2.711,189.5231276,6.868,2010,7,27,3,4,691497.62,943506.28,1273279.79,1353200.995,1213899.4608333334
17,2010-07-09,836915.92,0,62.41,2.802,126.1518,6.697,2010,7,27,3,4,614253.33,1870843.9,1087578.78,1094719.0000000002,1154802.9391666667
18,2010-07-09,1171391.41,0,79.75,2.806,132.5461333,9.342,2010,7,27,3,4,836915.92,2236209.13,1352547.7,828514.5700000002,1111559.0575
19,2010-07-09,1577541.24,0,78.22,2.94,132.5461333,8.099,2010,7,27,3,4,1171391.41,691497.62,361181.48,1050025.475,1193565.6325
44,2010-07-09,280472.78,0,71.33,2.802,126.1518,7.804,2010,7,27,3,4,1577541.24,614253.33,1078455.48,966580.3375000001,1146497.55
21,2010-07-09,714677.47,0,81.67,2.642,210.7657317,8.099,2010,7,27,3,4,280472.78,836915.92,434252.15,936020.7250000001,1165604.91
23,2010-07-09,1417535.78,0,77.16,2.806,132.5461333,5.326,2010,7,27,3,4,714677.47,1171391.41,1245827.08,997556.8175000002,1136250.1108333333
45,2010-07-09,787062.0,0,82.45,2.793,182.2569603,8.743,2010,7,27,3,4,1417535.78,1577541.24,919229.36,799937.0075000003,1095158.905
42,2010-07-16,558837.27,0,91.8,2.971,126.1498065,9.199,2010,7,28,3,4,787062.0,280472.78,267495.76,869528.1300000002,1063103.1541666666
45,2010-07-16,723708.99,0,77.84,2.783,182.2604411,8.743,2010,7,28,3,4,558837.27,714677.47,1187988.64,871786.0100000002,967508.5783333333
18,2010-07-16,1115514.61,0,76.9,2.796,132.5667742,9.342,2010,7,28,3,4,723708.99,1417535.78,1311704.92,796280.7175000003,874117.3683333333
17,2010-07-16,876591.41,0,65.66,2.791,126.1498065,6.697,2010,7,28,3,4,1115514.61,787062.0,450337.47,818663.0700000003,889541.8508333332
16,2010-07-16,586583.69,0,67.68,2.699,189.6125456,6.868,2010,7,28,3,4,876591.41,558837.27,581473.55,825599.6750000003,887236.0474999999
15,2010-07-16,633203.69,0,72.83,2.933,132.5667742,8.099,2010,7,28,3,4,586583.69,723708.99,1399960.15,802973.3500000002,870260.0283333333
14,2010-07-16,2130287.27,0,77.84,2.783,182.2604411,8.743,2010,7,28,3,4,633203.69,1115514.61,498292.53,1056666.5150000001,950168.0166666666
13,2010-07-16,1932231.05,0,77.79,2.791,126.1498065,7.951,2010,7,28,3,4,2130287.27,876591.41,1077253.67,1320576.4250000003,979725.5008333335
12,2010-07-16,916402.76,0,97.18,3.094,126.1498065,14.18,2010,7,28,3,4,1932231.05,586583.69,1315118.4,1403031.1925000004,1032719.6658333334
11,2010-07-16,1290609.54,0,84.9,2.623,214.4176476,7.346,2010,7,28,3,4,916402.76,633203.69,436293.4,1567382.6550000003,1080714.0050000001
19,2010-07-16,1412157.02,0,74.6,2.933,132.5667742,8.099,2010,7,28,3,4,1290609.54,2130287.27,2119163.01,1387850.0925000003,1080265.7750000001
10,2010-07-16,1828052.47,0,91.8,2.971,126.1498065,9.199,2010,7,28,3,4,1412157.02,1932231.05,1340293.87,1361805.4475000002,1167014.9808333332
8,2010-07-16,848630.57,0,77.49,2.623,214.4640599,6.315,2010,7,28,3,4,1828052.47,916402.76,302423.93,1344862.4000000004,1191164.4225
7,2010-07-16,557166.35,0,62.19,2.699,189.6125456,9.017,2010,7,28,3,4,848630.57,1290609.54,1122356.53,1161501.6025000003,1177285.8691666666
6,2010-07-16,1560120.8,0,83.75,2.623,212.6212163,6.973,2010,7,28,3,4,557166.35,1412157.02,563449.43,1198492.5475000003,1214336.385
5,2010-07-16,280701.7,0,83.98,2.623,211.6561123,6.496,2010,7,28,3,4,1560120.8,1828052.47,911210.81,811654.8550000003,1164678.9091666667
4,2010-07-16,1898427.66,0,78.53,2.621,126.1498065,7.372,2010,7,28,3,4,280701.7,848630.57,343850.34,1074104.1275000002,1273999.24
3,2010-07-16,352728.78,0,84.32,2.623,214.4176476,7.346,2010,7,28,3,4,1898427.66,557166.35,471713.59,1022994.7350000003,1250626.3308333333
2,2010-07-16,1845879.79,0,85.32,2.623,210.7577954,8.099,2010,7,28,3,4,352728.78,1560120.8,502456.04,1094434.4825000002,1226925.7075
1,2010-07-16,1448938.92,0,83.15,2.623,211.1003854,7.787,2010,7,28,3,4,1845879.79,280701.7,719591.13,1386493.7875,1186651.3633333333
9,2010-07-16,474030.51,0,82.93,2.623,214.6474453,6.442,2010,7,28,3,4,1448938.92,1898427.66,1330473.47,1030394.5000000002,1149787.0091666665
20,2010-07-16,2031852.16,0,75.14,2.783,204.3571656,7.527,2010,7,28,3,4,474030.51,352728.78,1058250.91,1450175.3450000002,1211557.2275
21,2010-07-16,755098.41,0,85.61,2.623,210.7577954,8.099,2010,7,28,3,4,2031852.16,1845879.79,1176079.59,1177480.0000000002,1156802.3433333335
33,2010-07-16,280937.84,0,100.14,2.971,126.1498065,9.495,2010,7,28,3,4,755098.41,1448938.92,570069.48,885479.7300000002,1027876.1241666666
44,2010-07-16,297099.95,0,77.79,2.791,126.1498065,7.804,2010,7,28,3,4,280937.84,474030.51,718748.33,841247.0900000002,981915.2391666666
43,2010-07-16,696844.36,0,84.17,2.623,203.0538548,9.816,2010,7,28,3,4,297099.95,2031852.16,1268766.76,507495.14000000025,993555.0733333334
41,2010-07-16,1179788.38,0,69.06,2.699,189.6125456,7.335,2010,7,28,3,4,696844.36,755098.41,1665502.55,613667.6325000002,961860.705
40,2010-07-16,959229.09,0,74.25,2.796,132.5667742,5.326,2010,7,28,3,4,1179788.38,280937.84,2107285.85,783240.4450000002,1018404.6541666667
39,2010-07-16,1339811.68,0,83.86,2.623,209.8630532,8.36,2010,7,28,3,4,959229.09,297099.95,1092654.26,1043918.3775000002,971853.3224999999
38,2010-07-16,338277.71,0,97.18,3.094,126.1498065,14.18,2010,7,28,3,4,1339811.68,696844.36,1880902.62,954276.7150000002,970649.0666666668
37,2010-07-16,485150.01,0,84.43,2.623,209.8630532,8.36,2010,7,28,3,4,338277.71,1179788.38,349214.18,780617.1225000003,857254.9183333333
35,2010-07-16,1124414.87,0,78.26,2.783,136.4179827,8.861,2010,7,28,3,4,485150.01,959229.09,1812208.22,821913.5675000004,830211.2474999999
34,2010-07-16,930269.79,0,78.53,2.621,126.1498065,9.816,2010,7,28,3,4,1124414.87,1339811.68,291808.87,719528.0950000002,868231.1875
22,2010-07-16,988392.99,0,76.3,2.796,136.4179827,8.433,2010,7,28,3,4,930269.79,338277.71,1546074.18,882056.9150000003,781276.2566666667
36,2010-07-16,466962.04,0,84.43,2.561,209.8630532,8.36,2010,7,28,3,4,988392.99,485150.01,1690317.99,877509.9225000002,757264.8925
31,2010-07-16,1335433.72,0,85.61,2.623,210.7577954,8.099,2010,7,28,3,4,466962.04,1124414.87,593462.34,930264.6350000002,845139.5491666667
30,2010-07-16,438068.71,0,85.61,2.623,210.7577954,8.099,2010,7,28,3,4,1335433.72,930269.79,845289.77,807214.3650000003,856886.9458333333
29,2010-07-16,512292.01,0,76.3,2.796,132.5667742,10.409,2010,7,28,3,4,438068.71,988392.99,485389.15,688189.1200000002,841507.5833333334
28,2010-07-16,1225336.41,0,97.18,3.094,126.1498065,14.18,2010,7,28,3,4,512292.01,466962.04,1769793.37,877782.7125000001,845303.2525
27,2010-07-16,1880691.64,0,78.26,2.933,136.4179827,7.982,2010,7,28,3,4,1225336.41,1335433.72,1280156.47,1014097.1925000002,922091.7983333333
26,2010-07-16,1028151.72,0,67.66,2.796,132.5667742,8.445,2010,7,28,3,4,1880691.64,438068.71,943506.28,1161617.945,896120.1350000001
25,2010-07-16,726997.84,0,73.43,2.783,204.3571656,7.527,2010,7,28,3,4,1028151.72,512292.01,1870843.9,1215294.4025,928513.4791666666
24,2010-07-16,1418697.05,0,76.56,2.933,132.5667742,8.117,2010,7,28,3,4,726997.84,1225336.41,2236209.13,1263634.5625,1006309.0658333333
23,2010-07-16,1413124.11,0,73.94,2.796,132.5667742,5.326,2010,7,28,3,4,1418697.05,1880691.64,691497.62,1146742.6800000002,1030368.1691666668
32,2010-07-16,1120172.24,0,76.2,2.699,189.6125456,9.017,2010,7,28,3,4,1413124.11,1028151.72,614253.33,1169747.8100000003,1046193.3733333334
1,2010-07-23,1385065.2,0,83.36,2.608,211.2351443,7.787,2010,7,29,3,4,1120172.24,726997.84,836915.92,1334264.6500000001,1079249.3908333334
2,2010-07-23,1781717.71,0,87.66,2.608,210.8921319,8.099,2010,7,29,3,4,1385065.2,1418697.05,1171391.41,1425019.8150000002,1188812.3633333333
34,2010-07-23,902050.95,0,79.58,2.612,126.1283548,9.816,2010,7,29,3,4,1781717.71,1413124.11,1577541.24,1297251.5250000001,1152697.1325
26,2010-07-23,971615.62,0,65.4,2.784,132.5825806,8.445,2010,7,29,3,4,902050.95,1120172.24,280472.78,1260112.37,1197159.375
27,2010-07-23,1808250.71,0,81.56,2.924,136.4366924,7.982,2010,7,29,3,4,971615.62,1385065.2,714677.47,1365908.7475,1305155.9333333333
29,2010-07-23,506502.09,0,76.91,2.784,132.5825806,10.409,2010,7,29,3,4,1808250.71,1781717.71,1417535.78,1047104.8425000001,1245253.0733333335
30,2010-07-23,440491.33,0,87.17,2.608,210.8921319,8.099,2010,7,29,3,4,506502.09,902050.95,787062.0,931714.9375000002,1125236.3808333334
31,2010-07-23,1276031.84,0,87.17,2.608,210.8921319,8.099,2010,7,29,3,4,440491.33,971615.62,558837.27,1007818.9925000003,1145893.0574999999
32,2010-07-23,1109574.11,0,75.69,2.691,189.774698,9.017,2010,7,29,3,4,1276031.84,1808250.71,723708.99,833149.8425000003,1177774.4133333333
33,2010-07-23,252734.31,0,97.04,3.112,126.1283548,9.495,2010,7,29,3,4,1109574.11,506502.09,1115514.61,769707.8975000003,1080610.8516666668
35,2010-07-23,1121756.43,0,81.56,2.771,136.4366924,8.861,2010,7,29,3,4,252734.31,440491.33,876591.41,940024.1725000003,1056330.2116666667
25,2010-07-23,665290.93,0,75.37,2.771,204.4812188,7.527,2010,7,29,3,4,1121756.43,1276031.84,586583.69,787338.9450000003,1018423.4358333334
36,2010-07-23,452021.2,0,82.6,2.542,209.9958663,8.36,2010,7,29,3,4,665290.93,1109574.11,633203.69,622950.7175000003,940669.7691666667
38,2010-07-23,328336.85,0,99.22,3.112,126.1283548,14.18,2010,7,29,3,4,452021.2,252734.31,2130287.27,641851.3525000003,819554.6975000001
39,2010-07-23,1314651.83,0,82.2,2.608,209.9958663,8.36,2010,7,29,3,4,328336.85,1121756.43,1932231.05,690075.2025000002,853938.1041666666
40,2010-07-23,922341.82,0,71.79,2.784,132.5825806,5.326,2010,7,29,3,4,1314651.83,665290.93,916402.76,754337.9250000002,849831.9541666667
41,2010-07-23,1192213.87,0,70.77,2.691,189.774698,7.335,2010,7,29,3,4,922341.82,452021.2,1290609.54,939386.0925000003,798495.5508333333
42,2010-07-23,491115.86,0,88.44,3.112,126.1283548,9.199,2010,7,29,3,4,1192213.87,328336.85,1412157.02,980080.8450000002,797213.3650000001
43,2010-07-23,649035.55,0,86.6,2.608,203.1750161,9.816,2010,7,29,3,4,491115.86,1314651.83,1828052.47,813676.7750000003,814592.0499999999
44,2010-07-23,292680.16,0,82.27,2.797,126.1283548,7.804,2010,7,29,3,4,649035.55,922341.82,848630.57,656261.3600000002,732646.0766666667
45,2010-07-23,714601.11,0,81.46,2.771,182.3509895,8.743,2010,7,29,3,4,292680.16,1192213.87,557166.35,536858.1700000002,699731.66
37,2010-07-23,491998.12,0,82.6,2.608,209.9958663,8.36,2010,7,29,3,4,714601.11,491115.86,1560120.8,537078.7350000002,719670.3108333334
24,2010-07-23,1333740.35,0,75.27,2.924,132.5825806,8.117,2010,7,29,3,4,491998.12,649035.55,280701.7,708254.9350000002,737335.6375000001
28,2010-07-23,1205884.98,0,99.22,3.112,126.1283548,14.18,2010,7,29,3,4,1333740.35,292680.16,1898427.66,936556.1400000002,782385.1416666666
22,2010-07-23,974123.2,0,76.91,2.784,136.4366924,8.433,2010,7,29,3,4,1205884.98,714601.11,352728.78,1001436.6625000003,825893.6416666667
3,2010-07-23,352864.49,0,83.32,2.608,214.5564968,7.346,2010,7,29,3,4,974123.2,491998.12,1845879.79,966653.2550000002,827937.6116666667
4,2010-07-23,1848426.78,0,79.78,2.612,126.1283548,7.372,2010,7,29,3,4,352864.49,1333740.35,1448938.92,1095324.8625000003,872418.8575
5,2010-07-23,274742.63,0,83.66,2.608,211.7915565,6.496,2010,7,29,3,4,1848426.78,1205884.98,474030.51,862539.2750000003,818452.2583333333
6,2010-07-23,1585240.92,0,83.9,2.608,212.7578505,6.973,2010,7,29,3,4,274742.63,974123.2,2031852.16,1015318.7050000003,851204.5124999998
7,2010-07-23,570231.21,0,64.64,2.691,189.774698,9.017,2010,7,29,3,4,1585240.92,352864.49,755098.41,1069660.3850000002,857797.4583333334
8,2010-07-23,785515.88,0,78.29,2.608,214.6029664,6.315,2010,7,29,3,4,570231.21,1848426.78,280937.84,803932.6600000001,869170.8191666667
23,2010-07-23,1333634.45,0,70.2,2.784,132.5825806,5.326,2010,7,29,3,4,785515.88,274742.63,297099.95,1068655.6150000002,955917.0099999999
10,2010-07-23,1831676.03,0,88.44,3.112,126.1283548,9.199,2010,7,29,3,4,1333634.45,1585240.92,696844.36,1130264.3925000003,1049006.5866666667
11,2010-07-23,1244390.03,0,84.57,2.608,214.5564968,7.346,2010,7,29,3,4,1831676.03,570231.21,1179788.38,1298804.0975000001,1111705.9125
12,2010-07-23,912403.67,0,99.22,3.112,126.1283548,14.18,2010,7,29,3,4,1244390.03,785515.88,959229.09,1330526.0450000004,1076594.5225000002
9,2010-07-23,462676.5,0,84.49,2.608,214.7865779,6.442,2010,7,29,3,4,912403.67,1333634.45,1339811.68,1112786.5575000003,1014660.4825
21,2010-07-23,765823.48,0,87.17,2.608,210.8921319,8.099,2010,7,29,3,4,462676.5,1831676.03,338277.71,846323.4200000002,997302.1725
14,2010-07-23,2044155.39,0,81.46,2.771,182.3509895,8.743,2010,7,29,3,4,765823.48,1244390.03,485150.01,1046264.7600000002,1138243.0808333333
15,2010-07-23,598553.43,0,73.2,2.924,132.5825806,8.099,2010,7,29,3,4,2044155.39,912403.67,1124414.87,967802.2000000003,1034086.9683333333
16,2010-07-23,588344.18,0,70.67,2.691,189.774698,6.868,2010,7,29,3,4,598553.43,462676.5,930269.79,999219.1200000003,1060220.4308333334
17,2010-07-23,893504.87,0,69.66,2.797,126.1283548,6.697,2010,7,29,3,4,588344.18,765823.48,988392.99,1031139.4675000003,1002575.7599999999
18,2010-07-23,1032908.23,0,75.71,2.784,132.5825806,9.342,2010,7,29,3,4,893504.87,2044155.39,466962.04,778327.6775000002,1041132.1783333333
19,2010-07-23,1372043.71,0,74.68,2.924,132.5825806,8.099,2010,7,29,3,4,1032908.23,598553.43,1335433.72,971700.2475000002,1090009.4974999998
20,2010-07-23,1900535.9,0,77.75,2.771,204.4812188,7.527,2010,7,29,3,4,1372043.71,588344.18,438068.71,1299748.1775000002,1137251.285
13,2010-07-23,1907351.2,0,82.27,2.797,126.1283548,7.951,2010,7,29,3,4,1900535.9,893504.87,512292.01,1553209.76,1143557.5491666666
15,2010-07-30,619224.06,0,72.04,2.932,132.5983871,8.099,2010,7,30,3,4,1907351.2,1032908.23,1225336.41,1449788.7175000003,1091460.385
16,2010-07-30,562633.67,0,70.71,2.69,189.9368504,6.868,2010,7,30,3,4,619224.06,1372043.71,1880691.64,1247436.2075000003,1062312.885
17,2010-07-30,833517.19,0,69.96,2.797,126.1069032,6.697,2010,7,30,3,4,562633.67,1900535.9,1028151.72,980681.5300000003,1093216.2758333331
18,2010-07-30,1078557.62,0,75.79,2.792,132.5983871,9.342,2010,7,30,3,4,833517.19,1907351.2,726997.84,773483.1350000002,1119277.4541666666
22,2010-07-30,970773.64,0,76.35,2.792,136.4554021,8.433,2010,7,30,3,4,1078557.62,619224.06,1418697.05,861370.5300000003,1029828.9750000001
20,2010-07-30,1955896.59,0,76.03,2.781,204.605272,7.527,2010,7,30,3,4,970773.64,562633.67,1413124.11,1209686.2600000002,1142940.905
21,2010-07-30,715876.27,0,83.59,2.64,211.0264684,8.099,2010,7,30,3,4,1955896.59,833517.19,1120172.24,1180276.0300000003,1153568.5791666666
14,2010-07-30,2054843.28,0,79.78,2.781,182.4415378,8.743,2010,7,30,3,4,715876.27,1078557.62,1385065.2,1424347.4450000003,1250346.78
19,2010-07-30,1366395.96,0,72.83,2.932,132.5983871,8.099,2010,7,30,3,4,2054843.28,970773.64,1781717.71,1523253.0250000004,1278137.4241666666
13,2010-07-30,1817887.23,0,78.94,2.797,126.1069032,7.951,2010,7,30,3,4,1366395.96,1955896.59,902050.95,1488750.6850000003,1315291.0508333335
45,2010-07-30,716859.27,0,79.78,2.781,182.4415378,8.743,2010,7,30,3,4,1817887.23,715876.27,971615.62,1488996.4350000003,1216651.3316666668
11,2010-07-30,1250178.89,0,83.26,2.64,214.695346,7.346,2010,7,30,3,4,716859.27,2054843.28,1808250.71,1287830.3375000004,1161886.9725000001
10,2010-07-30,1832664.03,0,85.03,3.017,126.1069032,9.199,2010,7,30,3,4,1250178.89,1366395.96,506502.09,1404397.3550000004,1263006.97
9,2010-07-30,468675.19,0,79.83,2.64,214.9257105,6.442,2010,7,30,3,4,1832664.03,1817887.23,440491.33,1067094.3450000002,1255177.0966666667
8,2010-07-30,787295.09,0,76.02,2.64,214.7418728,6.315,2010,7,30,3,4,468675.19,716859.27,1276031.84,1084703.3000000003,1251325.2550000001
7,2010-07-30,603547.16,0,66.07,2.69,189.9368504,9.017,2010,7,30,3,4,787295.09,1250178.89,1109574.11,923045.3675000004,1211741.05
6,2010-07-30,1532308.78,0,81.37,2.64,212.8944846,6.973,2010,7,30,3,4,603547.16,1832664.03,252734.31,847956.5550000004,1258535.6449999998
5,2010-07-30,268929.03,0,82.46,2.64,211.9270006,6.496,2010,7,30,3,4,1532308.78,468675.19,1121756.43,798020.0150000004,1117955.015
4,2010-07-30,1796637.61,0,80.7,2.65,126.1069032,7.372,2010,7,30,3,4,268929.03,787295.09,665290.93,1050355.6450000005,1208018.46
3,2010-07-30,347955.05,0,82.04,2.64,214.695346,7.346,2010,7,30,3,4,1796637.61,603547.16,452021.2,986457.6175000004,1065777.7741666667
23,2010-07-30,1319773.55,0,69.71,2.792,132.5983871,5.326,2010,7,30,3,4,347955.05,1532308.78,328336.85,933323.8100000003,1061892.5733333332
12,2010-07-30,913548.25,0,96.31,3.017,126.1069032,14.18,2010,7,30,3,4,1319773.55,268929.03,1314651.83,1094478.6150000002,986530.9916666666
24,2010-07-30,1387517.63,0,75.91,2.932,132.5983871,8.117,2010,7,30,3,4,913548.25,1796637.61,922341.82,992198.6200000003,1042419.1883333334
1,2010-07-30,1371986.6,0,81.84,2.64,211.3699032,7.787,2010,7,30,3,4,1387517.63,347955.05,1192213.87,1248206.5075000003,1052569.8308333333
26,2010-07-30,1005324.28,0,63.79,2.792,132.5983871,8.445,2010,7,30,3,4,1371986.6,1319773.55,491115.86,1169594.1900000004,983624.8516666667
2,2010-07-30,1804246.16,0,83.49,2.64,211.0264684,8.099,2010,7,30,3,4,1005324.28,913548.25,649035.55,1392268.6675000002,1094922.4325
44,2010-07-30,275020.96,0,78.94,2.797,126.1069032,7.804,2010,7,30,3,4,1804246.16,1387517.63,292680.16,1114144.5000000002,1052232.9216666666
43,2010-07-30,622112.23,0,79.79,2.64,203.2961774,9.816,2010,7,30,3,4,275020.96,1371986.6,714601.11,926675.9075000002,1053780.0108333335
42,2010-07-30,469598.57,0,85.03,3.017,126.1069032,9.199,2010,7,30,3,4,622112.23,1005324.28,491998.12,792744.4800000002,965220.8266666668
41,2010-07-30,1211136.63,0,70.07,2.69,189.9368504,7.335,2010,7,30,3,4,469598.57,1804246.16,1333740.35,644467.0975000003,1043738.1266666666
40,2010-07-30,953393.02,0,71.35,2.792,132.5983871,5.326,2010,7,30,3,4,1211136.63,275020.96,1205884.98,814060.1125000003,973467.7441666666
39,2010-07-30,1308222.24,0,80.99,2.64,210.1286794,8.36,2010,7,30,3,4,953393.02,622112.23,974123.2,985587.6150000002,1053490.01
38,2010-07-30,336378.38,0,96.31,3.017,126.1069032,14.18,2010,7,30,3,4,1308222.24,469598.57,352864.49,952282.5675000004,971540.4125000001
25,2010-07-30,682124.34,0,71.99,2.781,204.605272,7.527,2010,7,30,3,4,336378.38,1211136.63,1848426.78,820029.4950000003,952255.0866666666
37,2010-07-30,487912.95,0,81.88,2.64,210.1286794,8.36,2010,7,30,3,4,682124.34,953393.02,274742.63,703659.4775000003,877288.0299999999
35,2010-07-30,1139131.78,0,79.78,2.781,136.4554021,8.861,2010,7,30,3,4,487912.95,1308222.24,1585240.92,661386.8625000003,857883.4616666668
34,2010-07-30,875976.83,0,72.26,2.65,126.1069032,9.816,2010,7,30,3,4,1139131.78,336378.38,570231.21,796286.4750000003,847104.5075
33,2010-07-30,242047.03,0,92.71,3.017,126.1069032,9.495,2010,7,30,3,4,875976.83,682124.34,785515.88,686267.1475000003,716921.2466666666
32,2010-07-30,1065350.56,0,75.62,2.69,189.9368504,9.017,2010,7,30,3,4,242047.03,487912.95,1333634.45,830626.5500000003,782782.0466666667
31,2010-07-30,1231993.14,0,83.59,2.64,211.0264684,8.099,2010,7,30,3,4,1065350.56,1139131.78,1831676.03,853841.8900000001,833605.4558333332
30,2010-07-30,437893.76,0,83.59,2.64,211.0264684,8.099,2010,7,30,3,4,1231993.14,875976.83,1244390.03,744321.1225000003,830963.3883333332
29,2010-07-30,509872.77,0,76.35,2.792,132.5983871,10.409,2010,7,30,3,4,437893.76,242047.03,912403.67,811277.5575000002,772524.7333333334
28,2010-07-30,1150204.71,0,96.31,3.017,126.1069032,14.18,2010,7,30,3,4,509872.77,1065350.56,462676.5,832491.0950000002,788925.7075
27,2010-07-30,1816489.53,0,79.78,2.932,136.4554021,7.982,2010,7,30,3,4,1150204.71,1231993.14,765823.48,978615.1925000004,831281.315
36,2010-07-30,432451.91,0,81.88,2.602,210.1286794,8.36,2010,7,30,3,4,1816489.53,437893.76,2044155.39,977254.7300000003,839287.4425
3,2010-08-06,402635.76,0,85.13,2.627,214.8341952,7.346,2010,8,31,3,4,432451.91,509872.77,598553.43,950445.4775000004,815996.7275
23,2010-08-06,1417013.07,0,70.03,2.792,132.6141935,5.326,2010,8,31,3,4,402635.76,1150204.71,588344.18,1017147.5675000002,893421.7374999999
27,2010-08-06,1908036.68,0,77.45,2.942,136.4741118,7.982,2010,8,31,3,4,1417013.07,1816489.53,893504.87,1040034.3550000002,957497.1458333334
5,2010-08-06,303043.02,0,86.1,2.627,212.0624447,6.496,2010,8,31,3,4,1908036.68,432451.91,1032908.23,1007682.1325000003,909752.6616666666
28,2010-08-06,1523101.38,0,92.95,3.123,126.0854516,14.18,2010,8,31,3,4,303043.02,402635.76,1372043.71,1287798.5375000003,1016507.1908333334
29,2010-08-06,519787.93,0,74.37,2.792,132.6141935,10.409,2010,8,31,3,4,1523101.38,1417013.07,1900535.9,1063492.2525000002,971043.6383333333
30,2010-08-06,441407.06,0,90.3,2.627,211.1608049,8.099,2010,8,31,3,4,519787.93,1908036.68,1907351.2,696834.8475000003,905161.465
31,2010-08-06,1352401.08,0,90.3,2.627,211.1608049,8.099,2010,8,31,3,4,441407.06,303043.02,619224.06,959174.3625000003,981370.4083333333
32,2010-08-06,1144552.09,0,72.95,2.69,190.0990028,9.017,2010,8,31,3,4,1352401.08,1523101.38,562633.67,864537.0400000003,1034260.3516666667
33,2010-08-06,262789.95,0,92.51,3.123,126.0854516,9.495,2010,8,31,3,4,1144552.09,519787.93,833517.19,800287.5450000003,960309.1216666666
34,2010-08-06,987435.35,0,73.8,2.64,126.0854516,9.816,2010,8,31,3,4,262789.95,441407.06,1078557.62,936794.6175000003,891221.2733333333
35,2010-08-06,1180183.39,0,77.45,2.784,136.4741118,8.861,2010,8,31,3,4,987435.35,1352401.08,970773.64,893740.1950000003,953532.23
2,2010-08-06,1991909.98,0,89.53,2.627,211.1608049,8.099,2010,8,31,3,4,1180183.39,1144552.09,1955896.59,1105579.6675000002,1085971.7483333333
36,2010-08-06,467442.94,0,85.49,2.573,210.2614925,8.36,2010,8,31,3,4,1991909.98,262789.95,715876.27,1156742.9150000003,1006840.9041666667
38,2010-08-06,378574.44,0,92.95,3.123,126.0854516,14.18,2010,8,31,3,4,467442.94,987435.35,2054843.28,1004527.6875000003,879385.7174999999
39,2010-08-06,1409989.67,0,84.92,2.627,210.2614925,8.36,2010,8,31,3,4,378574.44,1180183.39,1366395.96,1061979.2575000003,971631.2716666666
40,2010-08-06,1057295.87,0,69.16,2.792,132.6141935,5.326,2010,8,31,3,4,1409989.67,1991909.98,1817887.23,828325.7300000003,932814.1458333334
41,2010-08-06,1338132.72,0,69.21,2.69,190.0990028,7.335,2010,8,31,3,4,1057295.87,467442.94,716859.27,1045998.1750000003,1001009.5449999999
42,2010-08-06,579544.21,0,86.13,3.123,126.0854516,9.199,2010,8,31,3,4,1338132.72,378574.44,1250178.89,1096240.6175000004,1012520.9741666666
43,2010-08-06,698536.06,0,84.66,2.627,203.4173387,9.816,2010,8,31,3,4,579544.21,1409989.67,1832664.03,918377.2150000003,958032.2225
44,2010-08-06,296804.49,0,81.24,2.802,126.0854516,7.804,2010,8,31,3,4,698536.06,1057295.87,468675.19,728254.3700000003,887386.5891666667
45,2010-08-06,746517.32,0,77.17,2.784,182.5320862,8.743,2010,8,31,3,4,296804.49,1338132.72,787295.09,580350.5200000004,927697.2033333333
37,2010-08-06,508576.62,0,85.49,2.627,210.2614925,8.36,2010,8,31,3,4,746517.32,579544.21,603547.16,562608.6225000003,887792.3091666667
4,2010-08-06,1907638.58,0,76.53,2.64,126.0854516,7.372,2010,8,31,3,4,508576.62,698536.06,1532308.78,864884.2525000004,948413.5750000001
26,2010-08-06,1125329.77,0,62.93,2.792,132.6141935,8.445,2010,8,31,3,4,1907638.58,296804.49,268929.03,1072015.5725000002,876198.5575
24,2010-08-06,1442819.28,0,74.54,2.942,132.6141935,8.117,2010,8,31,3,4,1125329.77,746517.32,1796637.61,1246091.0625000005,957479.9191666666
6,2010-08-06,1633241.59,0,86.61,2.627,213.0311188,6.973,2010,8,31,3,4,1442819.28,508576.62,347955.05,1527257.3050000004,1062035.515
7,2010-08-06,643854.17,0,61.7,2.69,190.0990028,9.017,2010,8,31,3,4,1633241.59,1907638.58,1319773.55,1211311.2025000004,998190.8900000001
8,2010-08-06,893399.77,0,80.37,2.627,214.8807793,6.315,2010,8,31,3,4,643854.17,1125329.77,913548.25,1153328.7025000004,984532.8816666667
9,2010-08-06,522815.45,0,87.09,2.627,215.064843,6.442,2010,8,31,3,4,893399.77,1442819.28,1387517.63,923327.7450000003,916589.7758333334
10,2010-08-06,1949236.09,0,86.13,3.123,126.0854516,9.199,2010,8,31,3,4,522815.45,1633241.59,1371986.6,1002326.3700000003,1030730.7658333333
11,2010-08-06,1369634.92,0,86.54,2.627,214.8341952,7.346,2010,8,31,3,4,1949236.09,643854.17,1005324.28,1183771.5575000003,1086655.6708333332
12,2010-08-06,967576.95,0,92.95,3.123,126.0854516,14.18,2010,8,31,3,4,1369634.92,893399.77,1804246.16,1202315.8525000005,1142553.3758333332
13,2010-08-06,1969121.45,0,81.24,2.802,126.0854516,7.951,2010,8,31,3,4,967576.95,522815.45,275020.96,1563892.3525000003,1244437.0533333335
25,2010-08-06,699464.43,0,71.79,2.784,204.7293252,7.527,2010,8,31,3,4,1969121.45,1949236.09,622112.23,1251449.4375000005,1260344.3708333333
14,2010-08-06,2219813.5,0,77.17,2.784,182.5320862,8.743,2010,8,31,3,4,699464.43,1369634.92,469598.57,1463994.0825000005,1286358.9475
16,2010-08-06,586936.45,0,67.42,2.69,190.0990028,6.868,2010,8,31,3,4,2219813.5,967576.95,1211136.63,1368833.9575000003,1241492.8375000001
17,2010-08-06,795301.17,0,70.53,2.802,126.0854516,6.697,2010,8,31,3,4,586936.45,1969121.45,953393.02,1075378.8875000002,1187532.995
18,2010-08-06,1166117.85,0,73.67,2.792,132.6141935,9.342,2010,8,31,3,4,795301.17,699464.43,1308222.24,1192042.2425000004,1148606.0166666668
19,2010-08-06,1492060.89,0,74.2,2.942,132.6141935,8.099,2010,8,31,3,4,1166117.85,2219813.5,336378.38,1010104.0900000003,1219289.91
20,2010-08-06,1910177.38,0,74.57,2.784,204.7293252,7.527,2010,8,31,3,4,1492060.89,586936.45,682124.34,1340914.3225000002,1304021.3775
21,2010-08-06,739279.19,0,90.3,2.627,211.1608049,8.099,2010,8,31,3,4,1910177.38,795301.17,487912.95,1326908.8275000004,1322060.0225
22,2010-08-06,1010326.14,0,74.37,2.792,136.4741118,8.433,2010,8,31,3,4,739279.19,1166117.85,1139131.78,1287960.9000000004,1243817.5266666666
15,2010-08-06,639651.24,0,72.7,2.942,132.6141935,8.099,2010,8,31,3,4,1010326.14,1492060.89,875976.83,1074858.4875000003,1182985.5533333335
1,2010-08-06,1605491.78,0,87.16,2.627,211.5046621,7.787,2010,8,31,3,4,639651.24,1910177.38,242047.03,998687.0875000004,1236145.1224999998
45,2010-08-13,722262.21,0,78.44,2.805,182.6226346,8.743,2010,8,32,3,4,1605491.78,739279.19,1065350.56,994432.8425000003,1132240.1858333333
44,2010-08-13,291028.09,0,74.93,2.837,126.064,7.804,2010,8,32,3,4,722262.21,1010326.14,1231993.14,814608.3300000003,1098203.8241666667
12,2010-08-13,928264.4,0,87.01,3.159,126.064,14.18,2010,8,32,3,4,291028.09,639651.24,437893.76,886761.6200000003,990574.7325
20,2010-08-13,2071022.45,0,75.98,2.805,204.8533784,7.527,2010,8,32,3,4,928264.4,1605491.78,509872.77,1003144.2875000003,1114248.5658333332
19,2010-08-13,1418027.08,0,72.71,2.923,132.63,8.099,2010,8,32,3,4,2071022.45,722262.21,1150204.71,1177085.5050000004,1166142.3916666666
17,2010-08-13,759995.18,0,65.17,2.837,126.064,6.697,2010,8,32,3,4,1418027.08,291028.09,1816489.53,1294327.2775000003,1132298.8358333332
16,2010-08-13,543757.97,0,63.91,2.723,190.2611552,6.868,2010,8,32,3,4,759995.18,928264.4,432451.91,1198200.6700000004,1053273.5925
15,2010-08-13,622437.08,0,72.17,2.923,132.63,8.099,2010,8,32,3,4,543757.97,2071022.45,402635.76,836054.3275000004,945961.9008333334
14,2010-08-13,2052984.81,0,78.44,2.805,182.6226346,8.743,2010,8,32,3,4,622437.08,1418027.08,1417013.07,994793.7600000004,1055437.3691666666
13,2010-08-13,1877592.55,0,74.93,2.837,126.064,7.951,2010,8,32,3,4,2052984.81,759995.18,1908036.68,1274193.1025000003,1127709.57
11,2010-08-13,1384339.1,0,87.73,2.692,214.9730444,7.346,2010,8,32,3,4,1877592.55,543757.97,303043.02,1484338.3850000005,1189766.8916666666
21,2010-08-13,793589.18,0,89.65,2.692,211.2951413,8.099,2010,8,32,3,4,1384339.1,622437.08,1523101.38,1527126.4100000004,1122108.3416666668
10,2010-08-13,1962996.7,0,88.37,3.049,126.064,9.199,2010,8,32,3,4,793589.18,2052984.81,519787.93,1504629.3825000003,1225502.8825
8,2010-08-13,867919.21,0,80.11,2.692,215.0196857,6.315,2010,8,32,3,4,1962996.7,1877592.55,441407.06,1252211.0475000003,1273577.1425
7,2010-08-13,598185.4,0,60.13,2.723,190.2611552,9.017,2010,8,32,3,4,867919.21,1384339.1,1352401.08,1055672.6225000003,1246070.5591666666
6,2010-08-13,1547654.98,0,86.83,2.692,213.1677529,6.973,2010,8,32,3,4,598185.4,793589.18,1144552.09,1244189.0725000002,1202456.6033333333
5,2010-08-13,286477.35,0,87.41,2.692,212.1978889,6.496,2010,8,32,3,4,1547654.98,1962996.7,262789.95,825059.2350000003,1108160.7925
4,2010-08-13,2007050.75,0,78.08,2.698,126.064,7.372,2010,8,32,3,4,286477.35,867919.21,987435.35,1109842.1200000003,1212082.09
3,2010-08-13,339597.38,0,86.74,2.692,214.9730444,7.346,2010,8,32,3,4,2007050.75,598185.4,1180183.39,1045195.1150000003,1195068.7075
1,2010-08-13,1508237.76,0,87.0,2.692,211.6394211,7.787,2010,8,32,3,4,339597.38,1547654.98,1991909.98,1035340.8100000004,1268885.4308333334
2,2010-08-13,1895601.05,0,89.05,2.692,211.2951413,8.099,2010,8,32,3,4,1508237.76,286477.35,467442.94,1437621.7350000003,1255770.1175
9,2010-08-13,481897.98,0,86.85,2.692,215.2039756,6.442,2010,8,32,3,4,1895601.05,2007050.75,378574.44,1056333.5425000004,1139462.2366666666
22,2010-08-13,993097.43,0,74.75,2.81,136.4928214,8.433,2010,8,32,3,4,481897.98,339597.38,1409989.67,1219708.5550000004,1106858.764166667
18,2010-08-13,1084722.78,0,74.19,2.81,132.63,9.342,2010,8,32,3,4,993097.43,1508237.76,1057295.87,1113829.8100000005,1131119.8975
24,2010-08-13,1384243.75,0,74.17,2.923,132.63,8.117,2010,8,32,3,4,1084722.78,1895601.05,1338132.72,985990.4850000005,1082890.485
43,2010-08-13,713479.91,0,86.31,2.692,203.5385,9.816,2010,8,32,3,4,1384243.75,481897.98,579544.21,1043885.9675000005,1070020.5433333332
42,2010-08-13,583079.97,0,88.37,3.049,126.064,9.199,2010,8,32,3,4,713479.91,993097.43,698536.06,941381.6025000004,1068761.7575
41,2010-08-13,1285976.53,0,70.24,2.723,190.2611552,7.335,2010,8,32,3,4,583079.97,1084722.78,296804.49,991695.0400000004,1046955.2200000001
40,2010-08-13,924011.76,0,67.47,2.81,132.63,5.326,2010,8,32,3,4,1285976.53,1384243.75,746517.32,876637.0425000004,1100083.0875000001
39,2010-08-13,1371465.66,0,85.66,2.692,210.3943056,8.36,2010,8,32,3,4,924011.76,713479.91,508576.62,1041133.4800000003,1047117.6633333334
38,2010-08-13,341400.72,0,87.01,3.159,126.064,14.18,2010,8,32,3,4,1371465.66,583079.97,1907638.58,980713.6675000004,1047267.9416666668
23,2010-08-13,1346345.97,0,67.43,2.81,132.63,5.326,2010,8,32,3,4,341400.72,1285976.53,1125329.77,995806.0275000003,1033776.9591666666
36,2010-08-13,470436.8,0,86.06,2.644,210.3943056,8.36,2010,8,32,3,4,1346345.97,924011.76,1442819.28,882412.2875000003,915013.2716666666
35,2010-08-13,1090587.5,0,77.36,2.805,136.4928214,8.861,2010,8,32,3,4,470436.8,1371465.66,1633241.59,812192.7475000003,965737.3983333334
34,2010-08-13,951208.65,0,76.72,2.698,126.064,9.816,2010,8,32,3,4,1090587.5,341400.72,643854.17,964644.7300000004,962246.6666666666
37,2010-08-13,491815.83,0,86.06,2.692,210.3943056,8.36,2010,8,32,3,4,951208.65,1346345.97,893399.77,751012.1950000004,912837.7541666668
32,2010-08-13,1157975.68,0,74.97,2.723,190.2611552,9.017,2010,8,32,3,4,491815.83,470436.8,522815.45,922896.9150000004,893982.0816666667
31,2010-08-13,1327719.34,0,89.65,2.692,211.2951413,8.099,2010,8,32,3,4,1157975.68,1090587.5,1949236.09,982179.8750000002,945168.7008333333
30,2010-08-13,444160.07,0,89.65,2.692,211.2951413,8.099,2010,8,32,3,4,1327719.34,951208.65,1369634.92,855417.7300000003,933592.0425
29,2010-08-13,495269.0,0,74.75,2.81,132.63,10.409,2010,8,32,3,4,444160.07,491815.83,967576.95,856281.0225000003,867699.7483333334
28,2010-08-13,1218688.09,0,87.01,3.159,126.064,14.18,2010,8,32,3,4,495269.0,1157975.68,1969121.45,871459.1250000005,892256.1091666667
27,2010-08-13,1864436.12,0,77.36,2.923,136.4928214,7.982,2010,8,32,3,4,1218688.09,1327719.34,699464.43,1005638.3200000005,933336.9808333333
33,2010-08-13,265367.51,0,95.57,3.049,126.064,9.495,2010,8,32,3,4,1864436.12,444160.07,2219813.5,960940.1800000004,927000.8799999999
25,2010-08-13,686072.39,0,72.73,2.805,204.8533784,7.527,2010,8,32,3,4,265367.51,495269.0,586936.45,1008641.0275000004,871978.0816666667
26,2010-08-13,1011938.29,0,61.58,2.81,132.63,8.445,2010,8,32,3,4,686072.39,1218688.09,795301.17,956953.5775000004,917103.2058333334
20,2010-08-20,1975374.56,0,75.34,2.779,204.8217044,7.527,2010,8,33,3,4,1011938.29,1864436.12,1166117.85,984688.1875000005,990835.4608333334
27,2010-08-20,1936878.46,0,75.16,2.913,136.5249182,7.982,2010,8,33,3,4,1975374.56,265367.51,1492060.89,1402565.9250000005,1072974.6116666666
26,2010-08-20,1007385.36,0,62.68,2.796,132.6616129,8.445,2010,8,33,3,4,1936878.46,686072.39,1910177.38,1482894.1675000002,1115938.7391666665
25,2010-08-20,724499.81,0,71.81,2.779,204.8217044,7.527,2010,8,33,3,4,1007385.36,1011938.29,739279.19,1411034.5475000003,1079815.75
22,2010-08-20,1017045.44,0,73.21,2.796,136.5249182,8.433,2010,8,33,3,4,724499.81,1975374.56,1010326.14,1171452.2675000003,1053926.2583333333
23,2010-08-20,1439901.05,0,68.65,2.796,132.6616129,5.326,2010,8,33,3,4,1017045.44,1936878.46,639651.24,1047207.9150000004,1136904.6733333333
21,2010-08-20,848873.28,0,89.58,2.664,211.2596586,8.099,2010,8,33,3,4,1439901.05,1007385.36,1605491.78,1007579.8950000005,1166371.6966666665
28,2010-08-20,1195897.6,0,92.81,3.041,126.0766452,14.18,2010,8,33,3,4,848873.28,724499.81,722262.21,1125429.3425000005,1164472.4891666668
24,2010-08-20,1375307.54,0,72.17,2.913,132.6616129,8.117,2010,8,33,3,4,1195897.6,1017045.44,291028.09,1214994.8675000004,1123711.7741666667
29,2010-08-20,531640.19,0,73.21,2.796,132.6616129,10.409,2010,8,33,3,4,1375307.54,1439901.05,928264.4,987929.6525000003,1145901.1641666668
43,2010-08-20,712869.09,0,85.26,2.664,203.5092419,9.816,2010,8,33,3,4,531640.19,848873.28,2071022.45,953928.6050000003,1148134.2225
31,2010-08-20,1376571.21,0,89.58,2.664,211.2596586,8.099,2010,8,33,3,4,712869.09,1195897.6,1418027.08,999097.0075000003,1178520.2991666666
32,2010-08-20,1189887.86,0,71.46,2.732,190.2948237,9.017,2010,8,33,3,4,1376571.21,1375307.54,759995.18,952742.0875000004,1113063.0741666667
33,2010-08-20,230519.49,0,96.46,3.041,126.0766452,9.495,2010,8,33,3,4,1189887.86,531640.19,543757.97,877461.9125000004,970866.4933333333
34,2010-08-20,985152.94,0,76.45,2.671,126.0766452,9.816,2010,8,33,3,4,230519.49,712869.09,622437.08,945532.8750000003,969013.7916666666
35,2010-08-20,1033719.5,0,75.16,2.779,136.5249182,8.861,2010,8,33,3,4,985152.94,1376571.21,2052984.81,859819.9475000004,994782.0991666667
36,2010-08-20,437949.9,0,85.54,2.604,210.3617581,8.36,2010,8,33,3,4,1033719.5,1189887.86,1877592.55,671835.4575000004,946524.1375000001
37,2010-08-20,486930.72,0,85.54,2.664,210.3617581,8.36,2010,8,33,3,4,437949.9,230519.49,1384339.1,735938.2650000004,867109.9433333334
38,2010-08-20,329139.73,0,92.81,3.041,126.0766452,14.18,2010,8,33,3,4,486930.72,985152.94,793589.18,571934.9625000004,823798.8141666668
39,2010-08-20,1471816.52,0,85.73,2.664,210.3617581,8.36,2010,8,33,3,4,329139.73,1033719.5,1962996.7,681459.2175000004,846792.0575
19,2010-08-20,1419383.19,0,72.22,2.913,132.6616129,8.099,2010,8,33,3,4,1471816.52,437949.9,867919.21,926817.5400000004,850465.0283333333
30,2010-08-20,447139.8,0,89.58,2.664,211.2596586,8.099,2010,8,33,3,4,1419383.19,486930.72,598185.4,916869.8100000003,843423.3291666667
18,2010-08-20,1141860.67,0,71.76,2.796,132.6616129,9.342,2010,8,33,3,4,447139.8,329139.73,1547654.98,1120050.0450000004,879172.6275000001
40,2010-08-20,932397.0,0,67.05,2.796,132.6616129,5.326,2010,8,33,3,4,1141860.67,1471816.52,286477.35,985195.1650000003,842158.11
16,2010-08-20,521516.96,0,63.59,2.732,190.2948237,6.868,2010,8,33,3,4,932397.0,1419383.19,2007050.75,760728.6075000004,786460.535
45,2010-08-20,708568.29,0,76.01,2.779,182.6165205,8.743,2010,8,33,3,4,521516.96,447139.8,339597.38,826085.7300000004,826297.935
44,2010-08-20,284740.5,0,76.34,2.85,126.0766452,7.804,2010,8,33,3,4,708568.29,1141860.67,1508237.76,611805.6875000005,767930.2316666668
41,2010-08-20,1353838.39,0,66.19,2.732,190.2948237,7.335,2010,8,33,3,4,284740.5,932397.0,1895601.05,717166.0350000004,794606.8058333333
42,2010-08-20,500945.63,0,89.88,3.041,126.0766452,9.199,2010,8,33,3,4,1353838.39,521516.96,481897.98,712023.2025000004,799856.4500000001
1,2010-08-20,1513080.49,0,86.65,2.664,211.6033633,7.787,2010,8,33,3,4,500945.63,708568.29,993097.43,913151.2525000003,885368.9308333335
2,2010-08-20,1964335.23,0,88.7,2.664,211.2596586,8.099,2010,8,33,3,4,1513080.49,284740.5,1084722.78,1333049.9350000003,1021635.2225
3,2010-08-20,351728.21,0,88.02,2.664,214.9314191,7.346,2010,8,33,3,4,1964335.23,1353838.39,1384243.75,1082522.3900000004,928294.5299999999
4,2010-08-20,1997181.09,0,78.83,2.671,126.0766452,7.372,2010,8,33,3,4,351728.21,500945.63,713479.91,1456581.2550000004,976444.355
17,2010-08-20,783929.7,0,67.04,2.85,126.0766452,6.697,2010,8,33,3,4,1997181.09,1513080.49,583079.97,1274293.5575,1004510.18
5,2010-08-20,287205.38,0,87.71,2.664,212.1608984,6.496,2010,8,33,3,4,783929.7,1964335.23,1285976.53,855011.0950000003,933288.9058333334
7,2010-08-20,582353.17,0,59.59,2.732,190.2948237,9.017,2010,8,33,3,4,287205.38,351728.21,924011.76,912667.3350000004,904118.5866666668
8,2010-08-20,870676.44,0,79.36,2.664,214.9779825,6.315,2010,8,33,3,4,582353.17,1997181.09,1371465.66,631041.1725000003,933215.21
9,2010-08-20,499325.38,0,86.3,2.664,215.1619646,6.442,2010,8,33,3,4,870676.44,783929.7,341400.72,559890.0925000004,915778.3008333334
10,2010-08-20,1983190.56,0,89.88,3.041,126.0766452,9.199,2010,8,33,3,4,499325.38,287205.38,1346345.97,983886.3875000004,1057315.8058333334
11,2010-08-20,1430192.37,0,88.93,2.664,214.9314191,7.346,2010,8,33,3,4,1983190.56,582353.17,470436.8,1195846.1875000005,1063678.6375
12,2010-08-20,948447.34,0,92.81,3.041,126.0766452,14.18,2010,8,33,3,4,1430192.37,870676.44,1090587.5,1215288.9125000003,1100970.4466666665
13,2010-08-20,1997397.63,0,76.34,2.85,126.0766452,7.951,2010,8,33,3,4,948447.34,499325.38,951208.65,1589806.9750000003,1141330.2083333333
14,2010-08-20,2057138.31,0,76.01,2.779,182.6165205,8.743,2010,8,33,3,4,1997397.63,1983190.56,491815.83,1608293.9125000006,1149063.7983333333
15,2010-08-20,637090.44,0,71.1,2.913,132.6616129,8.099,2010,8,33,3,4,2057138.31,1430192.37,1157975.68,1410018.4300000002,1172843.9841666666
6,2010-08-20,1539930.5,0,87.36,2.664,213.1291427,6.973,2010,8,33,3,4,637090.44,948447.34,1327719.34,1557889.2200000002,1134739.7683333333
42,2010-08-27,465993.51,0,84.99,3.022,126.0892903,9.199,2010,8,34,3,4,1539930.5,1997397.63,444160.07,1175038.1900000004,1108245.0858333334
1,2010-08-27,1449142.92,0,85.22,2.619,211.5673056,7.787,2010,8,34,3,4,465993.51,2057138.31,495269.0,1023039.3425000003,1205073.2141666666
41,2010-08-27,1173131.63,0,70.59,2.731,190.3284922,7.335,2010,8,34,3,4,1449142.92,637090.44,1218688.09,1157049.6400000004,1254304.7525
39,2010-08-27,1417515.93,0,84.31,2.619,210.3292106,8.36,2010,8,34,3,4,1173131.63,1539930.5,1864436.12,1126445.9975000003,1299874.71
21,2010-08-27,855882.57,0,86.2,2.619,211.2241759,8.099,2010,8,34,3,4,1417515.93,465993.51,265367.51,1223918.2625000004,1329587.8091666666
22,2010-08-27,1081420.96,0,68.99,2.77,136.557015,8.433,2010,8,34,3,4,855882.57,1449142.92,686072.39,1131987.7725000004,1254440.3425
23,2010-08-27,1584623.36,0,63.25,2.77,132.6932258,5.326,2010,8,34,3,4,1081420.96,1173131.63,1011938.29,1234860.7050000003,1267309.5916666666
24,2010-08-27,1350059.35,0,67.0,2.885,132.6932258,8.117,2010,8,34,3,4,1584623.36,1417515.93,1975374.56,1217996.5600000003,1300777.2591666665
25,2010-08-27,711461.95,0,67.15,2.755,204.7900305,7.527,2010,8,34,3,4,1350059.35,855882.57,1936878.46,1181891.4050000003,1193615.9525
26,2010-08-27,977322.52,0,57.23,2.77,132.6932258,8.445,2010,8,34,3,4,711461.95,1081420.96,1007385.36,1155866.7950000004,1103631.3033333335
27,2010-08-27,1870684.21,0,70.31,2.885,136.557015,7.982,2010,8,34,3,4,977322.52,1584623.36,724499.81,1227382.0075000003,1206430.7841666664
28,2010-08-27,1191585.92,0,93.19,3.129,126.0892903,14.18,2010,8,34,3,4,1870684.21,1350059.35,1017045.44,1187763.6500000004,1177402.0691666666
29,2010-08-27,545766.13,0,68.99,2.77,132.6932258,10.409,2010,8,34,3,4,1191585.92,711461.95,1439901.05,1146339.6950000003,1184049.7874999999
30,2010-08-27,443810.78,0,86.2,2.619,211.2241759,8.099,2010,8,34,3,4,545766.13,977322.52,848873.28,1012961.7600000004,1100272.1091666666
31,2010-08-27,1326621.98,0,86.2,2.619,211.2241759,8.099,2010,8,34,3,4,443810.78,1870684.21,1195897.6,876946.2025000004,1113062.9716666667
32,2010-08-27,1140501.03,0,74.95,2.731,190.3284922,9.017,2010,8,34,3,4,1326621.98,1191585.92,1375307.54,864174.9800000004,1089978.3966666667
33,2010-08-27,224031.19,0,94.0,3.022,126.0892903,9.495,2010,8,34,3,4,1140501.03,545766.13,531640.19,783741.2450000005,1037324.1150000001
34,2010-08-27,855421.39,0,72.87,2.621,126.0892903,9.816,2010,8,34,3,4,224031.19,443810.78,712869.09,886643.8975000004,1018490.8175
35,2010-08-27,917693.06,0,70.31,2.755,136.557015,8.861,2010,8,34,3,4,855421.39,1326621.98,1376571.21,784411.6675000004,962913.2925
36,2010-08-27,412050.73,0,84.62,2.562,210.3292106,8.36,2010,8,34,3,4,917693.06,1140501.03,1189887.86,602299.0925000004,884745.9075000001
37,2010-08-27,512157.25,0,84.62,2.619,210.3292106,8.36,2010,8,34,3,4,412050.73,224031.19,230519.49,674330.6075000004,868137.1825000001
40,2010-08-27,922328.02,0,62.57,2.77,132.6932258,5.326,2010,8,34,3,4,512157.25,855421.39,985152.94,691057.2650000004,863554.3075
45,2010-08-27,721744.33,0,71.36,2.755,182.6104063,8.743,2010,8,34,3,4,922328.02,917693.06,1033719.5,642070.0825000004,767809.3175
20,2010-08-27,1946369.57,0,70.51,2.755,204.7900305,7.527,2010,8,34,3,4,721744.33,412050.73,437949.9,1025649.7925000003,830707.9550000001
44,2010-08-27,293155.08,0,75.31,2.854,126.0892903,7.804,2010,8,34,3,4,1946369.57,512157.25,486930.72,970899.2500000003,809657.0341666667
19,2010-08-27,1557888.16,0,66.4,2.885,132.6932258,8.099,2010,8,34,3,4,293155.08,922328.02,329139.73,1129789.2850000004,902496.8158333334
17,2010-08-27,802583.89,0,65.03,2.854,126.0892903,6.697,2010,8,34,3,4,1557888.16,721744.33,1471816.52,1149999.1750000003,858826.9750000001
43,2010-08-27,655284.69,0,80.32,2.619,203.4799839,9.816,2010,8,34,3,4,802583.89,1946369.57,1419383.19,827227.9550000003,818392.2800000001
2,2010-08-27,1863840.49,0,87.12,2.619,211.2241759,8.099,2010,8,34,3,4,655284.69,293155.08,447139.8,1219899.3075000003,955043.055
3,2010-08-27,362134.09,0,86.15,2.619,214.8897938,7.346,2010,8,34,3,4,1863840.49,1557888.16,1141860.67,920960.7900000003,913935.7800000001
4,2010-08-27,1848403.92,0,74.44,2.621,126.0892903,7.372,2010,8,34,3,4,362134.09,802583.89,932397.0,1182415.7975000003,991495.0183333334
5,2010-08-27,288519.75,0,87.05,2.619,212.123908,6.496,2010,8,34,3,4,1848403.92,655284.69,521516.96,1090724.5625000005,981200.77
6,2010-08-27,1450766.12,0,85.71,2.619,213.0905324,6.973,2010,8,34,3,4,288519.75,1863840.49,708568.29,987455.9700000004,1059418.1758333333
18,2010-08-27,1214302.76,0,67.05,2.77,132.6932258,9.342,2010,8,34,3,4,1450766.12,362134.09,284740.5,1200498.1375000004,1083749.4041666668
8,2010-08-27,888816.78,0,74.92,2.619,214.9362793,6.315,2010,8,34,3,4,1214302.76,1848403.92,1353838.39,960601.3525000005,1097672.1083333334
7,2010-08-27,554309.24,0,57.57,2.731,190.3284922,9.017,2010,8,34,3,4,888816.78,288519.75,500945.63,1027048.7250000004,981667.0808333334
10,2010-08-27,1727565.42,0,84.99,3.022,126.0892903,9.199,2010,8,34,3,4,554309.24,1450766.12,1513080.49,1096248.5500000003,1101201.2758333334
11,2010-08-27,1311263.07,0,87.7,2.619,214.8897938,7.346,2010,8,34,3,4,1727565.42,1214302.76,1964335.23,1120488.6275000004,1080649.185
12,2010-08-27,1004516.46,0,93.19,3.129,126.0892903,14.18,2010,8,34,3,4,1311263.07,888816.78,351728.21,1149413.5475000003,1097476.8991666667
13,2010-08-27,1908278.27,0,75.31,2.854,126.0892903,7.951,2010,8,34,3,4,1004516.46,554309.24,1997181.09,1487905.8050000004,1201893.0308333333
14,2010-08-27,2020332.07,0,71.36,2.755,182.6104063,8.743,2010,8,34,3,4,1908278.27,1727565.42,783929.7,1561097.4675000003,1214933.9958333333
15,2010-08-27,649791.15,0,65.07,2.885,132.6932258,8.099,2010,8,34,3,4,2020332.07,1311263.07,287205.38,1395729.4875000003,1238905.4175
16,2010-08-27,581010.52,0,65.66,2.731,190.3284922,6.868,2010,8,34,3,4,649791.15,1004516.46,582353.17,1289853.0025000004,1133289.3008333333
9,2010-08-27,506789.66,0,84.01,2.619,215.1199536,6.442,2010,8,34,3,4,581010.52,1908278.27,870676.44,939480.8500000004,1151478.46
38,2010-08-27,322868.56,0,93.19,3.129,126.0892903,14.18,2010,8,34,3,4,506789.66,2020332.07,499325.38,515114.9725000004,1057486.9966666668
45,2010-09-03,790144.7,0,78.37,2.715,182.6042922,8.743,2010,9,35,3,4,322868.56,649791.15,1983190.56,550203.3600000003,1022140.4916666666
44,2010-09-03,295880.12,0,65.71,2.868,126.1019355,7.804,2010,9,35,3,4,790144.7,581010.52,1430192.37,478920.76000000036,972729.1033333334
43,2010-09-03,689326.91,0,80.43,2.577,203.4507258,9.816,2010,9,35,3,4,295880.12,506789.66,948447.34,524555.0725000004,983980.5758333333
39,2010-09-03,1345167.61,0,82.13,2.577,210.2966631,8.36,2010,9,35,3,4,689326.91,322868.56,1997397.63,780129.8350000003,952114.0916666667
41,2010-09-03,1223355.5,0,64.13,2.773,190.3621607,7.335,2010,9,35,3,4,1345167.61,790144.7,2057138.31,888432.5350000004,944788.4608333333
22,2010-09-03,1074535.88,0,75.85,2.735,136.5891118,8.433,2010,9,35,3,4,1223355.5,295880.12,637090.44,1083096.4750000003,950623.4125
23,2010-09-03,1405119.23,0,72.91,2.735,132.7248387,5.326,2010,9,35,3,4,1074535.88,689326.91,1539930.5,1262044.5550000002,908693.4925
24,2010-09-03,1366381.6,0,73.52,2.86,132.7248387,8.117,2010,9,35,3,4,1405119.23,1345167.61,465993.51,1267348.0525000002,854197.6200000001
25,2010-09-03,685700.08,0,71.17,2.715,204.7583566,7.527,2010,9,35,3,4,1366381.6,1223355.5,1449142.92,1132934.1975000002,857190.0308333333
26,2010-09-03,1037549.71,0,66.93,2.735,132.7248387,8.445,2010,9,35,3,4,685700.08,1074535.88,1173131.63,1123687.6550000003,895234.9633333334
27,2010-09-03,1908110.9,0,78.52,2.86,136.5891118,7.982,2010,9,35,3,4,1037549.71,1405119.23,1417515.93,1249435.5725000002,1012011.7333333334
28,2010-09-03,1523410.71,0,83.12,3.087,126.1019355,14.18,2010,9,35,3,4,1908110.9,1366381.6,855882.57,1288692.8500000003,1112056.9124999999
29,2010-09-03,579272.38,0,75.85,2.735,132.7248387,10.409,2010,9,35,3,4,1523410.71,685700.08,1081420.96,1262085.9250000003,1094484.2191666667
30,2010-09-03,461548.98,0,82.57,2.577,211.1886931,8.099,2010,9,35,3,4,579272.38,1037549.71,1584623.36,1118085.7425000004,1108289.9575
31,2010-09-03,1302047.48,0,82.57,2.577,211.1886931,8.099,2010,9,35,3,4,461548.98,1908110.9,1350059.35,966569.8875000003,1159350.005
32,2010-09-03,1095932.51,0,70.2,2.773,190.3621607,9.017,2010,9,35,3,4,1302047.48,1523410.71,711461.95,859700.3375000004,1138580.4133333333
33,2010-09-03,237405.82,0,90.82,3.087,126.1019355,9.495,2010,9,35,3,4,1095932.51,579272.38,977322.52,774233.6975000004,1056417.94
34,2010-09-03,964356.74,0,72.59,2.584,126.1019355,9.816,2010,9,35,3,4,237405.82,461548.98,1870684.21,899935.6375000004,1047236.3449999999
35,2010-09-03,948660.79,0,78.52,2.715,136.5891118,8.861,2010,9,35,3,4,964356.74,1302047.48,1191585.92,811588.9650000003,1009198.1416666667
36,2010-09-03,431294.45,0,82.29,2.533,210.2966631,8.36,2010,9,35,3,4,948660.79,1095932.51,545766.13,645429.4500000004,931274.2125
37,2010-09-03,510427.53,0,82.29,2.577,210.2966631,8.36,2010,9,35,3,4,431294.45,237405.82,443810.78,713684.8775000004,916668.1666666666
38,2010-09-03,377096.55,0,83.12,3.087,126.1019355,14.18,2010,9,35,3,4,510427.53,964356.74,1326621.98,566869.8300000003,861630.4033333333
21,2010-09-03,727772.8,0,82.57,2.577,211.1886931,8.099,2010,9,35,3,4,377096.55,948660.79,1140501.03,511647.83250000037,763268.895
42,2010-09-03,524658.06,0,83.8,3.087,126.1019355,9.199,2010,9,35,3,4,727772.8,431294.45,224031.19,534988.7350000003,680039.5075000001
20,2010-09-03,2121561.41,0,75.5,2.715,204.7583566,7.527,2010,9,35,3,4,524658.06,510427.53,855421.39,937772.2050000003,808563.5933333334
18,2010-09-03,1187359.77,0,75.42,2.735,132.7248387,9.342,2010,9,35,3,4,2121561.41,377096.55,917693.06,1140338.0100000002,869047.8258333333
1,2010-09-03,1540163.53,0,81.21,2.577,211.5312479,7.787,2010,9,35,3,4,1187359.77,727772.8,412050.73,1343435.6925000004,888890.8300000001
2,2010-09-03,1904608.09,0,81.83,2.577,211.1886931,8.099,2010,9,35,3,4,1540163.53,524658.06,512157.25,1688423.2000000002,956280.4616666668
3,2010-09-03,366473.97,0,84.16,2.577,214.8481685,7.346,2010,9,35,3,4,1904608.09,2121561.41,922328.02,1249651.34,967036.1408333335
4,2010-09-03,1935857.58,0,76.8,2.584,126.1019355,7.372,2010,9,35,3,4,366473.97,1187359.77,721744.33,1436775.7925000002,1047994.5441666668
5,2010-09-03,323798.0,0,84.06,2.577,212.0869176,6.496,2010,9,35,3,4,1935857.58,1540163.53,1946369.57,1132684.4100000001,995922.645
6,2010-09-03,1510925.32,0,82.15,2.577,213.0519222,6.973,2010,9,35,3,4,323798.0,1904608.09,293155.08,1034263.7175000003,1085891.8841666668
7,2010-09-03,532765.05,0,49.84,2.773,190.3621607,9.017,2010,9,35,3,4,1510925.32,366473.97,1557888.16,1075836.4875000003,1087753.3441666667
19,2010-09-03,1623519.64,0,74.69,2.86,132.7248387,8.099,2010,9,35,3,4,532765.05,1935857.58,802583.89,997752.0025000003,1191621.935
8,2010-09-03,899036.47,0,76.14,2.577,214.894576,6.315,2010,9,35,3,4,1623519.64,323798.0,655284.69,1141561.62,1205893.9075
10,2010-09-03,1766331.45,0,83.8,3.087,126.1019355,9.199,2010,9,35,3,4,899036.47,1510925.32,1863840.49,1205413.1525000003,1309366.6900000002
11,2010-09-03,1303914.27,0,84.94,2.577,214.8481685,7.346,2010,9,35,3,4,1766331.45,532765.05,362134.09,1398200.4575000003,1241229.4283333335
12,2010-09-03,1075758.55,0,83.12,3.087,126.1019355,14.18,2010,9,35,3,4,1303914.27,1623519.64,1848403.92,1261260.1850000003,1231929.3266666667
13,2010-09-03,1911852.58,0,65.71,2.868,126.1019355,7.951,2010,9,35,3,4,1075758.55,899036.47,288519.75,1514464.2125000004,1262903.4141666668
14,2010-09-03,2182563.66,0,78.37,2.715,182.6042922,8.743,2010,9,35,3,4,1911852.58,1766331.45,1450766.12,1618522.2650000004,1286066.3783333334
15,2010-09-03,638647.21,0,73.17,2.86,132.7248387,8.099,2010,9,35,3,4,2182563.66,1303914.27,1214302.76,1452205.5000000002,1308747.4816666667
16,2010-09-03,542087.89,0,58.02,2.773,190.3621607,6.868,2010,9,35,3,4,638647.21,1075758.55,888816.78,1318787.8350000002,1192600.0075
17,2010-09-03,834373.73,0,57.86,2.868,126.1019355,6.697,2010,9,35,3,4,542087.89,1911852.58,554309.24,1049418.1225000003,1235147.985
9,2010-09-03,511049.06,0,82.47,2.577,215.0779426,6.442,2010,9,35,3,4,834373.73,2182563.66,1727565.42,631539.4725000003,1151824.9633333334
40,2010-09-03,976453.34,0,70.66,2.735,132.7248387,5.326,2010,9,35,3,4,511049.06,638647.21,1311263.07,715991.0050000002,1188798.9875
45,2010-09-10,721460.22,1,70.87,2.699,182.598178,8.743,2010,9,36,3,4,976453.34,542087.89,1004516.46,760834.0875000001,1113627.3691666666
44,2010-09-10,283455.13,1,65.74,2.87,126.1145806,7.804,2010,9,36,3,4,721460.22,834373.73,1908278.27,623104.4375000002,1062328.9241666666
42,2010-09-10,589091.04,1,84.04,2.961,126.1145806,9.199,2010,9,36,3,4,283455.13,511049.06,2020332.07,642614.9325000002,964225.5566666666
18,2010-09-10,1011201.12,1,67.09,2.717,132.7564516,9.342,2010,9,36,3,4,589091.04,976453.34,649791.15,651301.8775000002,939832.7941666668
17,2010-09-10,1200888.28,1,56.28,2.87,126.1145806,6.697,2010,9,36,3,4,1011201.12,721460.22,581010.52,771158.8925000003,950260.2716666666
16,2010-09-10,537518.57,1,57.24,2.78,190.3958293,6.868,2010,9,36,3,4,1200888.28,283455.13,506789.66,834674.7525000003,835732.4375
15,2010-09-10,641965.2,1,62.36,2.837,132.7564516,8.099,2010,9,36,3,4,537518.57,589091.04,322868.56,847893.2925000002,707349.2324999999
14,2010-09-10,2191767.76,1,70.87,2.699,182.598178,8.743,2010,9,36,3,4,641965.2,1011201.12,790144.7,1143034.9525000001,836775.945
13,2010-09-10,1772143.94,1,65.74,2.87,126.1145806,7.951,2010,9,36,3,4,2191767.76,1200888.28,295880.12,1285848.8675000002,939280.6158333332
12,2010-09-10,903119.03,1,83.63,3.044,126.1145806,14.18,2010,9,36,3,4,1772143.94,537518.57,689326.91,1377248.9825000002,945009.3908333335
10,2010-09-10,1720530.23,1,84.04,2.961,126.1145806,9.199,2010,9,36,3,4,903119.03,641965.2,1345167.61,1646890.2400000002,1045799.4883333333
19,2010-09-10,1591453.39,1,63.36,2.837,132.7564516,8.099,2010,9,36,3,4,1720530.23,2191767.76,1223355.5,1496811.6475000002,1097049.4925
9,2010-09-10,484835.2,1,77.7,2.565,215.0359315,6.442,2010,9,36,3,4,1591453.39,1772143.94,1074535.88,1174984.4625000001,1077330.7408333332
7,2010-09-10,535769.32,1,48.5,2.78,190.3958293,9.017,2010,9,36,3,4,484835.2,903119.03,1405119.23,1083147.0350000001,1098356.9233333333
6,2010-09-10,1424225.44,1,78.78,2.565,213.013312,6.973,2010,9,36,3,4,535769.32,1720530.23,1366381.6,1009070.8375000001,1167951.4566666668
5,2010-09-10,306533.08,1,79.86,2.565,212.0499271,6.496,2010,9,36,3,4,1424225.44,1591453.39,685700.08,687840.7600000002,1109229.1199999999
4,2010-09-10,1865820.81,1,73.54,2.574,126.1145806,7.372,2010,9,36,3,4,306533.08,484835.2,1037549.71,1033087.1625000002,1164640.1641666666
3,2010-09-10,352260.97,1,80.84,2.565,214.8065431,7.346,2010,9,36,3,4,1865820.81,535769.32,1908110.9,987210.0750000002,1149202.0308333333
2,2010-09-10,1839128.83,1,79.09,2.565,211.1532104,8.099,2010,9,36,3,4,352260.97,1424225.44,1523410.71,1090935.9225000003,1248965.6666666667
1,2010-09-10,1507460.69,1,78.69,2.565,211.4951902,7.787,2010,9,36,3,4,1839128.83,306533.08,579272.38,1391167.8250000002,1191940.0775
43,2010-09-10,722120.04,1,81.32,2.565,203.4214677,9.816,2010,9,36,3,4,1507460.69,1865820.81,461548.98,1105242.6325000003,1104438.0858333334
8,2010-09-10,831425.2,1,74.34,2.565,214.8528728,6.315,2010,9,36,3,4,722120.04,352260.97,1302047.48,1225033.6900000004,1098463.5999999999
20,2010-09-10,2014954.79,1,65.02,2.699,204.7266827,7.527,2010,9,36,3,4,831425.2,1839128.83,1095932.51,1268990.1800000002,1122998.9800000002
11,2010-09-10,1231428.46,1,81.93,2.565,214.8065431,7.346,2010,9,36,3,4,2014954.79,1507460.69,237405.82,1199982.1225,1092996.9025
22,2010-09-10,924174.4,1,68.6,2.717,136.6212085,8.433,2010,9,36,3,4,1231428.46,722120.04,964356.74,1250495.7125000001,1129608.5025000002
41,2010-09-10,1172672.27,1,63.3,2.78,190.3958293,7.335,2010,9,36,3,4,924174.4,831425.2,948660.79,1335807.4800000002,1182683.7483333333
21,2010-09-10,674055.81,1,79.3,2.565,211.1532104,8.099,2010,9,36,3,4,1172672.27,2014954.79,431294.45,1000582.7350000002,1120169.6125
40,2010-09-10,967310.82,1,62.75,2.717,132.7564516,5.326,2010,9,36,3,4,674055.81,1231428.46,510427.53,934553.3250000002,1175234.4241666668
39,2010-09-10,1279666.47,1,79.94,2.565,210.2641156,8.36,2010,9,36,3,4,967310.82,924174.4,377096.55,1023426.3425000003,1126388.2291666667
38,2010-09-10,336227.69,1,83.63,3.044,126.1145806,14.18,2010,9,36,3,4,1279666.47,1172672.27,727772.8,814315.1975000002,1125052.1225
37,2010-09-10,510296.07,1,80.58,2.565,210.2641156,8.36,2010,9,36,3,4,336227.69,674055.81,524658.06,773375.2625000002,1014316.0591666666
36,2010-09-10,434471.38,1,80.58,2.513,210.2641156,8.36,2010,9,36,3,4,510296.07,967310.82,2121561.41,640165.4025000003,924900.2833333333
34,2010-09-10,932240.96,1,72.61,2.574,126.1145806,9.816,2010,9,36,3,4,434471.38,1279666.47,1187359.77,553309.0250000003,942410.3599999999
33,2010-09-10,272834.88,1,91.77,2.961,126.1145806,9.495,2010,9,36,3,4,932240.96,336227.69,1540163.53,537460.8225000002,895861.1666666666
32,2010-09-10,1028635.39,1,68.44,2.78,190.3958293,9.017,2010,9,36,3,4,272834.88,510296.07,1904608.09,667045.6525000002,813667.8833333334
35,2010-09-10,961685.98,1,70.38,2.699,136.6212085,8.861,2010,9,36,3,4,1028635.39,434471.38,366473.97,798849.3025000002,791189.3433333333
24,2010-09-10,1474498.59,1,67.11,2.837,132.7564516,8.117,2010,9,36,3,4,961685.98,932240.96,1935857.58,934413.7100000003,837049.6924999999
30,2010-09-10,455162.92,1,79.3,2.565,211.1532104,8.099,2010,9,36,3,4,1474498.59,272834.88,323798.0,979995.7200000002,777257.2466666667
29,2010-09-10,491290.37,1,68.6,2.717,132.7564516,10.409,2010,9,36,3,4,455162.92,1028635.39,1510925.32,845659.4650000003,762026.7933333333
28,2010-09-10,1246062.17,1,83.63,3.044,126.1145806,14.18,2010,9,36,3,4,491290.37,961685.98,532765.05,916753.5125000003,785256.0725000001
27,2010-09-10,1913494.81,1,70.38,2.837,136.6212085,7.982,2010,9,36,3,4,1246062.17,1474498.59,1623519.64,1026502.5675000002,838075.1008333332
26,2010-09-10,1042226.3,1,54.82,2.717,132.7564516,8.445,2010,9,36,3,4,1913494.81,455162.92,899036.47,1173268.4125000003,896908.3183333334
25,2010-09-10,655811.95,1,61.14,2.699,204.7266827,7.527,2010,9,36,3,4,1042226.3,491290.37,1766331.45,1214398.8075,909034.6416666666
31,2010-09-10,1308179.02,1,79.3,2.565,211.1532104,8.099,2010,9,36,3,4,655811.95,1246062.17,1303914.27,1229928.0200000003,981843.6116666667
23,2010-09-10,1272842.85,1,63.21,2.717,132.7564516,5.326,2010,9,36,3,4,1308179.02,1913494.81,1075758.55,1069765.0300000003,1010227.1025
31,2010-09-17,1294105.01,0,83.03,2.582,211.1806415,8.099,2010,9,37,3,4,1272842.85,1042226.3,1911852.58,1132734.7075000003,1095332.9466666668
30,2010-09-17,462058.19,0,83.03,2.582,211.1806415,8.099,2010,9,37,3,4,1294105.01,655811.95,2182563.66,1084296.2675000003,1048118.18
29,2010-09-17,463752.89,0,62.49,2.716,132.7670667,10.409,2010,9,37,3,4,462058.19,1308179.02,638647.21,873189.7350000002,1006623.7558333334
25,2010-09-17,628989.88,0,60.13,2.706,204.7513279,7.527,2010,9,37,3,4,463752.89,1272842.85,542087.89,712226.4925000002,936164.6966666667
27,2010-09-17,1629978.46,0,64.5,2.846,136.6338071,7.982,2010,9,37,3,4,628989.88,1294105.01,834373.73,796194.8550000002,1034065.9916666667
26,2010-09-17,923473.7,0,50.08,2.716,132.7670667,8.445,2010,9,37,3,4,1629978.46,462058.19,511049.06,911548.7325000002,1070081.2691666668
32,2010-09-17,1043962.36,0,67.17,2.8,190.4688287,9.017,2010,9,37,3,4,923473.7,463752.89,976453.34,1056601.1,1053239.6183333334
28,2010-09-17,1159812.35,0,82.45,3.028,126.1454667,14.18,2010,9,37,3,4,1043962.36,628989.88,721460.22,1189306.7175000003,990432.7466666667
33,2010-09-17,246277.18,0,89.43,3.028,126.1454667,9.495,2010,9,37,3,4,1159812.35,1629978.46,283455.13,843381.3975000003,924103.6533333333
43,2010-09-17,725043.04,0,78.86,2.582,203.4499286,9.816,2010,9,37,3,4,246277.18,923473.7,589091.04,793773.7325000004,929872.9108333333
35,2010-09-17,831443.61,0,64.5,2.706,136.6338071,8.861,2010,9,37,3,4,725043.04,1043962.36,1011201.12,740644.0450000003,890144.9600000001
36,2010-09-17,454694.21,0,82.1,2.55,210.2924504,8.36,2010,9,37,3,4,831443.61,1159812.35,1200888.28,564364.5100000002,821965.9066666666
37,2010-09-17,501251.4,0,82.1,2.582,210.2924504,8.36,2010,9,37,3,4,454694.21,246277.18,537518.57,628108.0650000003,755894.7725
38,2010-09-17,336253.19,0,82.45,3.028,126.1454667,14.18,2010,9,37,3,4,501251.4,725043.04,641965.2,530910.6025000003,745411.0225
39,2010-09-17,1252915.43,0,81.83,2.582,210.2924504,8.36,2010,9,37,3,4,336253.19,831443.61,2191767.76,636278.5575000002,811174.5674999999
40,2010-09-17,855046.95,0,55.34,2.716,132.7670667,5.326,2010,9,37,3,4,1252915.43,454694.21,1772143.94,736366.7425000002,830012.6566666667
41,2010-09-17,1111170.91,0,62.4,2.8,190.4688287,7.335,2010,9,37,3,4,855046.95,501251.4,903119.03,888846.6200000001,786778.6941666667
42,2010-09-17,536871.58,0,85.52,3.028,126.1454667,9.199,2010,9,37,3,4,1111170.91,336253.19,1720530.23,939001.2175000001,754561.8508333334
24,2010-09-17,1273295.46,0,60.31,2.846,132.7670667,8.117,2010,9,37,3,4,536871.58,1252915.43,1591453.39,944096.2250000001,773672.9425
34,2010-09-17,885445.47,0,70.71,2.594,126.1454667,9.816,2010,9,37,3,4,1273295.46,855046.95,484835.2,951695.855,750809.0358333333
44,2010-09-17,279364.13,0,66.84,2.875,126.1454667,7.804,2010,9,37,3,4,885445.47,1111170.91,535769.32,743744.1600000001,753566.2816666667
2,2010-09-17,1793903.6,0,82.05,2.582,211.1806415,8.099,2010,9,37,3,4,279364.13,536871.58,1424225.44,1058002.165,842637.995
21,2010-09-17,684340.86,0,83.03,2.582,211.1806415,8.099,2010,9,37,3,4,1793903.6,1273295.46,306533.08,910763.5150000001,830379.4325000001
1,2010-09-17,1430378.67,0,82.11,2.582,211.5224596,7.787,2010,9,37,3,4,684340.86,885445.47,1865820.81,1046996.8150000002,911686.4708333332
3,2010-09-17,363064.64,0,82.36,2.582,214.8322484,7.346,2010,9,37,3,4,1430378.67,279364.13,352260.97,1067921.9425000001,900170.9074999999
4,2010-09-17,1899959.61,0,64.91,2.594,126.1454667,7.372,2010,9,37,3,4,363064.64,1793903.6,1839128.83,1094435.945,1030479.7758333333
5,2010-09-17,282558.65,0,82.28,2.582,212.0769346,6.496,2010,9,37,3,4,1899959.61,684340.86,1507460.69,993990.3925000001,949616.7108333333
6,2010-09-17,1308537.75,0,81.78,2.582,213.0398643,6.973,2010,9,37,3,4,282558.65,1430378.67,722120.04,963530.1625000001,987407.6108333333
7,2010-09-17,489408.53,0,48.56,2.8,190.4688287,9.017,2010,9,37,3,4,1308537.75,363064.64,831425.2,995116.135,935594.0791666667
8,2010-09-17,836707.85,0,75.32,2.582,214.8785562,6.315,2010,9,37,3,4,489408.53,1899959.61,2014954.79,729303.1950000001,960580.435
9,2010-09-17,463448.59,0,81.19,2.582,215.0615285,6.442,2010,9,37,3,4,836707.85,282558.65,1231428.46,774525.6800000002,893093.1958333333
10,2010-09-17,1716755.78,0,85.52,3.028,126.1454667,9.199,2010,9,37,3,4,463448.59,1308537.75,924174.4,876580.1875000001,962369.055
11,2010-09-17,1215676.31,0,83.04,2.582,214.8322484,7.346,2010,9,37,3,4,1716755.78,489408.53,1172672.27,1058147.1325000003,1040395.07
12,2010-09-17,852882.61,0,82.45,3.028,126.1454667,14.18,2010,9,37,3,4,1215676.31,836707.85,674055.81,1062190.8225000002,961976.6541666667
13,2010-09-17,1790279.74,0,66.84,2.875,126.1454667,7.951,2010,9,37,3,4,852882.61,463448.59,967310.82,1393898.61,1054138.2274999998
14,2010-09-17,1953539.85,0,66.55,2.706,182.622509,8.743,2010,9,37,3,4,1790279.74,1716755.78,1279666.47,1453094.6275000002,1097734.9925
15,2010-09-17,583210.87,0,57.94,2.846,132.7670667,8.099,2010,9,37,3,4,1953539.85,1215676.31,336227.69,1294978.2675000003,1116080.5116666667
16,2010-09-17,522049.52,0,56.55,2.8,190.4688287,6.868,2010,9,37,3,4,583210.87,852882.61,510296.07,1212269.995,1001254.6708333334
17,2010-09-17,871264.25,0,58.53,2.875,126.1454667,6.697,2010,9,37,3,4,522049.52,1790279.74,434471.38,982516.1225000002,1050313.4708333334
18,2010-09-17,997998.21,0,60.94,2.716,132.7670667,9.342,2010,9,37,3,4,871264.25,1953539.85,932240.96,743630.7125000001,1024435.1758333334
19,2010-09-17,1386789.31,0,58.68,2.846,132.7670667,8.099,2010,9,37,3,4,997998.21,583210.87,272834.88,944525.3225000001,1099216.9075
20,2010-09-17,1948359.78,0,65.28,2.706,204.7513279,7.527,2010,9,37,3,4,1386789.31,522049.52,1028635.39,1301102.8875000002,1191854.5683333334
22,2010-09-17,918285.97,0,62.49,2.716,136.6338071,8.433,2010,9,37,3,4,1948359.78,871264.25,961685.98,1312858.3175000001,1229757.6833333333
45,2010-09-17,716987.58,0,66.55,2.706,182.622509,8.743,2010,9,37,3,4,918285.97,997998.21,1474498.59,1242605.6600000001,1146443.6666666667
23,2010-09-17,1159132.58,0,55.3,2.716,132.7670667,5.326,2010,9,37,3,4,716987.58,1386789.31,455162.92,1185691.4775,1141731.6891666667
33,2010-09-24,231976.84,0,91.18,2.939,126.1900333,9.495,2010,9,38,3,4,1159132.58,1948359.78,491290.37,756595.7425,1089989.5416666667
25,2010-09-24,607819.33,0,65.06,2.713,204.8182126,7.527,2010,9,38,3,4,231976.84,918285.97,1246062.17,678979.0825000001,991451.1741666667
26,2010-09-24,868636.3,0,52.47,2.718,132.7619333,8.445,2010,9,38,3,4,607819.33,716987.58,1913494.81,716891.2625000002,901042.5449999999
28,2010-09-24,1111797.21,0,81.77,2.939,126.1900333,14.18,2010,9,38,3,4,868636.3,1159132.58,1042226.3,705057.4200000002,945091.4066666667
29,2010-09-24,465338.41,0,65.14,2.718,132.7619333,10.409,2010,9,38,3,4,1111797.21,231976.84,655811.95,763397.8125000001,940365.4808333335
30,2010-09-24,448392.17,0,80.79,2.624,211.2552578,8.099,2010,9,38,3,4,465338.41,607819.33,1308179.02,723541.0225000001,905126.1408333335
31,2010-09-24,1230250.25,0,80.79,2.624,211.2552578,8.099,2010,9,38,3,4,448392.17,868636.3,1272842.85,813944.51,924480.4775
32,2010-09-24,1067432.1,0,64.19,2.793,190.5713264,9.017,2010,9,38,3,4,1230250.25,1111797.21,1294105.01,802853.2325000002,897867.3766666668
34,2010-09-24,867539.07,0,69.78,2.642,126.1900333,9.816,2010,9,38,3,4,1067432.1,465338.41,462058.19,903403.3975000001,807798.9841666667
35,2010-09-24,758069.78,0,67.08,2.713,136.6317821,8.861,2010,9,38,3,4,867539.07,448392.17,463752.89,980822.8,794447.6349999999
36,2010-09-24,419348.59,0,79.17,2.578,210.3664469,8.36,2010,9,38,3,4,758069.78,1230250.25,628989.88,778097.3850000001,769644.3858333334
37,2010-09-24,494265.48,0,79.17,2.624,210.3664469,8.36,2010,9,38,3,4,419348.59,1067432.1,1629978.46,634805.7300000001,714238.7941666666
38,2010-09-24,330604.9,0,81.77,2.939,126.1900333,14.18,2010,9,38,3,4,494265.48,867539.07,923473.7,500572.1875000001,722457.7991666667
39,2010-09-24,1199449.54,0,78.5,2.624,210.3664469,8.36,2010,9,38,3,4,330604.9,758069.78,1043962.36,610917.1275000001,771760.3166666668
40,2010-09-24,844373.31,0,55.63,2.718,132.7619333,5.326,2010,9,38,3,4,1199449.54,419348.59,1159812.35,717173.3075000001,769738.4008333333
41,2010-09-24,1110941.78,0,60.11,2.793,190.5713264,7.335,2010,9,38,3,4,844373.31,494265.48,246277.18,871342.3825000001,769667.1150000001
42,2010-09-24,492262.96,0,85.75,2.939,126.1900333,9.199,2010,9,38,3,4,1110941.78,330604.9,725043.04,911756.8975000002,771910.8275
43,2010-09-24,650263.95,0,77.42,2.624,203.5216786,9.816,2010,9,38,3,4,492262.96,1199449.54,831443.61,774460.5000000001,788733.4758333334
44,2010-09-24,281313.78,0,68.22,2.872,126.1900333,7.804,2010,9,38,3,4,650263.95,844373.31,454694.21,633695.6175000002,709655.4366666666
45,2010-09-24,678228.58,0,68.59,2.713,182.6696737,8.743,2010,9,38,3,4,281313.78,1110941.78,501251.4,525517.3175,677221.81
24,2010-09-24,1169413.27,0,64.3,2.837,132.7619333,8.117,2010,9,38,3,4,678228.58,492262.96,336253.19,694804.895,702377.9933333333
23,2010-09-24,1099055.65,0,57.75,2.718,132.7619333,5.326,2010,9,38,3,4,1169413.27,650263.95,1252915.43,807002.82,730793.4824999999
27,2010-09-24,1597002.71,0,67.08,2.837,136.6317821,7.982,2010,9,38,3,4,1099055.65,281313.78,855046.95,1135925.0525,828931.3258333333
21,2010-09-24,671688.06,0,80.79,2.624,211.2552578,8.099,2010,9,38,3,4,1597002.71,678228.58,1111170.91,1134289.9224999999,843716.5408333334
1,2010-09-24,1351791.03,0,80.94,2.624,211.5972246,7.787,2010,9,38,3,4,671688.06,1169413.27,536871.58,1179884.3625,928815.3849999999
2,2010-09-24,1724557.22,0,81.79,2.624,211.2552578,8.099,2010,9,38,3,4,1351791.03,1099055.65,1273295.46,1336259.755,972574.3583333334
3,2010-09-24,355626.87,0,76.9,2.624,214.9084516,7.346,2010,9,38,3,4,1724557.22,1597002.71,885445.47,1025915.795,931845.4883333333
4,2010-09-24,1810684.68,0,60.96,2.642,126.1900333,7.372,2010,9,38,3,4,355626.87,671688.06,279364.13,1310664.95,990157.3966666666
5,2010-09-24,293131.58,0,78.53,2.624,212.1519404,6.496,2010,9,38,3,4,1810684.68,1351791.03,1793903.6,1046000.0874999999,973563.1149999999
6,2010-09-24,1275591.84,0,76.49,2.624,213.1152886,6.973,2010,9,38,3,4,293131.58,1724557.22,684340.86,933758.7424999999,1025673.7725
7,2010-09-24,488008.83,0,47.55,2.793,190.5713264,9.017,2010,9,38,3,4,1275591.84,355626.87,1430378.67,966854.2324999999,1042898.3599999999
22,2010-09-24,902779.25,0,65.14,2.718,136.6317821,8.433,2010,9,38,3,4,488008.83,1810684.68,363064.64,739877.875,1061610.9158333333
9,2010-09-24,452905.22,0,77.15,2.624,215.1378313,6.442,2010,9,38,3,4,902779.25,293131.58,1899959.61,779821.285,1001901.9116666666
10,2010-09-24,1655036.75,0,85.75,2.939,126.1900333,9.199,2010,9,38,3,4,452905.22,1275591.84,282558.65,874682.5125,1048233.6699999999
11,2010-09-24,1170103.25,0,77.36,2.624,214.9084516,7.346,2010,9,38,3,4,1655036.75,488008.83,1308537.75,1045206.1174999999,1012658.715
8,2010-09-24,773725.08,0,72.21,2.624,214.9547795,6.315,2010,9,38,3,4,1170103.25,902779.25,489408.53,1012942.575,1021161.7999999999
20,2010-09-24,1789687.65,0,69.37,2.713,204.8182126,7.527,2010,9,38,3,4,773725.08,452905.22,836707.85,1347138.1825,1057653.185
13,2010-09-24,1705655.09,0,68.22,2.872,126.1900333,7.951,2010,9,38,3,4,1789687.65,1655036.75,463448.59,1359792.7675,1056078.0075
14,2010-09-24,1879891.13,0,68.59,2.713,182.6696737,8.743,2010,9,38,3,4,1705655.09,1170103.25,1716755.78,1537239.7375,1183100.0291666666
15,2010-09-24,548542.47,0,62.53,2.837,132.7619333,8.099,2010,9,38,3,4,1879891.13,773725.08,1215676.31,1480944.085,1077921.5116666667
16,2010-09-24,511330.32,0,58.19,2.793,190.5713264,6.868,2010,9,38,3,4,548542.47,1789687.65,852882.61,1161354.7525,1096104.74
17,2010-09-24,852876.29,0,58.39,2.872,126.1900333,6.697,2010,9,38,3,4,511330.32,1705655.09,1790279.74,948160.0525,1060878.4441666666
18,2010-09-24,950862.92,0,64.82,2.718,132.7619333,9.342,2010,9,38,3,4,852876.29,1879891.13,1953539.85,715903.0,1099449.6183333334
19,2010-09-24,1318343.58,0,63.43,2.837,132.7619333,8.099,2010,9,38,3,4,950862.92,548542.47,583210.87,908353.2775000001,1134079.9791666667
12,2010-09-24,851919.34,0,81.77,2.939,126.1900333,14.18,2010,9,38,3,4,1318343.58,511330.32,522049.52,993500.5325,1167331.1558333335
31,2010-10-01,1213981.64,0,70.28,2.603,211.3298742,8.163,2010,10,39,4,4,851919.34,852876.29,871264.25,1083776.87,1130576.5633333332
30,2010-10-01,445475.3,0,70.28,2.603,211.3298742,8.163,2010,10,39,4,4,1213981.64,950862.92,997998.21,957429.965,1070190.9008333334
29,2010-10-01,474698.01,0,69.31,2.717,132.7568,10.524,2010,10,39,4,4,445475.3,1318343.58,1386789.31,746518.5725,1045271.9783333334
28,2010-10-01,1203080.41,0,85.2,3.001,126.2346,14.313,2010,10,39,4,4,474698.01,851919.34,1948359.78,834308.8400000001,996388.0416666666
24,2010-10-01,1215273.2,0,66.88,2.84,132.7568,8.275,2010,10,39,4,4,1203080.41,1213981.64,918285.97,834631.73,955522.8841666667
26,2010-10-01,923221.52,0,57.8,2.717,132.7568,8.149,2010,10,39,4,4,1215273.2,445475.3,716987.58,954068.285,875800.4166666666
25,2010-10-01,658640.14,0,57.56,2.707,204.8850973,7.484,2010,10,39,4,4,923221.52,474698.01,1159132.58,1000053.8175,884975.2225
32,2010-10-01,1061089.56,0,66.14,2.759,190.6738241,9.137,2010,10,39,4,4,658640.14,1203080.41,231976.84,964556.1050000001,930788.4925
27,2010-10-01,1543532.83,0,70.19,2.84,136.6297571,8.021,2010,10,39,4,4,1061089.56,1215273.2,607819.33,1046621.0125000001,988343.2041666667
33,2010-10-01,224294.39,0,91.45,3.001,126.2346,9.265,2010,10,39,4,4,1543532.83,923221.52,868636.3,871889.2300000001,927795.8266666668
44,2010-10-01,300152.45,0,68.74,2.853,126.2346,7.61,2010,10,39,4,4,224294.39,658640.14,1111797.21,782267.3075,842946.5658333333
35,2010-10-01,771065.21,0,70.19,2.707,136.6297571,8.763,2010,10,39,4,4,300152.45,1061089.56,465338.41,709761.22,836208.7216666667
36,2010-10-01,422169.47,0,74.66,2.567,210.4404433,8.476,2010,10,39,4,4,771065.21,1543532.83,448392.17,429420.38,770224.3741666666
37,2010-10-01,529877.93,0,74.66,2.603,210.4404433,8.476,2010,10,39,4,4,422169.47,224294.39,1230250.25,505816.265,777257.9266666666
38,2010-10-01,360256.58,0,85.2,3.001,126.2346,14.313,2010,10,39,4,4,529877.93,300152.45,1067432.1,520842.2975,767721.1408333333
39,2010-10-01,1219583.91,0,72.74,2.603,210.4404433,8.476,2010,10,39,4,4,360256.58,771065.21,867539.07,632971.9724999999,769096.4325
40,2010-10-01,891152.33,0,62.01,2.717,132.7568,5.287,2010,10,39,4,4,1219583.91,422169.47,758069.78,750217.6875,742086.36
41,2010-10-01,1109216.35,0,62.67,2.759,190.6738241,7.508,2010,10,39,4,4,891152.33,529877.93,419348.59,895052.2925,757585.9291666667
42,2010-10-01,481523.93,0,86.01,3.001,126.2346,9.003,2010,10,39,4,4,1109216.35,360256.58,494265.48,925369.13,742826.245
43,2010-10-01,657108.77,0,77.93,2.603,203.5934286,10.21,2010,10,39,4,4,481523.93,1219583.91,330604.9,784750.345,709161.1791666667
23,2010-10-01,1129909.44,0,62.07,2.717,132.7568,5.287,2010,10,39,4,4,657108.77,891152.33,1199449.54,844439.6225,674692.5633333334
34,2010-10-01,865709.11,0,70.13,2.619,126.2346,10.21,2010,10,39,4,4,1129909.44,1109216.35,844373.31,783562.8125,728143.79
22,2010-10-01,905987.17,0,69.31,2.717,136.6297571,8.572,2010,10,39,4,4,865709.11,481523.93,1110941.78,889678.6224999999,778630.0166666666
20,2010-10-01,1933719.21,0,61.08,2.707,204.8850973,7.484,2010,10,39,4,4,905987.17,657108.77,492262.96,1208831.2325,875517.85
45,2010-10-01,690007.76,0,70.58,2.707,182.7168385,8.724,2010,10,39,4,4,1933719.21,1129909.44,650263.95,1098855.8125,897837.7075
21,2010-10-01,677158.39,0,70.28,2.603,211.3298742,8.163,2010,10,39,4,4,690007.76,865709.11,281313.78,1051718.1325,910111.0791666666
1,2010-10-01,1453329.5,0,71.89,2.603,211.6719895,7.838,2010,10,39,4,4,677158.39,905987.17,678228.58,1188553.7149999999,1001200.4891666666
2,2010-10-01,1827440.43,0,69.24,2.603,211.3298742,8.163,2010,10,39,4,4,1453329.5,1933719.21,1169413.27,1161984.02,1051855.1991666665
3,2010-10-01,358784.1,0,73.6,2.603,214.9846548,7.564,2010,10,39,4,4,1827440.43,690007.76,1099055.65,1079178.105,1007491.18
4,2010-10-01,1842821.02,0,63.96,2.619,126.2346,7.127,2010,10,39,4,4,358784.1,677158.39,1597002.71,1370593.7625,1068624.9025
5,2010-10-01,283178.12,0,71.1,2.603,212.2269463,6.768,2010,10,39,4,4,1842821.02,1453329.5,671688.06,1078055.9175,1052096.085
7,2010-10-01,448998.73,0,49.99,2.759,190.6738241,9.137,2010,10,39,4,4,283178.12,1827440.43,1351791.03,733445.4925,1034753.5816666667
8,2010-10-01,804105.49,0,68.7,2.603,215.0310029,6.433,2010,10,39,4,4,448998.73,358784.1,1724557.22,844775.84,1007603.2525
9,2010-10-01,495692.19,0,69.08,2.603,215.2141341,6.56,2010,10,39,4,4,804105.49,1842821.02,355626.87,507993.6325,976768.5091666667
6,2010-10-01,1328468.89,0,70.69,2.603,213.1907129,7.007,2010,10,39,4,4,495692.19,283178.12,1810684.68,769316.325,1011975.3191666667
11,2010-10-01,1182490.46,0,75.11,2.603,214.9846548,7.564,2010,10,39,4,4,1328468.89,448998.73,293131.58,952689.2575000001,949372.9233333333
12,2010-10-01,850936.26,0,85.2,3.001,126.2346,14.313,2010,10,39,4,4,1182490.46,804105.49,1275591.84,964396.95,962783.6316666665
13,2010-10-01,1765584.48,0,68.74,2.853,126.2346,7.795,2010,10,39,4,4,850936.26,495692.19,488008.83,1281870.0225,1053485.8058333334
19,2010-10-01,1379456.3,0,59.91,2.84,132.7568,8.067,2010,10,39,4,4,1765584.48,1328468.89,902779.25,1294616.875,1047329.7058333334
14,2010-10-01,1855703.66,0,70.58,2.707,182.7168385,8.724,2010,10,39,4,4,1379456.3,1182490.46,452905.22,1462920.175,1049684.975
15,2010-10-01,566945.95,0,59.69,2.84,132.7568,8.067,2010,10,39,4,4,1855703.66,850936.26,1655036.75,1391922.5975,1067031.7958333332
16,2010-10-01,463977.54,0,59.39,2.759,190.6738241,6.986,2010,10,39,4,4,566945.95,1765584.48,1170103.25,1066520.8625,952128.1724999999
17,2010-10-01,829207.27,0,60.07,2.853,126.2346,6.885,2010,10,39,4,4,463977.54,1379456.3,773725.08,928958.605,997630.6016666667
18,2010-10-01,948977.5,0,67.76,2.717,132.7568,9.331,2010,10,39,4,4,829207.27,1855703.66,1789687.65,702277.065,1039295.4991666666
10,2010-10-01,1645892.97,0,86.01,3.001,126.2346,9.003,2010,10,39,4,4,948977.5,566945.95,1705655.09,972013.82,1109444.4558333333
15,2010-10-08,591603.79,0,52.19,2.903,132.7516667,8.067,2010,10,40,4,4,1645892.97,463977.54,1879891.13,1003920.3825000001,1117437.0891666666
16,2010-10-08,442894.2,0,54.29,2.745,190.7763218,6.986,2010,10,40,4,4,591603.79,829207.27,548542.47,907342.115,1043639.1983333332
17,2010-10-08,827738.06,0,58.06,2.841,126.2791667,6.885,2010,10,40,4,4,442894.2,948977.5,511330.32,877032.2549999999,1014076.4983333334
21,2010-10-08,680579.49,0,65.76,2.633,211.4044906,8.163,2010,10,40,4,4,827738.06,1645892.97,852876.29,635703.885,999880.1008333334
19,2010-10-08,1428960.72,0,53.74,2.903,132.7516667,8.067,2010,10,40,4,4,680579.49,591603.79,950862.92,845043.1174999999,971828.1208333332
20,2010-10-08,2060389.27,0,51.5,2.764,204.951982,7.484,2010,10,40,4,4,1428960.72,442894.2,1318343.58,1249416.885,1028572.535
14,2010-10-08,2091663.2,0,56.49,2.764,182.7640032,8.724,2010,10,40,4,4,2060389.27,827738.06,851919.34,1565398.17,1048235.83
18,2010-10-08,1107432.71,0,54.73,2.776,132.7516667,9.331,2010,10,40,4,4,2091663.2,680579.49,1213981.64,1672111.475,1093276.3933333333
13,2010-10-08,1871924.07,0,63.03,2.841,126.2791667,7.795,2010,10,40,4,4,1107432.71,1428960.72,445475.3,1782852.3125,1210605.2708333333
2,2010-10-08,1849921.44,0,63.19,2.633,211.4044906,8.163,2010,10,40,4,4,1871924.07,2060389.27,474698.01,1730235.355,1295664.785
10,2010-10-08,1772192.42,0,77.04,2.924,126.2791667,9.003,2010,10,40,4,4,1849921.44,2091663.2,1203080.41,1650367.6600000001,1364266.0283333333
9,2010-10-08,505069.21,0,65.35,2.633,215.290437,6.56,2010,10,40,4,4,1772192.42,1107432.71,1215273.2,1499776.785,1269197.3816666666
8,2010-10-08,870349.86,0,62.94,2.633,215.1072262,6.433,2010,10,40,4,4,505069.21,1871924.07,923221.52,1249383.2325,1292426.2208333334
7,2010-10-08,480239.88,0,44.13,2.745,190.7763218,9.137,2010,10,40,4,4,870349.86,1849921.44,658640.14,906962.8424999999,1295538.3608333333
6,2010-10-08,1360317.9,0,65.21,2.633,213.2661373,7.007,2010,10,40,4,4,480239.88,1772192.42,1061089.56,803994.2124999999,1339920.0141666667
5,2010-10-08,290494.85,0,64.99,2.633,212.3019522,6.768,2010,10,40,4,4,1360317.9,505069.21,1543532.83,750350.6224999999,1307412.9608333332
4,2010-10-08,1951494.85,0,67.73,2.645,126.2791667,7.127,2010,10,40,4,4,290494.85,870349.86,224294.39,1020636.87,1350957.4716666667
3,2010-10-08,395107.35,0,66.99,2.633,215.060858,7.564,2010,10,40,4,4,1951494.85,480239.88,300152.45,999353.7374999999,1212183.9783333333
22,2010-10-08,1015051.62,0,56.32,2.776,136.6277321,8.572,2010,10,40,4,4,395107.35,1360317.9,771065.21,913037.1675,1122466.3466666667
12,2010-10-08,918335.68,0,71.82,3.013,126.2791667,14.313,2010,10,40,4,4,1015051.62,290494.85,422169.47,1069997.375,1106708.2608333332
23,2010-10-08,1179851.68,0,50.75,2.776,132.7516667,5.287,2010,10,40,4,4,918335.68,1951494.85,529877.93,877086.5824999999,1049035.5616666665
34,2010-10-08,931710.67,0,65.21,2.645,126.2791667,10.21,2010,10,40,4,4,1179851.68,395107.35,360256.58,1011237.4124999999,972517.9975
25,2010-10-08,674283.86,0,48.46,2.764,204.951982,7.484,2010,10,40,4,4,931710.67,1015051.62,1219583.91,926045.4724999999,881025.6175
45,2010-10-08,745782.1,0,56.49,2.764,182.7640032,8.724,2010,10,40,4,4,674283.86,918335.68,891152.33,882907.0774999999,901085.025
44,2010-10-08,279524.44,0,63.03,2.841,126.2791667,7.61,2010,10,40,4,4,745782.1,1179851.68,1109216.35,657825.2674999998,851849.5733333332
43,2010-10-08,713332.54,0,72.81,2.633,203.6651786,10.21,2010,10,40,4,4,279524.44,931710.67,481523.93,603230.7349999999,871273.9616666668
42,2010-10-08,599759.45,0,77.04,2.924,126.2791667,9.003,2010,10,40,4,4,713332.54,674283.86,657108.77,584599.6324999998,807894.0908333333
41,2010-10-08,1162042.24,0,57.1,2.745,190.7763218,7.508,2010,10,40,4,4,599759.45,745782.1,1129909.44,688664.6674999999,880523.04
40,2010-10-08,972405.38,0,52.02,2.776,132.7516667,5.287,2010,10,40,4,4,1162042.24,279524.44,865709.11,861884.9024999999,798932.2508333334
39,2010-10-08,1286598.59,0,64.8,2.633,210.5144398,8.476,2010,10,40,4,4,972405.38,713332.54,905987.17,1005201.4149999999,873223.1875
38,2010-10-08,351271.36,0,71.82,3.013,126.2791667,14.313,2010,10,40,4,4,1286598.59,599759.45,1933719.21,943079.3925,817908.1658333334
37,2010-10-08,524483.65,0,66.34,2.633,210.5144398,8.476,2010,10,40,4,4,351271.36,1162042.24,690007.76,783689.7449999999,785087.1633333334
36,2010-10-08,444351.61,0,66.34,2.595,210.5144398,8.476,2010,10,40,4,4,524483.65,972405.38,677158.39,651676.3025,723795.4908333333
35,2010-10-08,874615.32,0,57.78,2.764,136.6277321,8.763,2010,10,40,4,4,444351.61,1286598.59,1453329.5,548680.4849999999,719037.5449999999
33,2010-10-08,266484.19,0,79.02,2.924,126.2791667,9.265,2010,10,40,4,4,874615.32,351271.36,1827440.43,527483.6924999999,685054.2391666666
32,2010-10-08,1085483.44,0,61.81,2.745,190.7763218,9.137,2010,10,40,4,4,266484.19,524483.65,358784.1,667733.6399999999,713362.6841666667
31,2010-10-08,1300131.68,0,65.76,2.633,211.4044906,8.163,2010,10,40,4,4,1085483.44,444351.61,1842821.02,881678.6574999999,798413.2875
30,2010-10-08,462080.47,0,65.76,2.633,211.4044906,8.163,2010,10,40,4,4,1300131.68,874615.32,283178.12,778544.9449999998,777475.6150000001
29,2010-10-08,530059.06,0,56.32,2.776,132.7516667,10.524,2010,10,40,4,4,462080.47,266484.19,448998.73,844438.6624999999,771667.2491666665
28,2010-10-08,1334571.87,0,71.82,3.013,126.2791667,14.313,2010,10,40,4,4,530059.06,1085483.44,804105.49,906710.77,786044.7183333334
27,2010-10-08,1707662.87,0,57.78,2.903,136.6277321,8.021,2010,10,40,4,4,1334571.87,1300131.68,495692.19,1008593.5674999999,847316.1758333333
26,2010-10-08,1001069.52,0,46.81,2.776,132.7516667,8.149,2010,10,40,4,4,1707662.87,462080.47,1328468.89,1143340.83,823522.0866666666
24,2010-10-08,1361944.94,0,54.82,2.903,132.7516667,8.275,2010,10,40,4,4,1001069.52,530059.06,1182490.46,1351312.2999999998,907744.8850000001
1,2010-10-08,1508239.93,0,63.93,2.633,211.7467544,7.838,2010,10,40,4,4,1361944.94,1334571.87,850936.26,1394729.315,989724.5750000001
11,2010-10-08,1293472.8,0,68.71,2.633,215.060858,7.564,2010,10,40,4,4,1508239.93,1707662.87,1765584.48,1291181.7974999999,1060484.6741666666
41,2010-10-15,1133913.33,0,49.91,2.762,190.8623087,7.508,2010,10,41,4,4,1293472.8,1001069.52,1379456.3,1324392.75,1082092.8416666666
18,2010-10-15,1029618.1,0,52.02,2.878,132.7633548,9.331,2010,10,41,4,4,1133913.33,1361944.94,1855703.66,1241311.0399999998,1145687.3341666667
17,2010-10-15,838297.32,0,47.35,2.845,126.3266774,6.885,2010,10,41,4,4,1029618.1,1508239.93,566945.95,1073825.3875,1125088.4908333335
16,2010-10-15,452169.28,0,45.0,2.762,190.8623087,6.986,2010,10,41,4,4,838297.32,1293472.8,463977.54,863499.5075,1054424.9575
15,2010-10-15,577011.26,0,49.96,2.999,132.7633548,8.067,2010,10,41,4,4,452169.28,1133913.33,829207.27,724273.9899999998,1064002.5233333334
14,2010-10-15,1932162.63,0,58.61,2.868,182.8106203,8.724,2010,10,41,4,4,577011.26,1029618.1,948977.5,949910.1224999998,1180844.4875
13,2010-10-15,1851431.06,0,54.12,2.845,126.3266774,7.795,2010,10,41,4,4,1932162.63,838297.32,1645892.97,1203193.5574999999,1223916.0866666667
12,2010-10-15,862419.84,0,75.0,2.976,126.3266774,14.313,2010,10,41,4,4,1851431.06,452169.28,591603.79,1305756.1974999998,1153479.1675
11,2010-10-15,1175003.67,0,71.46,2.72,215.1293114,7.564,2010,10,41,4,4,862419.84,577011.26,442894.2,1455254.2999999998,1167973.68
10,2010-10-15,1703850.25,0,75.48,3.08,126.3266774,9.003,2010,10,41,4,4,1175003.67,1932162.63,827738.06,1398176.2049999998,1196465.7891666666
9,2010-10-15,454769.68,0,67.36,2.72,215.3589917,6.56,2010,10,41,4,4,1703850.25,1851431.06,680579.49,1049010.8599999999,1108676.6016666666
8,2010-10-15,826546.96,0,62.59,2.72,215.1757,6.433,2010,10,41,4,4,454769.68,862419.84,1428960.72,1040042.6399999999,1069766.115
7,2010-10-15,463370.48,0,35.86,2.762,190.8623087,9.137,2010,10,41,4,4,826546.96,1175003.67,2060389.27,862134.3424999998,1013887.5441666666
6,2010-10-15,1344580.92,0,68.93,2.72,213.3337977,7.007,2010,10,41,4,4,463370.48,1703850.25,2091663.2,772317.0099999998,1040134.4458333333
5,2010-10-15,280681.2,0,68.11,2.72,212.3691867,6.768,2010,10,41,4,4,1344580.92,454769.68,1107432.71,728794.8899999998,993666.4358333334
4,2010-10-15,1867345.09,0,62.03,2.732,126.3266774,7.127,2010,10,41,4,4,280681.2,826546.96,1871924.07,988994.4224999999,1111597.7533333332
3,2010-10-15,345584.39,0,69.71,2.72,215.1293114,7.564,2010,10,41,4,4,1867345.09,463370.48,1849921.44,959547.8999999999,1092312.1808333334
2,2010-10-15,1794355.49,0,65.8,2.72,211.4713286,8.163,2010,10,41,4,4,345584.39,1344580.92,1772192.42,1071991.5425,1080828.2525000002
1,2010-10-15,1459409.1,0,67.18,2.72,211.8137436,7.838,2010,10,41,4,4,1794355.49,280681.2,505069.21,1366673.5174999998,1048159.7558333334
44,2010-10-15,268708.43,0,54.12,2.845,126.3266774,7.61,2010,10,41,4,4,1459409.1,1867345.09,870349.86,967014.3524999999,998683.805
45,2010-10-15,715263.3,0,58.61,2.868,182.8106203,8.724,2010,10,41,4,4,268708.43,345584.39,480239.88,1059434.0799999998,960372.1074999999
20,2010-10-15,1950676.39,0,59.17,2.868,205.0137637,7.484,2010,10,41,4,4,715263.3,1794355.49,1360317.9,1098514.305,980940.9525
19,2010-10-15,1369317.63,0,51.32,2.999,132.7633548,8.067,2010,10,41,4,4,1950676.39,1459409.1,290494.85,1075991.4374999998,1057153.2816666667
22,2010-10-15,954401.46,0,55.23,2.878,136.6401935,8.572,2010,10,41,4,4,1369317.63,268708.43,1951494.85,1247414.6949999998,1067807.8233333332
40,2010-10-15,917883.17,0,44.56,2.878,132.7633548,5.287,2010,10,41,4,4,954401.46,715263.3,395107.35,1298069.6624999999,1105683.8808333334
39,2010-10-15,1238742.0,0,69.96,2.72,210.5805944,8.476,2010,10,41,4,4,917883.17,1950676.39,1015051.62,1120086.065,1096863.9708333334
38,2010-10-15,337743.26,0,75.0,2.976,126.3266774,14.313,2010,10,41,4,4,1238742.0,1369317.63,918335.68,862192.4724999999,1101619.1424999998
37,2010-10-15,498925.86,0,71.57,2.72,210.5805944,8.476,2010,10,41,4,4,337743.26,954401.46,1179851.68,748323.5725,987584.2066666667
36,2010-10-15,453308.15,0,71.57,2.705,210.5805944,8.476,2010,10,41,4,4,498925.86,917883.17,931710.67,632179.8174999999,996561.1866666665
35,2010-10-15,798376.99,0,58.38,2.868,136.6401935,8.763,2010,10,41,4,4,453308.15,1238742.0,674283.86,522088.5649999999,913562.9783333334
34,2010-10-15,888703.62,0,59.57,2.732,126.3266774,10.21,2010,10,41,4,4,798376.99,337743.26,745782.1,659828.6549999999,866004.1883333334
33,2010-10-15,251732.92,0,80.49,3.08,126.3266774,9.265,2010,10,41,4,4,888703.62,498925.86,279524.44,598030.4199999999,864589.5625
21,2010-10-15,693412.05,0,68.61,2.72,211.4713286,8.163,2010,10,41,4,4,251732.92,453308.15,713332.54,658056.3949999999,862768.625
32,2010-10-15,1096692.88,0,52.96,2.762,190.8623087,9.137,2010,10,41,4,4,693412.05,798376.99,599759.45,732635.3674999999,791603.3325
31,2010-10-15,1265852.43,0,68.61,2.72,211.4713286,8.163,2010,10,41,4,4,1096692.88,888703.62,1162042.24,826922.5699999998,782981.2325
30,2010-10-15,453943.89,0,68.61,2.72,211.4713286,8.163,2010,10,41,4,4,1265852.43,251732.92,972405.38,877475.3124999999,741276.4349999999
29,2010-10-15,483011.69,0,55.23,2.878,132.7633548,10.524,2010,10,41,4,4,453943.89,693412.05,1286598.59,824875.2224999998,705037.145
28,2010-10-15,1158062.99,0,75.0,2.976,126.3266774,14.313,2010,10,41,4,4,483011.69,1096692.88,351271.36,840217.75,698313.8941666667
27,2010-10-15,1728388.2,0,58.38,2.999,136.6401935,8.021,2010,10,41,4,4,1158062.99,1265852.43,524483.65,955851.6924999999,814200.9725
26,2010-10-15,937956.89,0,39.93,2.878,132.7633548,8.149,2010,10,41,4,4,1728388.2,453943.89,444351.61,1076854.9425,850786.8916666667
25,2010-10-15,616094.72,0,54.09,2.868,205.0137637,7.484,2010,10,41,4,4,937956.89,483011.69,874615.32,1110125.7,864352.4391666666
24,2010-10-15,1300806.74,0,52.83,2.999,132.7633548,8.275,2010,10,41,4,4,616094.72,1158062.99,266484.19,1145811.6374999997,906221.585
23,2010-10-15,1119809.71,0,45.55,2.878,132.7633548,5.287,2010,10,41,4,4,1300806.74,1728388.2,1085483.44,993667.0149999999,925480.4258333333
42,2010-10-15,559285.35,0,75.48,3.08,126.3266774,9.003,2010,10,41,4,4,1119809.71,937956.89,1300131.68,898999.1299999999,951109.795
43,2010-10-15,699852.68,0,68.78,2.72,203.7299032,10.21,2010,10,41,4,4,559285.35,616094.72,462080.47,919938.6199999999,951646.5141666667
2,2010-10-22,1737947.64,0,68.5,2.725,211.5187208,8.163,2010,10,42,4,4,699852.68,1300806.74,530059.06,1029223.8449999999,1005084.4108333333
1,2010-10-22,1345454.0,0,69.86,2.725,211.8612937,7.838,2010,10,42,4,4,1737947.64,1119809.71,1334571.87,1085634.9175,1011717.875
13,2010-10-22,1796949.59,0,56.89,2.849,126.3815484,7.795,2010,10,42,4,4,1345454.0,559285.35,1707662.87,1395050.9774999998,1123635.0166666668
3,2010-10-22,348895.98,0,71.64,2.725,215.17839,7.564,2010,10,42,4,4,1796949.59,699852.68,1001069.52,1307311.8025,1112458.7074999998
27,2010-10-22,1693935.29,0,52.82,3.049,136.688871,8.021,2010,10,42,4,4,348895.98,1737947.64,1361944.94,1296308.7149999999,1157114.7325000002
28,2010-10-22,1120619.32,0,68.85,3.014,126.3815484,14.313,2010,10,42,4,4,1693935.29,1345454.0,1508239.93,1240100.045,1106467.3258333334
29,2010-10-22,505221.17,0,50.24,2.919,132.8170968,10.524,2010,10,42,4,4,1120619.32,1796949.59,1293472.8,917167.94,1070406.0158333334
30,2010-10-22,459631.74,0,70.72,2.725,211.5187208,8.163,2010,10,42,4,4,505221.17,348895.98,1133913.33,944851.8799999999,1057367.4341666668
31,2010-10-22,1262289.29,0,70.72,2.725,211.5187208,8.163,2010,10,42,4,4,459631.74,1693935.29,1029618.1,836940.3799999999,1054157.6466666667
32,2010-10-22,1102185.0,0,52.3,2.762,190.9070184,9.137,2010,10,42,4,4,1262289.29,1120619.32,838297.32,832331.7999999998,1052688.9208333334
33,2010-10-22,234175.92,0,74.2,3.014,126.3815484,9.265,2010,10,42,4,4,1102185.0,505221.17,452169.28,764570.4874999998,1025596.4683333333
35,2010-10-22,827705.82,0,52.82,2.917,136.688871,8.763,2010,10,42,4,4,234175.92,459631.74,577011.26,856589.0074999998,1036250.8966666666
26,2010-10-22,916522.66,0,36.13,2.919,132.8170968,8.149,2010,10,42,4,4,827705.82,1262289.29,1932162.63,770147.3499999999,967798.8150000001
36,2010-10-22,424956.3,0,72.24,2.698,210.6271444,8.476,2010,10,42,4,4,916522.66,1102185.0,1851431.06,600840.1749999999,891090.6733333335
38,2010-10-22,339042.18,0,68.85,3.014,126.3815484,14.313,2010,10,42,4,4,424956.3,234175.92,862419.84,627056.7399999999,769598.3891666667
39,2010-10-22,1261109.01,0,71.73,2.725,210.6271444,8.476,2010,10,42,4,4,339042.18,827705.82,1175003.67,735407.5374999999,845616.1416666667
40,2010-10-22,882180.91,0,41.25,2.919,132.8170968,5.287,2010,10,42,4,4,1261109.01,916522.66,1703850.25,726822.0999999999,777969.9433333334
41,2010-10-22,1156003.7,0,48.09,2.762,190.9070184,7.508,2010,10,42,4,4,882180.91,424956.3,454769.68,909583.95,780918.6416666666
42,2010-10-22,522467.51,0,68.12,3.014,126.3815484,9.003,2010,10,42,4,4,1156003.7,339042.18,826546.96,955440.2825,782355.8366666666
43,2010-10-22,680943.03,0,69.46,2.725,203.7770645,10.21,2010,10,42,4,4,522467.51,1261109.01,463370.48,810398.7875,800798.4441666665
44,2010-10-22,270110.3,0,56.89,2.849,126.3815484,7.61,2010,10,42,4,4,680943.03,882180.91,1344580.92,657381.1349999999,718116.8616666667
45,2010-10-22,730899.37,0,53.15,2.917,182.8558685,8.724,2010,10,42,4,4,270110.3,1156003.7,280681.2,551105.0525,687176.3925
37,2010-10-22,510425.4,0,72.24,2.725,210.6271444,8.476,2010,10,42,4,4,730899.37,522467.51,1867345.09,548094.525,710197.1825
25,2010-10-22,661644.19,0,46.73,2.917,205.0627881,7.484,2010,10,42,4,4,510425.4,680943.03,345584.39,543269.815,696358.7133333333
34,2010-10-22,936293.6,0,58.11,2.736,126.3815484,10.21,2010,10,42,4,4,661644.19,270110.3,1794355.49,709815.6399999999,698006.2916666666
23,2010-10-22,1147503.92,0,43.19,2.919,132.8170968,5.287,2010,10,42,4,4,936293.6,730899.37,1459409.1,813966.7774999999,758218.5933333333
24,2010-10-22,1234875.33,0,48.69,3.049,132.8170968,8.275,2010,10,42,4,4,1147503.92,510425.4,268708.43,995079.26,832871.3558333333
5,2010-10-22,284988.27,0,70.96,2.725,212.4169928,6.768,2010,10,42,4,4,1234875.33,661644.19,715263.3,900915.28,751527.9608333334
6,2010-10-22,1332716.53,0,70.97,2.725,213.3820486,7.007,2010,10,42,4,4,284988.27,936293.6,1950676.39,1000021.0125000001,789072.5958333333
7,2010-10-22,472450.81,0,36.84,2.762,190.9070184,9.137,2010,10,42,4,4,1332716.53,1147503.92,1369317.63,831257.735,732109.855
8,2010-10-22,836419.14,0,62.86,2.725,215.2248,6.433,2010,10,42,4,4,472450.81,1234875.33,954401.46,731643.6875,758272.4908333333
9,2010-10-22,466322.76,0,69.99,2.725,215.4081762,6.56,2010,10,42,4,4,836419.14,284988.27,917883.17,776977.31,740387.4683333333
10,2010-10-22,1740234.06,0,68.12,3.014,126.3815484,9.003,2010,10,42,4,4,466322.76,1332716.53,1238742.0,878856.6925,862897.7816666667
11,2010-10-22,1169831.38,0,72.6,2.725,215.17839,7.564,2010,10,42,4,4,1740234.06,472450.81,337743.26,1053201.835,899475.4491666667
12,2010-10-22,857883.46,0,68.85,3.014,126.3815484,14.313,2010,10,42,4,4,1169831.38,836419.14,498925.86,1058567.915,928430.2875000001
4,2010-10-22,1927610.06,0,64.17,2.736,126.3815484,7.127,2010,10,42,4,4,857883.46,466322.76,453308.15,1423889.74,1033927.4433333332
22,2010-10-22,960998.52,0,50.24,2.919,136.688871,8.572,2010,10,42,4,4,1927610.06,1740234.06,798376.99,1229080.855,1035986.1866666666
15,2010-10-22,600395.73,0,47.1,3.049,132.8170968,8.067,2010,10,42,4,4,960998.52,1169831.38,888703.62,1086721.9425,990393.8374999999
16,2010-10-22,541216.92,0,45.85,2.762,190.9070184,6.986,2010,10,42,4,4,600395.73,857883.46,251732.92,1007555.3075,932588.9699999999
17,2010-10-22,815093.76,0,47.95,2.849,126.3815484,6.885,2010,10,42,4,4,541216.92,1927610.06,693412.05,729426.2325,976764.4275000001
18,2010-10-22,1052120.43,0,47.12,2.919,132.8170968,9.331,2010,10,42,4,4,815093.76,960998.52,1096692.88,752206.71,953381.4191666668
19,2010-10-22,1357154.71,0,48.45,3.049,132.8170968,8.067,2010,10,42,4,4,1052120.43,600395.73,1265852.43,941396.455,1027106.7441666666
20,2010-10-22,1893955.27,0,50.52,2.917,205.0627881,7.484,2010,10,42,4,4,1357154.71,541216.92,453943.89,1279581.0425,1115234.755
21,2010-10-22,710668.45,0,70.72,2.725,211.5187208,8.163,2010,10,42,4,4,1893955.27,815093.76,483011.69,1253474.715,1135596.8958333333
14,2010-10-22,1936621.09,0,53.15,2.917,182.8558685,8.724,2010,10,42,4,4,710668.45,1052120.43,1158062.99,1474599.88,1151962.4816666667
14,2010-10-29,1984768.34,0,61.3,2.921,182.9011166,8.724,2010,10,43,4,4,1936621.09,1357154.71,1728388.2,1631503.2875,1219873.895
15,2010-10-29,598301.5,0,55.09,3.055,132.8708387,8.067,2010,10,43,4,4,1984768.34,1893955.27,937956.89,1307589.8450000002,1198242.065
16,2010-10-29,495022.51,0,35.76,2.748,190.951728,6.986,2010,10,43,4,4,598301.5,710668.45,616094.72,1253678.36,1078859.7691666668
21,2010-10-29,731756.65,0,67.51,2.716,211.5661131,8.163,2010,10,43,4,4,495022.51,1936621.09,1300806.74,952462.25,1059756.28
18,2010-10-29,1038576.54,0,55.85,2.938,132.8708387,9.331,2010,10,43,4,4,731756.65,1984768.34,1119809.71,715914.3,1096271.3475000001
19,2010-10-29,1404576.48,0,56.11,3.055,132.8708387,8.067,2010,10,43,4,4,1038576.54,598301.5,559285.35,917483.045,1168217.9775
13,2010-10-29,1887895.07,0,45.12,2.841,126.4364194,7.795,2010,10,43,4,4,1404576.48,495022.51,699852.68,1265701.185,1257618.0866666667
20,2010-10-29,1891816.0,0,57.56,2.921,205.1118126,7.484,2010,10,43,4,4,1887895.07,731756.65,1737947.64,1555716.0225000002,1327592.7175
17,2010-10-29,861941.25,0,39.87,2.841,126.4364194,6.885,2010,10,43,4,4,1891816.0,1038576.54,1345454.0,1511557.2000000002,1286324.9291666667
12,2010-10-29,955294.7,0,61.09,3.016,126.4364194,14.313,2010,10,43,4,4,861941.25,1404576.48,1796949.59,1399236.755,1208103.2149999999
7,2010-10-29,465493.15,0,34.78,2.748,190.951728,9.137,2010,10,43,4,4,955294.7,1887895.07,348895.98,1043636.2749999999,1187671.94
10,2010-10-29,1741308.56,0,68.76,3.13,126.4364194,9.003,2010,10,43,4,4,465493.15,1891816.0,1693935.29,1006009.4149999999,1171395.8958333333
9,2010-10-29,508801.61,0,64.43,2.716,215.4573607,6.56,2010,10,43,4,4,1741308.56,861941.25,1120619.32,917724.505,1048398.6683333333
8,2010-10-29,830756.76,0,57.93,2.716,215.2739,6.433,2010,10,43,4,4,508801.61,955294.7,505221.17,886590.02,1067769.94
6,2010-10-29,1385323.7,0,70.39,2.716,213.4302994,7.007,2010,10,43,4,4,830756.76,465493.15,459631.74,1116547.6575,1141961.7058333333
5,2010-10-29,278031.81,0,70.58,2.716,212.464799,6.768,2010,10,43,4,4,1385323.7,1741308.56,1262289.29,750728.47,1104151.3025
4,2010-10-29,1933333.0,0,56.94,2.718,126.4364194,7.127,2010,10,43,4,4,278031.81,508801.61,1102185.0,1106861.3175,1178714.3408333333
3,2010-10-29,348591.74,0,72.04,2.716,215.2274686,7.564,2010,10,43,4,4,1933333.0,830756.76,234175.92,986320.0625,1090715.6125
1,2010-10-29,1384209.22,0,69.64,2.716,211.9088438,7.838,2010,10,43,4,4,348591.74,1385323.7,827705.82,986041.4425,1048741.7916666667
2,2010-10-29,1802755.11,0,66.24,2.716,211.5661131,8.163,2010,10,43,4,4,1384209.22,278031.81,916522.66,1367222.2675,1041320.0508333333
11,2010-10-29,1195036.0,0,74.21,2.716,215.2274686,7.564,2010,10,43,4,4,1802755.11,1933333.0,424956.3,1182648.0175,1069077.9466666665
22,2010-10-29,1025766.27,0,57.73,2.938,136.7375484,8.572,2010,10,43,4,4,1195036.0,348591.74,339042.18,1351941.65,1074950.5775000001
23,2010-10-29,1112871.23,0,48.68,2.938,132.8708387,5.287,2010,10,43,4,4,1025766.27,1384209.22,1261109.01,1284107.1525,1128898.7508333332
25,2010-10-29,674458.03,0,55.72,2.921,205.1118126,7.484,2010,10,43,4,4,1112871.23,1802755.11,882180.91,1002032.8825,1039994.54
24,2010-10-29,1244925.94,0,57.29,3.055,132.8708387,8.275,2010,10,43,4,4,674458.03,1195036.0,1156003.7,1014505.3675,1101338.2341666666
44,2010-10-29,286497.49,0,45.12,2.841,126.4364194,7.61,2010,10,43,4,4,1244925.94,1025766.27,522467.51,829688.1725000001,1055983.2950000002
43,2010-10-29,610076.32,0,65.88,2.716,203.8242258,10.21,2010,10,43,4,4,286497.49,1112871.23,680943.03,703989.445,991379.3466666667
42,2010-10-29,476967.65,0,68.76,3.13,126.4364194,9.003,2010,10,43,4,4,610076.32,674458.03,270110.3,654616.85,1007957.3333333334
41,2010-10-29,1144854.56,0,42.16,2.748,190.951728,7.508,2010,10,43,4,4,476967.65,1244925.94,730899.37,629599.005,942250.7966666667
40,2010-10-29,875038.84,0,47.1,2.938,132.8708387,5.287,2010,10,43,4,4,1144854.56,286497.49,510425.4,776734.3425,986121.3883333333
39,2010-10-29,1294769.08,0,75.14,2.716,210.6736944,8.476,2010,10,43,4,4,875038.84,610076.32,661644.19,947907.5325,978668.0433333333
38,2010-10-29,341219.63,0,61.09,3.016,126.4364194,14.313,2010,10,43,4,4,1294769.08,476967.65,936293.6,913970.5275,856873.42
37,2010-10-29,514485.9,0,76.22,2.716,210.6736944,8.476,2010,10,43,4,4,341219.63,1144854.56,1147503.92,756378.3625,800160.9116666667
36,2010-10-29,392654.26,0,76.22,2.68,210.6736944,8.476,2010,10,43,4,4,514485.9,875038.84,1234875.33,635782.2175,747401.5775
45,2010-10-29,732859.76,0,61.3,2.921,182.9011166,8.724,2010,10,43,4,4,392654.26,1294769.08,284988.27,495304.8875,715733.955
34,2010-10-29,926294.02,0,50.78,2.718,126.4364194,10.21,2010,10,43,4,4,732859.76,341219.63,1332716.53,641573.485,736720.2875000001
35,2010-10-29,857797.33,0,61.02,2.921,136.7375484,8.763,2010,10,43,4,4,926294.02,514485.9,472450.81,727401.3425,704459.57
27,2010-10-29,1688955.49,0,61.02,3.055,136.7375484,8.021,2010,10,43,4,4,857797.33,392654.26,836419.14,1051476.65,821331.07
28,2010-10-29,1231688.48,0,61.09,3.016,126.4364194,14.313,2010,10,43,4,4,1688955.49,732859.76,466322.76,1176183.83,873132.0833333334
29,2010-10-29,527058.59,0,57.73,2.938,132.8708387,10.524,2010,10,43,4,4,1231688.48,926294.02,1740234.06,1076374.9725,877306.3283333335
26,2010-10-29,895069.88,0,40.3,2.938,132.8708387,8.149,2010,10,43,4,4,527058.59,857797.33,1169831.38,1085693.1099999999,856490.9383333334
31,2010-10-29,1257921.28,0,67.51,2.716,211.5661131,8.163,2010,10,43,4,4,895069.88,1688955.49,857883.46,977934.5575,888397.8083333335
32,2010-10-29,1115138.51,0,45.45,2.748,190.951728,9.137,2010,10,43,4,4,1257921.28,1231688.48,1927610.06,948797.065,873428.5941666667
33,2010-10-29,213538.32,0,71.34,3.13,126.4364194,9.265,2010,10,43,4,4,1115138.51,527058.59,960998.52,870416.9975,862788.485
30,2010-10-29,438334.39,0,67.51,2.716,211.5661131,8.163,2010,10,43,4,4,213538.32,895069.88,600395.73,756233.1250000001,856442.5258333333
20,2010-11-05,2184316.64,0,42.78,2.917,205.160837,7.484,2010,11,44,4,4,438334.39,1257921.28,541216.92,987831.9650000001,1005747.7241666666
12,2010-11-05,929690.71,0,65.49,3.129,126.4912903,14.313,2010,11,44,4,4,2184316.64,1115138.51,815093.76,941470.0150000001,1022150.3033333333
19,2010-11-05,1435379.25,0,41.78,3.049,132.9245806,8.067,2010,11,44,4,4,929690.71,213538.32,1052120.43,1246930.2475,1064574.0725
18,2010-11-05,1089530.94,0,42.05,2.938,132.9245806,9.331,2010,11,44,4,4,1435379.25,438334.39,1357154.71,1409729.3850000002,1083885.2066666668
17,2010-11-05,818434.49,0,42.54,2.831,126.4912903,6.885,2010,11,44,4,4,1089530.94,2184316.64,1893955.27,1068258.8475,1011341.79
16,2010-11-05,446905.02,0,39.94,2.729,190.9964377,6.986,2010,11,44,4,4,818434.49,929690.71,710668.45,947562.425,945943.1683333333
15,2010-11-05,612987.64,0,40.29,3.049,132.9245806,8.067,2010,11,44,4,4,446905.02,1435379.25,1936621.09,741964.5225,953103.9225
14,2010-11-05,2078417.47,0,45.65,2.917,182.9463648,8.724,2010,11,44,4,4,612987.64,1089530.94,1984768.34,989186.155,1051716.2216666667
13,2010-11-05,1854967.66,0,49.96,2.831,126.4912903,7.795,2010,11,44,4,4,2078417.47,818434.49,598301.5,1248319.4475,1101470.0866666667
11,2010-11-05,1332759.13,0,64.41,2.689,215.2765472,7.564,2010,11,44,4,4,1854967.66,446905.02,495022.51,1469782.975,1119605.1383333334
6,2010-11-05,1505442.15,0,59.9,2.689,213.4785503,7.007,2010,11,44,4,4,1332759.13,612987.64,731756.65,1692896.6024999998,1227263.7908333333
9,2010-11-05,517869.97,0,58.69,2.689,215.5065452,6.56,2010,11,44,4,4,1505442.15,2078417.47,1038576.54,1302759.7275,1233891.7558333334
8,2010-11-05,927266.34,0,55.76,2.689,215.323,6.433,2010,11,44,4,4,517869.97,1854967.66,1404576.48,1070834.3975,1129137.5641666667
7,2010-11-05,480512.44,0,49.44,2.729,190.9964377,9.137,2010,11,44,4,4,927266.34,1332759.13,1887895.07,857772.7249999999,1091706.0416666667
5,2010-11-05,325310.3,0,58.88,2.689,212.5126051,6.768,2010,11,44,4,4,480512.44,1505442.15,1891816.0,562739.7625,999200.2958333333
4,2010-11-05,2013115.79,0,51.6,2.699,126.4912903,7.127,2010,11,44,4,4,325310.3,517869.97,861941.25,936551.2175,1076165.7
3,2010-11-05,423175.56,0,62.94,2.689,215.2765472,7.564,2010,11,44,4,4,2013115.79,927266.34,955294.7,810528.5225,1043227.4558333332
2,2010-11-05,1939061.41,0,57.85,2.689,211.6135053,8.163,2010,11,44,4,4,423175.56,480512.44,465493.15,1175165.7650000001,1167573.8216666665
1,2010-11-05,1551659.28,0,58.74,2.689,211.9563939,7.838,2010,11,44,4,4,1939061.41,325310.3,1741308.56,1481753.01,1245796.4583333333
21,2010-11-05,719888.76,0,58.71,2.689,211.6135053,8.163,2010,11,44,4,4,1551659.28,2013115.79,508801.61,1158446.2525,1132585.7325000002
10,2010-11-05,1832211.96,0,71.04,3.009,126.4912903,9.003,2010,11,44,4,4,719888.76,423175.56,830756.76,1510705.3525,1130689.4241666666
22,2010-11-05,1006888.16,0,44.34,2.938,136.7862258,8.572,2010,11,44,4,4,1832211.96,1939061.41,1385323.7,1277662.04,1103533.51
45,2010-11-05,764014.06,0,45.65,2.917,182.9463648,8.724,2010,11,44,4,4,1006888.16,1551659.28,278031.81,1080750.7349999999,1041747.8358333333
24,2010-11-05,1285358.01,0,42.2,3.049,132.9245806,8.275,2010,11,44,4,4,764014.06,719888.76,1933333.0,1222118.0474999999,1105705.1725
44,2010-11-05,270516.84,0,49.96,2.831,126.4912903,7.61,2010,11,44,4,4,1285358.01,1832211.96,348591.74,831694.2675,1050976.0475
43,2010-11-05,605960.2,0,62.52,2.689,203.8713871,10.21,2010,11,44,4,4,270516.84,1006888.16,1384209.22,731462.2775,1061430.0275
42,2010-11-05,565390.4,0,71.04,3.009,126.4912903,9.003,2010,11,44,4,4,605960.2,764014.06,1802755.11,681806.3624999999,1081436.7025000001
41,2010-11-05,1163878.49,0,46.74,2.729,190.9964377,7.508,2010,11,44,4,4,565390.4,1285358.01,1195036.0,651436.4824999999,1010666.9274999999
40,2010-11-05,968270.66,0,36.45,2.938,132.9245806,5.287,2010,11,44,4,4,1163878.49,270516.84,1025766.27,825874.9375,1056091.5191666668
23,2010-11-05,1203119.96,0,36.6,2.938,132.9245806,5.287,2010,11,44,4,4,968270.66,605960.2,1112871.23,975164.8775,994763.0650000001
38,2010-11-05,380870.09,0,65.49,3.129,126.4912903,14.313,2010,11,44,4,4,1203119.96,565390.4,674458.03,929034.7999999999,897197.2991666667
37,2010-11-05,539683.42,0,62.72,2.689,210.7202444,8.476,2010,11,44,4,4,380870.09,1163878.49,1244925.94,772986.0325,882180.1875
36,2010-11-05,405860.37,0,62.72,2.655,210.7202444,8.476,2010,11,44,4,4,539683.42,968270.66,286497.49,632383.4599999998,763317.5550000002
35,2010-11-05,843755.12,0,45.91,2.917,136.7862258,8.763,2010,11,44,4,4,405860.37,1203119.96,610076.32,542542.2499999999,749723.1350000001
39,2010-11-05,1293707.19,0,61.62,2.689,210.7202444,8.476,2010,11,44,4,4,843755.12,380870.09,476967.65,770751.5249999999,793864.2291666666
33,2010-11-05,246124.61,0,74.23,3.009,126.4912903,9.265,2010,11,44,4,4,1293707.19,539683.42,1144854.56,697361.8224999999,707261.4458333334
32,2010-11-05,1063056.21,0,49.2,2.729,190.9964377,9.137,2010,11,44,4,4,246124.61,405860.37,875038.84,861660.7824999999,773306.3933333332
31,2010-11-05,1324455.72,0,58.71,2.689,211.6135053,8.163,2010,11,44,4,4,1063056.21,843755.12,1294769.08,981835.9324999999,833181.02
30,2010-11-05,484661.87,0,58.71,2.689,211.6135053,8.163,2010,11,44,4,4,1324455.72,1293707.19,341219.63,779574.6024999998,826453.6425000001
29,2010-11-05,521002.97,0,44.34,2.938,132.9245806,10.524,2010,11,44,4,4,484661.87,246124.61,514485.9,848294.1924999999,772880.6825
28,2010-11-05,1501663.26,0,65.49,3.129,126.4912903,14.313,2010,11,44,4,4,521002.97,1063056.21,392654.26,957945.9549999998,817330.0658333333
27,2010-11-05,1686010.02,0,45.91,3.049,136.7862258,8.021,2010,11,44,4,4,1501663.26,1324455.72,732859.76,1048334.5299999999,857570.9041666664
26,2010-11-05,970224.51,0,30.51,2.938,132.9245806,8.149,2010,11,44,4,4,1686010.02,484661.87,926294.02,1169725.19,906683.7725
25,2010-11-05,696314.53,0,38.8,2.917,205.160837,7.484,2010,11,44,4,4,970224.51,521002.97,857797.33,1213553.0799999998,919736.3649999999
34,2010-11-05,972292.31,0,52.43,2.699,126.4912903,10.21,2010,11,44,4,4,696314.53,1501663.26,1688955.49,1081210.3424999998,966939.0266666667
34,2010-11-12,979730.78,0,47.2,2.741,126.5461613,10.21,2010,11,45,4,4,972292.31,1686010.02,1231688.48,904640.5325,978270.3316666665
33,2010-11-12,272803.94,0,65.21,3.13,126.5461613,9.265,2010,11,45,4,4,979730.78,970224.51,527058.59,730285.39,893195.0608333332
32,2010-11-12,1141019.11,0,42.3,2.737,191.0411474,9.137,2010,11,45,4,4,272803.94,696314.53,895069.88,841461.5349999999,967769.6025
27,2010-11-12,1828010.25,0,45.9,3.065,136.8349032,8.021,2010,11,45,4,4,1141019.11,972292.31,1257921.28,1055391.02,1031515.7725
30,2010-11-12,431266.64,0,60.95,2.728,211.6608975,8.163,2010,11,45,4,4,1828010.25,979730.78,1115138.51,918274.9849999999,957083.3491666666
29,2010-11-12,524450.7,0,44.42,2.961,132.9783226,10.524,2010,11,45,4,4,431266.64,272803.94,213538.32,981186.6749999998,960399.085
28,2010-11-12,1266460.45,0,57.79,3.13,126.5461613,14.313,2010,11,45,4,4,524450.7,1141019.11,438334.39,1012547.0099999999,1022520.5416666666
31,2010-11-12,1352780.76,0,60.95,2.728,211.6608975,8.163,2010,11,45,4,4,1266460.45,1828010.25,2184316.64,893739.6375,1010113.6666666666
35,2010-11-12,870914.69,0,45.9,2.931,136.8349032,8.763,2010,11,45,4,4,1352780.76,431266.64,929690.71,1003651.6499999999,942189.0558333335
45,2010-11-12,765648.93,0,46.14,2.931,182.9916129,8.724,2010,11,45,4,4,870914.69,524450.7,1435379.25,1063951.2075,925141.0908333333
37,2010-11-12,517546.69,0,61.97,2.728,210.7667944,8.476,2010,11,45,4,4,765648.93,1266460.45,1089530.94,876722.7674999998,910243.7708333334
38,2010-11-12,340147.2,0,57.79,3.13,126.5461613,14.313,2010,11,45,4,4,517546.69,1352780.76,818434.49,623564.3775,857565.0116666667
39,2010-11-12,1291398.71,0,62.21,2.728,210.7667944,8.476,2010,11,45,4,4,340147.2,870914.69,446905.02,728685.3824999998,883537.3391666667
40,2010-11-12,935481.32,0,38.5,2.961,132.9783226,5.287,2010,11,45,4,4,1291398.71,765648.93,612987.64,771143.4799999999,938760.4541666667
41,2010-11-12,1175326.23,0,38.99,2.737,191.0411474,7.508,2010,11,45,4,4,935481.32,517546.69,2078417.47,935588.3649999999,941619.3808333334
42,2010-11-12,588592.61,0,61.24,3.13,126.5461613,9.003,2010,11,45,4,4,1175326.23,340147.2,1854967.66,997699.7174999999,838334.5775
43,2010-11-12,595421.23,0,59.98,2.728,203.9185484,10.21,2010,11,45,4,4,588592.61,1291398.71,1332759.13,823705.3474999998,852014.1266666668
44,2010-11-12,281909.79,0,42.55,2.831,126.5461613,7.61,2010,11,45,4,4,595421.23,935481.32,1505442.15,660312.4649999999,831802.3841666667
26,2010-11-12,971193.01,0,37.51,2.961,132.9783226,8.149,2010,11,45,4,4,281909.79,1175326.23,517869.97,609279.1599999999,807196.7641666667
36,2010-11-12,425804.8,0,61.97,2.705,210.7667944,8.476,2010,11,45,4,4,971193.01,588592.61,927266.34,568582.2074999999,729948.7675
25,2010-11-12,713250.08,0,40.68,2.931,205.2098614,7.484,2010,11,45,4,4,425804.8,595421.23,480512.44,598039.4199999999,716810.0499999999
14,2010-11-12,2092189.06,0,46.14,2.931,182.9916129,8.724,2010,11,45,4,4,713250.08,281909.79,325310.3,1050609.2374999998,827355.0608333332
23,2010-11-12,1387953.75,0,35.59,2.961,132.9783226,5.287,2010,11,45,4,4,2092189.06,971193.01,2013115.79,1154799.4224999999,899888.9824999999
3,2010-11-12,386635.03,0,62.79,2.728,215.3256258,7.564,2010,11,45,4,4,1387953.75,425804.8,423175.56,1145006.98,903762.9683333334
4,2010-11-12,1999794.26,0,52.65,2.741,126.5461613,7.127,2010,11,45,4,4,386635.03,713250.08,1939061.41,1466643.025,962795.9308333333
5,2010-11-12,301827.36,0,62.37,2.728,212.5604113,6.768,2010,11,45,4,4,1999794.26,2092189.06,1551659.28,1019052.6,909991.4341666666
6,2010-11-12,1495536.46,0,62.11,2.728,213.5268011,7.007,2010,11,45,4,4,301827.36,1387953.75,719888.76,1045948.2774999999,936675.6200000001
7,2010-11-12,507584.29,0,22.12,2.737,191.0411474,9.137,2010,11,45,4,4,1495536.46,386635.03,1832211.96,1076185.5924999998,929924.9266666666
8,2010-11-12,911538.98,0,54.89,2.728,215.3721,6.433,2010,11,45,4,4,507584.29,1999794.26,1006888.16,804121.7725,956268.0724999999
9,2010-11-12,520846.68,0,61.59,2.728,215.5557297,6.56,2010,11,45,4,4,911538.98,301827.36,764014.06,858876.6024999999,976179.48
10,2010-11-12,1895901.59,0,61.24,3.13,126.5461613,9.003,2010,11,45,4,4,520846.68,1495536.46,1285358.01,958967.8849999999,1053238.5283333333
11,2010-11-12,1281675.6,0,63.74,2.728,215.3256258,7.564,2010,11,45,4,4,1895901.59,507584.29,270516.84,1152490.7125,1124561.095
12,2010-11-12,942475.24,0,57.79,3.13,126.5461613,14.313,2010,11,45,4,4,1281675.6,911538.98,605960.2,1160224.7774999999,1143663.1916666667
13,2010-11-12,1939964.63,0,42.55,2.831,126.5461613,7.795,2010,11,45,4,4,942475.24,520846.68,565390.4,1515004.265,1130977.8225
15,2010-11-12,619639.74,0,39.63,3.065,132.9783226,8.067,2010,11,45,4,4,1939964.63,1895901.59,1163878.49,1195938.8024999998,1066951.655
16,2010-11-12,453632.76,0,34.04,2.737,191.0411474,6.986,2010,11,45,4,4,619639.74,1281675.6,968270.66,988928.0924999998,1072534.7991666666
17,2010-11-12,855459.96,0,36.32,2.831,126.5461613,6.885,2010,11,45,4,4,453632.76,942475.24,1203119.96,967174.2724999997,977173.6074999999
18,2010-11-12,1081322.12,0,43.17,2.961,132.9783226,9.331,2010,11,45,4,4,855459.96,1939964.63,380870.09,752513.6449999999,1042131.5041666668
19,2010-11-12,1490235.86,0,40.3,3.065,132.9783226,8.067,2010,11,45,4,4,1081322.12,619639.74,539683.42,970162.675,1041689.7875
20,2010-11-12,2187765.28,0,42.38,2.931,205.2098614,7.484,2010,11,45,4,4,1490235.86,453632.76,405860.37,1403695.8049999997,1181704.87
21,2010-11-12,735796.38,0,60.95,2.728,211.6608975,8.163,2010,11,45,4,4,2187765.28,855459.96,843755.12,1373779.91,1167059.6533333333
22,2010-11-12,1043698.64,0,44.42,2.961,136.8349032,8.572,2010,11,45,4,4,735796.38,1081322.12,1293707.19,1364374.0399999998,1210630.6500000001
24,2010-11-12,1312877.01,0,41.76,3.065,132.9783226,8.275,2010,11,45,4,4,1043698.64,1490235.86,246124.61,1320034.3274999997,1162045.2683333333
2,2010-11-12,1916812.74,0,59.69,2.728,211.6608975,8.163,2010,11,45,4,4,1312877.01,2187765.28,1063056.21,1252296.1925,1214973.3633333335
1,2010-11-12,1494479.49,0,59.61,2.728,212.003944,7.838,2010,11,45,4,4,1916812.74,735796.38,1324455.72,1441966.97,1260973.7175
2,2010-11-19,1956739.17,0,50.81,2.771,211.5470304,8.163,2010,11,46,4,4,1494479.49,1043698.64,484661.87,1670227.1025,1262371.5958333334
24,2010-11-19,1277150.6,0,45.63,3.138,132.9172,8.275,2010,11,46,4,4,1956739.17,1312877.01,521002.97,1661295.4999999998,1317164.1675
23,2010-11-19,1314994.32,0,41.66,3.03,132.9172,5.287,2010,11,46,4,4,1277150.6,1916812.74,1501663.26,1510840.895,1388944.2975
22,2010-11-19,985896.44,0,48.62,3.03,136.7715714,8.572,2010,11,46,4,4,1314994.32,1494479.49,1686010.02,1383695.1324999998,1399814.0041666667
21,2010-11-19,756288.89,0,51.71,2.771,211.5470304,8.163,2010,11,46,4,4,985896.44,1956739.17,970224.51,1083582.5625,1372727.9016666666
20,2010-11-19,2105058.91,0,45.88,3.0,205.0992811,7.484,2010,11,46,4,4,756288.89,1277150.6,696314.53,1290559.64,1423963.1558333335
19,2010-11-19,1377593.1,0,44.22,3.138,132.9172,8.067,2010,11,46,4,4,2105058.91,1314994.32,972292.31,1306209.335,1356448.8074999999
18,2010-11-19,1045722.37,0,45.26,3.03,132.9172,9.331,2010,11,46,4,4,1377593.1,985896.44,979730.78,1321165.8175000001,1382275.9733333334
17,2010-11-19,782252.57,0,36.31,2.842,126.6072,6.885,2010,11,46,4,4,1045722.37,756288.89,272803.94,1327656.7374999998,1360488.8008333333
16,2010-11-19,458634.68,0,27.26,2.758,191.0312172,6.986,2010,11,46,4,4,782252.57,2105058.91,1141019.11,916050.6799999999,1289301.94
15,2010-11-19,608200.81,0,44.1,3.138,132.9172,8.067,2010,11,46,4,4,458634.68,1377593.1,1828010.25,723702.6074999999,1180250.9458333333
14,2010-11-19,1968462.58,0,50.02,3.0,182.8989385,8.724,2010,11,46,4,4,608200.81,1045722.37,431266.64,954387.6599999999,1219749.5366666666
13,2010-11-19,1925393.91,0,42.0,2.842,126.6072,7.795,2010,11,46,4,4,1968462.58,782252.57,524450.7,1240172.9949999999,1217137.4316666666
12,2010-11-19,894493.7,0,58.18,3.161,126.6072,14.313,2010,11,46,4,4,1925393.91,458634.68,1266460.45,1349137.75,1185249.3566666667
11,2010-11-19,1292346.57,0,58.63,2.771,215.2074519,7.564,2010,11,46,4,4,894493.7,608200.81,1352780.76,1520174.19,1183362.0441666667
10,2010-11-19,1949177.13,0,58.83,3.047,126.6072,9.003,2010,11,46,4,4,1292346.57,1968462.58,870914.69,1515352.8274999997,1263635.435
9,2010-11-19,519823.3,0,49.96,2.771,215.4372854,6.56,2010,11,46,4,4,1949177.13,1925393.91,765648.93,1163960.1749999998,1243929.9691666665
8,2010-11-19,885608.04,0,43.86,2.771,215.2538714,6.433,2010,11,46,4,4,519823.3,894493.7,517546.69,1161738.7599999998,1142309.0633333332
25,2010-11-19,718056.73,0,42.72,3.0,205.0992811,7.484,2010,11,46,4,4,885608.04,1292346.57,340147.2,1018166.2999999998,1087347.6991666667
7,2010-11-19,482528.36,0,25.56,2.758,191.0312172,9.137,2010,11,46,4,4,718056.73,1949177.13,1291398.71,651504.1074999999,1040414.8650000001
26,2010-11-19,901972.7,0,36.73,3.03,132.9172,8.149,2010,11,46,4,4,482528.36,519823.3,935481.32,747041.4574999999,1050391.5425
28,2010-11-19,1179315.72,0,58.18,3.161,126.6072,14.313,2010,11,46,4,4,901972.7,885608.04,1175326.23,820468.3774999998,1110448.2958333334
45,2010-11-19,723987.85,0,50.02,3.0,182.8989385,8.724,2010,11,46,4,4,1179315.72,718056.73,588592.61,821951.1574999999,1120097.2158333333
44,2010-11-19,284322.52,0,42.0,2.842,126.6072,7.61,2010,11,46,4,4,723987.85,482528.36,595421.23,772399.6974999999,979752.2108333333
43,2010-11-19,589467.35,0,54.96,2.771,203.8191286,10.21,2010,11,46,4,4,284322.52,901972.7,281909.79,694273.3599999999,868424.9975
42,2010-11-19,524316.21,0,58.83,3.047,126.6072,9.003,2010,11,46,4,4,589467.35,1179315.72,971193.01,530523.4824999999,837576.8733333334
41,2010-11-19,1172155.28,0,31.34,2.758,191.0312172,7.508,2010,11,46,4,4,524316.21,723987.85,425804.8,642565.3399999999,827560.9325000001
40,2010-11-19,852452.93,0,40.52,3.03,132.9172,5.287,2010,11,46,4,4,1172155.28,284322.52,713250.08,784597.9424999999,736167.2491666666
39,2010-11-19,1370659.54,0,55.5,2.771,210.65429,8.476,2010,11,46,4,4,852452.93,589467.35,2092189.06,979895.99,807070.2691666667
38,2010-11-19,348593.99,0,58.18,3.161,126.6072,14.313,2010,11,46,4,4,1370659.54,524316.21,1387953.75,935965.435,762319.0983333335
37,2010-11-19,518124.16,0,56.73,2.771,210.65429,8.476,2010,11,46,4,4,348593.99,1172155.28,386635.03,772457.6549999999,745658.0508333334
36,2010-11-19,411615.71,0,56.73,2.741,210.65429,8.476,2010,11,46,4,4,518124.16,852452.93,1999794.26,662248.3499999999,739748.6633333334
35,2010-11-19,846850.35,0,50.81,3.0,136.7715714,8.763,2010,11,46,4,4,411615.71,1370659.54,301827.36,531296.0524999999,735155.1341666667
34,2010-11-19,955766.33,0,40.93,2.78,126.6072,10.21,2010,11,46,4,4,846850.35,348593.99,1495536.46,683089.1374999998,716526.0183333334
33,2010-11-19,224639.76,0,61.95,3.047,126.6072,9.265,2010,11,46,4,4,955766.33,518124.16,507584.29,609718.0374999999,674913.6775000001
32,2010-11-19,1150729.89,0,36.24,2.758,191.0312172,9.137,2010,11,46,4,4,224639.76,411615.71,911538.98,794496.5824999998,747114.2916666666
31,2010-11-19,1359158.57,0,51.71,2.771,211.5470304,8.163,2010,11,46,4,4,1150729.89,846850.35,520846.68,922573.6375,811255.2266666667
30,2010-11-19,423707.69,0,51.71,2.771,211.5470304,8.163,2010,11,46,4,4,1359158.57,955766.33,1895901.59,789558.9774999999,802871.1833333332
29,2010-11-19,508174.55,0,48.62,3.03,132.9172,10.524,2010,11,46,4,4,423707.69,224639.76,1281675.6,860442.6749999998,747539.4558333334
27,2010-11-19,1704785.74,0,50.81,3.138,136.7715714,8.021,2010,11,46,4,4,508174.55,1150729.89,942475.24,998956.6375,818567.1900000001
3,2010-11-19,372545.32,0,57.72,2.771,215.2074519,7.564,2010,11,46,4,4,1704785.74,1359158.57,1939964.63,752303.3249999998,735391.0049999999
6,2010-11-19,1518841.45,0,52.99,2.771,213.4107412,7.007,2010,11,46,4,4,372545.32,423707.69,619639.74,1026086.7649999999,832911.6266666666
1,2010-11-19,1483784.18,0,51.41,2.771,211.8896737,7.838,2010,11,46,4,4,1518841.45,508174.55,453632.76,1269989.1724999999,913383.2949999999
5,2010-11-19,297384.81,0,52.52,2.771,212.445487,6.768,2010,11,46,4,4,1483784.18,1704785.74,855459.96,918138.9399999998,903864.0533333333
4,2010-11-19,2097809.4,0,48.05,2.78,126.6072,7.127,2010,11,46,4,4,297384.81,372545.32,1081322.12,1349454.96,1008110.6408333335
2,2010-11-26,2658725.29,1,62.98,2.735,211.4062867,8.163,2010,11,47,4,4,2097809.4,1518841.45,1490235.86,1634425.92,1150023.8875
26,2010-11-26,1286833.62,1,28.11,3.07,132.8369333,8.149,2010,11,47,4,4,2658725.29,1483784.18,2187765.28,1585188.2799999998,1238540.0425000002
27,2010-11-26,2627910.75,1,46.67,3.186,136.6895714,8.021,2010,11,47,4,4,1286833.62,297384.81,735796.38,2167819.765,1361638.4475
28,2010-11-26,1937033.5,1,47.66,3.162,126.6692667,14.313,2010,11,47,4,4,2627910.75,2097809.4,1043698.64,2127625.79,1409794.6916666667
29,2010-11-26,975268.91,1,44.61,3.07,132.8369333,10.524,2010,11,47,4,4,1937033.5,2658725.29,1312877.01,1706761.6949999998,1455758.1266666667
30,2010-11-26,462732.36,1,62.96,2.735,211.4062867,8.163,2010,11,47,4,4,975268.91,1286833.62,1916812.74,1500736.38,1451971.2774999999
31,2010-11-26,1858856.06,1,62.96,2.735,211.4062867,8.163,2010,11,47,4,4,462732.36,2627910.75,1494479.49,1308472.7075,1464810.4708333332
32,2010-11-26,1634635.86,1,29.97,2.742,191.0121805,9.137,2010,11,47,4,4,1858856.06,1937033.5,1956739.17,1232873.2974999999,1569984.6824999999
35,2010-11-26,1781866.98,1,46.67,3.039,136.6895714,8.763,2010,11,47,4,4,1634635.86,975268.91,1277150.6,1434522.815,1591903.4766666666
36,2010-11-26,408891.49,1,67.73,2.725,210.5152765,8.476,2010,11,47,4,4,1781866.98,462732.36,1314994.32,1421062.5975000001,1502329.0858333334
37,2010-11-26,518220.72,1,67.73,2.735,210.5152765,8.476,2010,11,47,4,4,408891.49,1858856.06,985896.44,1085903.7625,1520732.0783333334
38,2010-11-26,360857.98,1,47.66,3.162,126.6692667,14.313,2010,11,47,4,4,518220.72,1634635.86,756288.89,767459.2924999997,1375986.1266666667
39,2010-11-26,2149355.2,1,67.75,2.735,210.5152765,8.476,2010,11,47,4,4,360857.98,1781866.98,2105058.91,859331.3474999999,1333538.6191666666
40,2010-11-26,1166142.85,1,32.94,3.07,132.8369333,5.287,2010,11,47,4,4,2149355.2,408891.49,1377593.1,1048644.1875,1323481.055
41,2010-11-26,1866681.57,1,25.3,2.742,191.0121805,7.508,2010,11,47,4,4,1166142.85,518220.72,1045722.37,1385759.4,1260045.29
42,2010-11-26,522296.71,1,55.33,3.162,126.6692667,9.003,2010,11,47,4,4,1866681.57,360857.98,782252.57,1426119.0824999998,1142150.5574999999
44,2010-11-26,307646.5,1,28.22,2.83,126.6692667,7.61,2010,11,47,4,4,522296.71,2149355.2,458634.68,965691.9075,1086515.3566666667
45,2010-11-26,1182500.16,1,46.15,3.039,182.7832769,8.724,2010,11,47,4,4,307646.5,1166142.85,608200.81,969781.2349999999,1146496.0066666666
25,2010-11-26,1115240.61,1,43.43,3.039,204.9621,7.484,2010,11,47,4,4,1182500.16,1866681.57,1968462.58,781920.9949999999,1084528.0525
3,2010-11-26,565567.84,1,68.71,2.735,215.0614025,7.564,2010,11,47,4,4,1115240.61,522296.71,1925393.91,792738.7774999999,995439.0508333333
24,2010-11-26,1779276.51,1,41.92,3.186,132.8369333,8.275,2010,11,47,4,4,565567.84,307646.5,894493.7,1160646.2799999998,995223.1783333333
23,2010-11-26,2072685.05,1,34.95,3.07,132.8369333,5.287,2010,11,47,4,4,1779276.51,1182500.16,1292346.57,1383192.5025,1133872.6416666668
1,2010-11-26,1955624.11,1,64.52,2.735,211.7484333,7.838,2010,11,47,4,4,2072685.05,1115240.61,1949177.13,1593288.3775,1253656.2575
4,2010-11-26,2789469.45,1,48.08,2.752,126.6692667,7.127,2010,11,47,4,4,1955624.11,565567.84,519823.3,2149263.78,1456040.5466666669
5,2010-11-26,488362.61,1,66.15,2.735,212.303441,6.768,2010,11,47,4,4,2789469.45,1779276.51,885608.04,1826535.305,1317624.4975
6,2010-11-26,2267452.4,1,65.79,2.735,213.2672961,7.007,2010,11,47,4,4,488362.61,2072685.05,718056.73,1875227.1425,1409400.2933333332
7,2010-11-26,835189.26,1,17.95,2.742,191.0121805,9.137,2010,11,47,4,4,2267452.4,1955624.11,482528.36,1595118.43,1323442.6008333333
8,2010-11-26,1261693.16,1,51.07,2.735,215.1077548,6.433,2010,11,47,4,4,835189.26,2789469.45,901972.7,1213174.3575,1385058.9716666667
9,2010-11-26,768070.53,1,60.18,2.735,215.2909028,6.56,2010,11,47,4,4,1261693.16,488362.61,1179315.72,1283101.3374999997,1423427.6408333334
10,2010-11-26,2939946.38,1,55.33,3.162,126.6692667,9.003,2010,11,47,4,4,768070.53,2267452.4,723987.85,1451224.8324999998,1569881.4925
11,2010-11-26,1757242.51,1,69.9,2.735,215.0614025,7.564,2010,11,47,4,4,2939946.38,835189.26,284322.52,1681738.1449999998,1623381.6508333336
43,2010-11-26,633520.34,1,54.76,2.735,203.6952786,10.21,2010,11,47,4,4,1757242.51,1261693.16,589467.35,1524694.9399999997,1629044.3591666669
12,2010-11-26,1601377.41,1,47.66,3.162,126.6692667,14.313,2010,11,47,4,4,633520.34,768070.53,524316.21,1733021.6599999997,1614219.4341666668
14,2010-11-26,2921709.71,1,46.15,3.039,182.7832769,8.724,2010,11,47,4,4,1601377.41,2939946.38,1172155.28,1728462.4924999997,1684971.4891666665
15,2010-11-26,1120018.92,1,40.71,3.186,132.8369333,8.067,2010,11,47,4,4,2921709.71,1757242.51,852452.93,1569156.5949999997,1615337.7233333334
16,2010-11-26,651837.77,1,23.46,2.742,191.0121805,6.986,2010,11,47,4,4,1120018.92,633520.34,1370659.54,1573735.9524999997,1437201.75
17,2010-11-26,1005448.76,1,19.03,2.83,126.6692667,6.885,2010,11,47,4,4,651837.77,1601377.41,348593.99,1424753.7899999998,1480292.2625
18,2010-11-26,1653759.36,1,40.81,3.07,132.8369333,9.331,2010,11,47,4,4,1005448.76,2921709.71,518124.16,1107766.2024999997,1429151.1758333333
19,2010-11-26,1993367.83,1,42.62,3.186,132.8369333,8.067,2010,11,47,4,4,1653759.36,1120018.92,411615.71,1326103.4299999997,1525666.0566666666
20,2010-11-26,2811634.04,1,46.66,3.039,204.9621,7.484,2010,11,47,4,4,1993367.83,651837.77,846850.35,1866052.4975,1654827.7966666666
21,2010-11-26,1245628.61,1,62.96,2.735,211.4062867,8.163,2010,11,47,4,4,2811634.04,1005448.76,955766.33,1926097.4599999997,1694624.3033333335
22,2010-11-26,1564502.26,1,44.61,3.07,136.6895714,8.572,2010,11,47,4,4,1245628.61,1653759.36,224639.76,1903783.1849999996,1580003.96
13,2010-11-26,2766400.05,1,28.22,2.83,126.6692667,7.795,2010,11,47,4,4,1564502.26,1993367.83,1150729.89,2097041.2399999998,1664100.4216666666
34,2010-11-26,1309476.68,1,41.13,2.752,126.6692667,10.21,2010,11,47,4,4,2766400.05,2811634.04,1359158.57,1721501.9,1720430.1166666665
33,2010-11-26,240044.57,1,56.87,3.162,126.6692667,9.265,2010,11,47,4,4,1309476.68,1245628.61,423707.69,1470105.8899999997,1606985.7133333336
1,2010-12-03,1548033.78,0,49.27,2.708,211.607193,7.838,2010,12,48,4,4,240044.57,1564502.26,508174.55,1465988.7699999998,1492512.719166667
26,2010-12-03,1016143.64,0,27.73,3.065,132.7566667,8.149,2010,12,48,4,4,1548033.78,2766400.05,1704785.74,1028424.6674999997,1483856.445833333
27,2010-12-03,1884343.67,0,41.81,3.2,136.6075714,8.021,2010,12,48,4,4,1016143.64,1309476.68,372545.32,1172141.4149999998,1586565.2708333333
28,2010-12-03,1447916.29,0,43.33,3.041,126.7313333,14.313,2010,12,48,4,4,1884343.67,240044.57,1518841.45,1474109.3449999997,1623437.5650000002
29,2010-12-03,642678.53,0,39.42,3.065,132.7566667,10.524,2010,12,48,4,4,1447916.29,1548033.78,1483784.18,1247770.5324999997,1539180.8291666666
30,2010-12-03,407112.22,0,50.43,2.708,211.265543,8.163,2010,12,48,4,4,642678.53,1016143.64,297384.81,1095512.6774999998,1406992.8616666666
31,2010-12-03,1338716.37,0,50.43,2.708,211.265543,8.163,2010,12,48,4,4,407112.22,1884343.67,2097809.4,959105.8524999998,1284249.7225
32,2010-12-03,1200892.56,0,35.18,2.712,190.9931437,9.137,2010,12,48,4,4,1338716.37,1447916.29,2658725.29,897349.9199999998,1280521.7183333335
33,2010-12-03,209986.25,0,52.82,3.041,126.7313333,9.265,2010,12,48,4,4,1200892.56,642678.53,1286833.62,789176.8499999999,1167645.3841666665
34,2010-12-03,1001512.21,0,34.7,2.727,126.7313333,10.21,2010,12,48,4,4,209986.25,407112.22,2627910.75,937776.8474999998,1020571.3975
25,2010-12-03,885572.96,0,32.41,3.046,204.8249189,7.484,2010,12,48,4,4,1001512.21,1338716.37,1937033.5,824490.9949999998,985246.0875
35,2010-12-03,982598.88,0,41.81,3.046,136.6075714,8.763,2010,12,48,4,4,885572.96,1200892.56,975268.91,769917.5749999997,1047125.6133333333
37,2010-12-03,508213.14,0,54.44,2.708,210.376263,8.476,2010,12,48,4,4,982598.88,209986.25,462732.36,844474.2974999998,960473.8933333334
38,2010-12-03,351925.36,0,43.33,3.041,126.7313333,14.313,2010,12,48,4,4,508213.14,1001512.21,1858856.06,682077.5849999997,905122.37
39,2010-12-03,1431910.98,0,53.55,2.708,210.376263,8.476,2010,12,48,4,4,351925.36,885572.96,1634635.86,818662.0899999997,867419.6458333334
40,2010-12-03,1000582.06,0,33.6,3.065,132.7566667,5.287,2010,12,48,4,4,1431910.98,982598.88,1781866.98,823157.8849999998,830141.7933333333
41,2010-12-03,1220115.75,0,33.0,2.712,190.9931437,7.508,2010,12,48,4,4,1000582.06,508213.14,408891.49,1001133.5374999997,878261.5616666665
42,2010-12-03,500250.8,0,51.17,3.041,126.7313333,9.003,2010,12,48,4,4,1220115.75,351925.36,518220.72,1038214.8974999997,886023.11
43,2010-12-03,557543.62,0,44.56,2.708,203.5714286,10.21,2010,12,48,4,4,500250.8,1431910.98,360857.98,819623.0574999998,820925.3808333334
44,2010-12-03,264214.12,0,25.8,2.812,126.7313333,7.61,2010,12,48,4,4,557543.62,1000582.06,2149355.2,635531.0724999998,742868.8441666667
45,2010-12-03,879244.9,0,40.93,3.046,182.6676154,8.724,2010,12,48,4,4,264214.12,1220115.75,1166142.85,550313.3599999998,798640.3983333333
36,2010-12-03,360266.09,0,54.44,2.694,210.376263,8.476,2010,12,48,4,4,879244.9,500250.8,1866681.57,515317.18249999976,745203.2216666667
24,2010-12-03,1413302.7,0,37.08,3.2,132.7566667,8.275,2010,12,48,4,4,360266.09,557543.62,522296.71,729256.9524999998,789180.7000000001
2,2010-12-03,2015781.27,0,49.33,2.708,211.265543,8.163,2010,12,48,4,4,1413302.7,264214.12,307646.5,1167148.7399999998,875279.2324999999
4,2010-12-03,2102530.17,0,46.4,2.727,126.7313333,7.127,2010,12,48,4,4,2015781.27,879244.9,1182500.16,1472970.0574999996,1008138.985
23,2010-12-03,1617025.41,0,34.3,3.065,132.7566667,5.287,2010,12,48,4,4,2102530.17,360266.09,1115240.61,1787159.8874999997,1113563.9891666665
3,2010-12-03,476420.77,0,53.76,2.708,214.9153531,7.564,2010,12,48,4,4,1617025.41,1413302.7,565567.84,1552939.4049999998,1033939.805
5,2010-12-03,344490.88,0,51.31,2.708,212.1613951,6.768,2010,12,48,4,4,476420.77,2015781.27,1779276.51,1135116.8074999999,979265.54
6,2010-12-03,1677067.24,0,52.3,2.708,213.123851,7.007,2010,12,48,4,4,344490.88,2102530.17,2072685.05,1028751.0749999997,1017344.8308333332
7,2010-12-03,552811.62,0,21.88,2.712,190.9931437,9.137,2010,12,48,4,4,1677067.24,1617025.41,1955624.11,762697.6274999997,1021724.8991666666
8,2010-12-03,952766.93,0,42.85,2.708,214.9616381,6.433,2010,12,48,4,4,552811.62,476420.77,2789469.45,881784.1674999997,1054660.175
10,2010-12-03,2251206.64,0,51.17,3.041,126.7313333,9.003,2010,12,48,4,4,952766.93,344490.88,488362.61,1358463.1075,1220242.885
11,2010-12-03,1380522.64,0,55.9,2.708,214.9153531,7.564,2010,12,48,4,4,2251206.64,1677067.24,2267452.4,1284326.9574999998,1262016.03
12,2010-12-03,1069533.17,0,43.33,3.041,126.7313333,14.313,2010,12,48,4,4,1380522.64,552811.62,835189.26,1413507.3449999997,1321121.62
9,2010-12-03,578164.82,0,49.89,2.708,215.1445203,6.56,2010,12,48,4,4,1069533.17,952766.93,1261693.16,1319856.8175,1251526.7966666666
14,2010-12-03,2258489.63,0,40.93,3.046,182.6676154,8.724,2010,12,48,4,4,578164.82,2251206.64,768070.53,1321677.5649999997,1271752.4933333334
13,2010-12-03,2083379.89,0,25.8,2.812,126.7313333,7.795,2010,12,48,4,4,2258489.63,1380522.64,2939946.38,1497391.8774999997,1270156.6366666667
21,2010-12-03,829210.73,0,50.43,2.708,211.265543,8.163,2010,12,48,4,4,2083379.89,1069533.17,1757242.51,1437311.2674999998,1204505.4133333333
20,2010-12-03,2416051.17,0,35.47,3.046,204.8249189,7.484,2010,12,48,4,4,829210.73,578164.82,633520.34,1896782.8549999997,1366141.28
19,2010-12-03,1615987.96,0,36.64,3.2,132.7566667,8.067,2010,12,48,4,4,2416051.17,2258489.63,1601377.41,1736157.4374999998,1472099.3699999999
22,2010-12-03,1230514.58,0,39.42,3.065,136.6075714,8.572,2010,12,48,4,4,1615987.96,2083379.89,2921709.71,1522941.1099999999,1434886.6483333334
17,2010-12-03,926573.81,0,22.47,2.812,126.7313333,6.885,2010,12,48,4,4,1230514.58,829210.73,1120018.92,1547281.88,1466033.4974999998
16,2010-12-03,512260.59,0,23.68,2.712,190.9931437,6.986,2010,12,48,4,4,926573.81,2416051.17,651837.77,1071334.2349999999,1429324.6358333332
15,2010-12-03,754134.95,0,36.0,3.2,132.7566667,8.067,2010,12,48,4,4,512260.59,1615987.96,1005448.76,855870.9824999998,1304568.6616666666
18,2010-12-03,1211026.13,0,37.09,3.065,132.7566667,9.331,2010,12,48,4,4,754134.95,1230514.58,1653759.36,850998.8699999998,1290443.9525
12,2010-12-10,1121934.15,0,50.01,3.203,126.7934,14.313,2010,12,49,4,4,1211026.13,926573.81,1993367.83,899838.9549999997,1294810.7008333334
19,2010-12-10,1799070.98,0,25.12,3.255,132.6764,8.067,2010,12,49,4,4,1121934.15,512260.59,2811634.04,1221541.5524999998,1396552.8808333334
18,2010-12-10,1416168.98,0,25.64,3.132,132.6764,9.331,2010,12,49,4,4,1799070.98,754134.95,1245628.61,1387050.0599999996,1326359.4933333334
17,2010-12-10,962475.55,0,31.64,2.817,126.7934,6.885,2010,12,49,4,4,1416168.98,1211026.13,1564502.26,1324912.4149999998,1232950.7983333333
16,2010-12-10,570103.64,0,32.02,2.728,190.9741069,6.986,2010,12,49,4,4,962475.55,1121934.15,2766400.05,1186954.7874999999,1211358.5408333333
15,2010-12-10,847294.04,0,23.97,3.255,132.6764,8.067,2010,12,49,4,4,570103.64,1799070.98,1309476.68,949010.5524999998,1080628.78
14,2010-12-10,2600519.26,0,30.54,3.109,182.5519538,8.724,2010,12,49,4,4,847294.04,1416168.98,240044.57,1245098.1224999996,1162673.055
13,2010-12-10,2461468.35,0,36.78,2.817,126.7934,7.795,2010,12,49,4,4,2600519.26,962475.55,1548033.78,1619846.3224999998,1265252.5358333334
11,2010-12-10,1564516.43,0,53.33,2.843,214.7693037,7.564,2010,12,49,4,4,2461468.35,570103.64,1016143.64,1868449.5199999996,1318414.4208333332
45,2010-12-10,1002364.34,0,30.54,3.109,182.5519538,8.724,2010,12,49,4,4,1564516.43,847294.04,1884343.67,1907217.0949999995,1359256.4
9,2010-12-10,618121.82,0,46.1,2.843,214.9981378,6.56,2010,12,49,4,4,1002364.34,2600519.26,1447916.29,1411617.7349999999,1347921.9725
8,2010-12-10,1069061.63,0,42.47,2.843,214.8155214,6.433,2010,12,49,4,4,618121.82,2461468.35,642678.53,1063516.0549999997,1336091.5975
7,2010-12-10,599730.07,0,24.24,2.728,190.9741069,9.137,2010,12,49,4,4,1069061.63,1564516.43,407112.22,822319.4649999997,1292574.5908333333
6,2010-12-10,1834737.58,0,48.46,2.843,212.9804059,7.007,2010,12,49,4,4,599730.07,1002364.34,1338716.37,1030412.7749999997,1295546.8074999999
5,2010-12-10,352811.53,0,48.27,2.843,212.0193491,6.768,2010,12,49,4,4,1834737.58,618121.82,1200892.56,964085.2024999997,1206933.6866666668
4,2010-12-10,2302504.86,0,42.4,2.86,126.7934,7.127,2010,12,49,4,4,352811.53,1069061.63,209986.25,1272446.0099999998,1318602.7958333332
3,2010-12-10,467642.03,0,51.13,2.843,214.7693037,7.564,2010,12,49,4,4,2302504.86,599730.07,1001512.21,1239423.9999999998,1310064.3283333334
2,2010-12-10,2378726.55,0,45.5,2.843,211.1247993,8.163,2010,12,49,4,4,467642.03,1834737.58,885572.96,1375421.2424999997,1437683.7041666666
1,2010-12-10,1682614.26,0,46.33,2.843,211.4659526,7.838,2010,12,49,4,4,2378726.55,352811.53,982598.88,1707871.9249999998,1361191.6208333333
10,2010-12-10,2411790.21,0,60.51,3.091,126.7934,9.003,2010,12,49,4,4,1682614.26,2302504.86,508213.14,1735193.2625,1357051.7758333331
21,2010-12-10,943891.64,0,46.35,2.843,211.1247993,8.163,2010,12,49,4,4,2411790.21,467642.03,351925.36,1854255.6649999998,1305333.0433333332
20,2010-12-10,2752122.08,0,24.27,3.109,204.6877378,7.484,2010,12,49,4,4,943891.64,2378726.55,1431910.98,1947604.5474999999,1451146.1883333335
23,2010-12-10,1872365.99,0,20.12,3.132,132.6764,5.287,2010,12,49,4,4,2752122.08,1682614.26,1000582.06,1995042.48,1555666.5358333334
44,2010-12-10,278253.28,0,36.78,2.817,126.7934,7.61,2010,12,49,4,4,1872365.99,2411790.21,1220115.75,1461658.2475,1489765.84
43,2010-12-10,598679.02,0,52.52,2.843,203.4475786,10.21,2010,12,49,4,4,278253.28,943891.64,500250.8,1375355.0925000003,1489678.2525000002
22,2010-12-10,1367202.84,0,28.43,3.132,136.5255714,8.572,2010,12,49,4,4,598679.02,2752122.08,557543.62,1029125.2825,1450717.0241666667
42,2010-12-10,585175.24,0,60.51,3.091,126.7934,9.003,2010,12,49,4,4,1367202.84,1872365.99,264214.12,707327.595,1470080.6666666667
41,2010-12-10,1434908.13,0,33.9,2.728,190.9741069,7.508,2010,12,49,4,4,585175.24,278253.28,879244.9,996491.3075,1397780.9391666667
40,2010-12-10,1111215.72,0,21.64,3.132,132.6764,5.287,2010,12,49,4,4,1434908.13,598679.02,360266.09,1124625.4825,1451412.08
39,2010-12-10,1630564.48,0,50.81,2.843,210.2372494,8.476,2010,12,49,4,4,1111215.72,1367202.84,1413302.7,1190465.8925,1389065.2408333335
38,2010-12-10,355965.23,0,50.01,3.203,126.7934,14.313,2010,12,49,4,4,1630564.48,585175.24,2015781.27,1133163.39,1278511.155
37,2010-12-10,511207.52,0,51.83,2.843,210.2372494,8.476,2010,12,49,4,4,355965.23,1434908.13,2102530.17,902238.2375,1120129.2641666667
36,2010-12-10,404545.03,0,51.83,2.813,210.2372494,8.476,2010,12,49,4,4,511207.52,1111215.72,1617025.41,725570.5650000001,1075183.7133333334
35,2010-12-10,1108580.19,0,30.83,3.109,136.5255714,8.763,2010,12,49,4,4,404545.03,1630564.48,476420.77,595074.4924999999,938221.8891666667
32,2010-12-10,1377322.73,0,36.62,2.728,190.9741069,9.137,2010,12,49,4,4,1108580.19,355965.23,344490.88,850413.8674999999,896968.2841666667
33,2010-12-10,253050.1,0,60.72,3.091,126.7934,9.265,2010,12,49,4,4,1377322.73,511207.52,1677067.24,785874.5125,894868.0191666665
34,2010-12-10,1086661.02,0,41.93,2.86,126.7934,10.21,2010,12,49,4,4,253050.1,404545.03,552811.62,956403.51,935533.1858333334
24,2010-12-10,1593012.75,0,27.11,3.255,132.6764,8.275,2010,12,49,4,4,1086661.02,1108580.19,952766.93,1077511.6500000001,954350.6783333333
25,2010-12-10,964729.18,0,22.65,3.109,204.6877378,7.484,2010,12,49,4,4,1593012.75,1377322.73,2251206.64,974363.2625,985980.1733333333
27,2010-12-10,2139733.68,0,30.83,3.255,136.5255714,8.021,2010,12,49,4,4,964729.18,253050.1,1380522.64,1446034.1575000002,1044715.6358333334
26,2010-12-10,1149612.04,0,16.6,3.132,132.6764,8.149,2010,12,49,4,4,2139733.68,1086661.02,1069533.17,1461771.9125,1047915.3291666666
29,2010-12-10,713834.74,0,28.43,3.132,132.6764,10.524,2010,12,49,4,4,1149612.04,1593012.75,578164.82,1241977.41,971521.1841666666
30,2010-12-10,428631.91,0,46.35,2.843,211.1247993,8.163,2010,12,49,4,4,713834.74,964729.18,2258489.63,1107953.0925,977576.7408333333
31,2010-12-10,1475685.1,0,46.35,2.843,211.1247993,8.163,2010,12,49,4,4,428631.91,2139733.68,2083379.89,941940.9475,1057949.8724999998
28,2010-12-10,1466164.49,0,50.01,3.203,126.7934,14.313,2010,12,49,4,4,1475685.1,1149612.04,829210.73,1021079.06,1146418.1608333334
22,2010-12-17,1527682.99,0,30.46,3.139,136.5292811,8.572,2010,12,50,4,4,1466164.49,713834.74,2416051.17,1224541.1225,1181343.3941666668
21,2010-12-17,1147556.83,0,48.63,2.869,211.0645458,8.163,2010,12,50,4,4,1527682.99,428631.91,1615987.96,1404272.3525,1162196.2358333333
15,2010-12-17,983825.15,0,25.3,3.301,132.6804516,8.067,2010,12,50,4,4,1147556.83,1475685.1,1230514.58,1281307.365,1223094.1566666667
20,2010-12-17,2819193.17,0,24.07,3.14,204.6321194,7.484,2010,12,50,4,4,983825.15,1466164.49,926573.81,1619564.535,1367471.8358333332
19,2010-12-17,1911967.44,0,26.83,3.301,132.6804516,8.067,2010,12,50,4,4,2819193.17,1527682.99,512260.59,1715635.6475,1394051.3933333333
18,2010-12-17,1588430.71,0,27.4,3.139,132.6804516,9.331,2010,12,50,4,4,1911967.44,1147556.83,754134.95,1825854.1175000002,1446026.5208333333
23,2010-12-17,2238573.48,0,23.05,3.139,132.6804516,5.287,2010,12,50,4,4,1588430.71,983825.15,1211026.13,2139541.2,1454263.1708333334
17,2010-12-17,1049372.38,0,25.13,2.842,126.8794839,6.885,2010,12,50,4,4,2238573.48,2819193.17,1121934.15,1697086.0025,1445909.8658333335
16,2010-12-17,648652.01,0,26.01,2.778,191.0303376,6.986,2010,12,50,4,4,1049372.38,1911967.44,1799070.98,1381257.145,1440477.9716666667
14,2010-12-17,2762861.41,0,30.51,3.14,182.517732,8.724,2010,12,50,4,4,648652.01,1588430.71,1416168.98,1674864.8199999998,1634997.0966666667
9,2010-12-17,685243.2,0,49.7,2.869,214.9334937,6.56,2010,12,50,4,4,2762861.41,2238573.48,962475.55,1286532.2499999998,1569126.9383333332
12,2010-12-17,1295605.35,0,52.77,3.236,126.8794839,14.313,2010,12,50,4,4,685243.2,1049372.38,570103.64,1348090.4925,1554913.6766666668
11,2010-12-17,1843971.15,0,54.63,2.869,214.704919,7.564,2010,12,50,4,4,1295605.35,648652.01,847294.04,1646920.2775,1581271.0233333332
10,2010-12-17,2811646.85,0,59.15,3.125,126.8794839,9.003,2010,12,50,4,4,1843971.15,2762861.41,2600519.26,1659116.6375,1719945.1916666667
8,2010-12-17,1220579.55,0,45.03,2.869,214.7510843,6.433,2010,12,50,4,4,2811646.85,685243.2,2461468.35,1792950.7249999999,1739674.7249999999
7,2010-12-17,716388.81,0,20.74,2.778,191.0303376,9.137,2010,12,50,4,4,1220579.55,1295605.35,1564516.43,1648146.59,1564441.0283333333
6,2010-12-17,2090268.95,0,52.24,2.869,212.918049,7.007,2010,12,50,4,4,716388.81,1843971.15,1002364.34,1709721.04,1579299.4874999998
4,2010-12-17,2740057.14,0,46.57,2.884,126.8794839,7.127,2010,12,50,4,4,2090268.95,2811646.85,618121.82,1691823.6125,1675268.3566666667
3,2010-12-17,498159.39,0,52.2,2.869,214.704919,7.564,2010,12,50,4,4,2740057.14,1220579.55,1069061.63,1511218.5725,1530233.8491666669
24,2010-12-17,1663525.77,0,27.99,3.301,132.6804516,8.275,2010,12,50,4,4,498159.39,716388.81,599730.07,1748002.8125,1581413.2983333336
13,2010-12-17,2771646.81,0,35.21,2.842,126.8794839,7.795,2010,12,50,4,4,1663525.77,2090268.95,1834737.58,1918347.2775000003,1758329.5316666665
5,2010-12-17,367801.19,0,51.61,2.869,211.9580815,6.768,2010,12,50,4,4,2771646.81,2740057.14,352811.53,1325283.29,1558741.18
26,2010-12-17,1196813.33,0,20.61,3.139,132.6804516,8.149,2010,12,50,4,4,367801.19,498159.39,2302504.86,1499946.7750000001,1601372.0241666667
27,2010-12-17,2350098.36,0,31.62,3.301,136.5292811,8.021,2010,12,50,4,4,1196813.33,1663525.77,467642.03,1671589.9224999999,1689246.4416666667
1,2010-12-17,1891034.93,0,49.84,2.869,211.4053124,7.838,2010,12,50,4,4,2350098.36,2771646.81,2378726.55,1451436.9525,1693168.4233333336
25,2010-12-17,1047707.59,0,21.6,3.14,204.6321194,7.484,2010,12,50,4,4,1891034.93,367801.19,1682614.26,1621413.5524999998,1546173.485
45,2010-12-17,1123282.85,0,30.51,3.14,182.517732,8.724,2010,12,50,4,4,1047707.59,1196813.33,2411790.21,1603030.9324999999,1538065.4266666665
44,2010-12-17,278646.35,0,35.21,2.842,126.8794839,7.61,2010,12,50,4,4,1123282.85,2350098.36,943891.64,1085167.93,1501586.8883333334
43,2010-12-17,615761.77,0,56.51,2.869,203.3996521,10.21,2010,12,50,4,4,278646.35,1891034.93,2752122.08,766349.6400000001,1378711.29
42,2010-12-17,537455.65,0,59.15,3.125,126.8794839,9.003,2010,12,50,4,4,615761.77,1047707.59,1872365.99,638786.655,1195161.1658333333
41,2010-12-17,1627904.68,0,31.51,2.778,191.0303376,7.508,2010,12,50,4,4,537455.65,1123282.85,278253.28,764942.1125,1289306.6066666667
40,2010-12-17,1179036.3,0,23.01,3.139,132.6804516,5.287,2010,12,50,4,4,1627904.68,278646.35,598679.02,990039.6,1248932.4841666666
39,2010-12-17,1842172.46,0,55.31,2.869,210.1787224,8.476,2010,12,50,4,4,1179036.3,615761.77,1367202.84,1296642.2725,1171476.2883333333
38,2010-12-17,334441.15,0,52.77,3.236,126.8794839,14.313,2010,12,50,4,4,1842172.46,537455.65,585175.24,1245888.6475,1168696.285
2,2010-12-17,2609166.75,0,47.55,2.869,211.0645458,8.163,2010,12,50,4,4,334441.15,1627904.68,1434908.13,1491204.165,1286392.4033333333
36,2010-12-17,410214.7,0,56.73,2.852,210.1787224,8.476,2010,12,50,4,4,2609166.75,1179036.3,1111215.72,1298998.765,1124735.4316666666
35,2010-12-17,1314987.4,0,31.62,3.14,136.5292811,8.763,2010,12,50,4,4,410214.7,1842172.46,1630564.48,1167202.5,1076731.4708333334
34,2010-12-17,1227148.13,0,42.64,2.884,126.8794839,10.21,2010,12,50,4,4,1314987.4,334441.15,355965.23,1390379.2449999999,1091684.8491666669
33,2010-12-17,238875.26,0,61.12,3.125,126.8794839,9.265,2010,12,50,4,4,1227148.13,2609166.75,511207.52,797806.3724999999,1017984.2166666667
32,2010-12-17,1557776.1,0,36.07,2.778,191.0303376,9.137,2010,12,50,4,4,238875.26,410214.7,404545.03,1084696.7225,1124578.3625
31,2010-12-17,1714667.0,0,48.63,2.869,211.0645458,8.163,2010,12,50,4,4,1557776.1,1314987.4,1108580.19,1184616.6225,1216153.7983333333
30,2010-12-17,445332.28,0,48.63,2.869,211.0645458,8.163,2010,12,50,4,4,1714667.0,1227148.13,1377322.73,989162.6600000001,1208476.8508333333
28,2010-12-17,1510443.62,0,52.77,3.236,126.8794839,14.313,2010,12,50,4,4,445332.28,238875.26,253050.1,1307054.75,1198688.4291666667
29,2010-12-17,850538.25,0,30.46,3.139,132.6804516,10.524,2010,12,50,4,4,1510443.62,1557776.1,1086661.02,1130245.2875,1171313.5916666666
37,2010-12-17,534285.21,0,56.73,2.869,210.1787224,8.476,2010,12,50,4,4,850538.25,1714667.0,1593012.75,835149.8400000001,1062322.9875
33,2010-12-24,249246.8,0,60.43,3.236,126.9835806,9.265,2010,12,51,4,4,534285.21,445332.28,964729.18,786128.47,1055223.4583333333
32,2010-12-24,1949183.14,0,30.72,2.781,191.1430189,9.137,2010,12,51,4,4,249246.8,1510443.62,2139733.68,895813.35,1000224.8241666667
31,2010-12-24,2068942.97,0,51.29,2.886,211.0646599,8.163,2010,12,51,4,4,1949183.14,850538.25,1149612.04,1200414.53,1138452.18
27,2010-12-24,3078162.08,0,31.34,3.309,136.597273,8.021,2010,12,51,4,4,2068942.97,534285.21,713834.74,1836383.7475,1285383.4033333333
29,2010-12-24,1130926.79,0,29.76,3.15,132.7477419,10.524,2010,12,51,4,4,3078162.08,249246.8,428631.91,2056803.745,1277364.9583333333
28,2010-12-24,2026026.39,0,52.02,3.236,126.9835806,14.313,2010,12,51,4,4,1130926.79,1949183.14,1475685.1,2076014.5574999999,1426294.2191666665
26,2010-12-24,1573982.47,0,21.81,3.15,132.7477419,8.149,2010,12,51,4,4,2026026.39,2068942.97,1466164.49,1952274.4325,1427644.75
30,2010-12-24,519354.88,0,51.29,2.886,211.0646599,8.163,2010,12,51,4,4,1573982.47,3078162.08,1527682.99,1312572.6325,1328035.4066666667
34,2010-12-24,1620748.25,0,42.74,2.887,126.9835806,10.21,2010,12,51,4,4,519354.88,1130926.79,1147556.83,1435027.9975,1425986.7375
39,2010-12-24,2495489.25,0,58.86,2.886,210.1805602,8.476,2010,12,51,4,4,1620748.25,2026026.39,983825.15,1552393.7125,1508073.8733333333
37,2010-12-24,576809.92,0,59.1,2.886,210.1805602,8.476,2010,12,51,4,4,2495489.25,1573982.47,2819193.17,1303100.575,1485263.1791666665
38,2010-12-24,369106.72,0,52.02,3.236,126.9835806,14.313,2010,12,51,4,4,576809.92,519354.88,1911967.44,1265538.535,1471498.305
25,2010-12-24,1295391.19,0,22.94,3.141,204.6376731,7.484,2010,12,51,4,4,369106.72,1620748.25,1588430.71,1184199.27,1558677.0041666667
40,2010-12-24,1648829.18,0,24.18,3.15,132.7477419,5.287,2010,12,51,4,4,1295391.19,2495489.25,2238573.48,972534.2525,1533647.5075
41,2010-12-24,2225016.73,0,29.81,2.781,191.1430189,7.508,2010,12,51,4,4,1648829.18,576809.92,1049372.38,1384585.955,1546653.6541666668
43,2010-12-24,656637.63,0,57.15,2.886,203.4086682,10.21,2010,12,51,4,4,2225016.73,369106.72,648652.01,1456468.6825,1344859.95
44,2010-12-24,365098.24,0,34.9,2.846,126.9835806,7.61,2010,12,51,4,4,656637.63,1295391.19,2762861.41,1223895.445,1281040.9041666666
45,2010-12-24,1682862.03,0,30.59,3.141,182.54459,8.724,2010,12,51,4,4,365098.24,1648829.18,685243.2,1232403.6575000002,1252443.8741666668
35,2010-12-24,1779236.54,0,31.34,3.141,136.597273,8.763,2010,12,51,4,4,1682862.03,2225016.73,1295605.35,1120958.6099999999,1269548.3800000001
24,2010-12-24,2386015.75,0,27.74,3.309,132.7477419,8.275,2010,12,51,4,4,1779236.54,656637.63,1843971.15,1553303.1400000001,1425103.4525
42,2010-12-24,555075.27,0,57.06,3.236,126.9835806,9.003,2010,12,51,4,4,2386015.75,365098.24,2811646.85,1600797.3975,1336297.3708333333
22,2010-12-24,1962445.04,0,29.76,3.15,136.597273,8.572,2010,12,51,4,4,555075.27,1682862.03,1220579.55,1670693.1500000001,1291877.0199999998
23,2010-12-24,2734277.1,0,22.96,3.15,132.7477419,5.287,2010,12,51,4,4,1962445.04,1779236.54,716388.81,1909453.29,1471665.9516666664
1,2010-12-24,2387950.2,0,52.33,2.886,211.4051222,7.838,2010,12,51,4,4,2734277.1,2386015.75,2090268.95,1909936.9025000003,1639902.9083333334
2,2010-12-24,3436007.68,0,49.97,2.886,211.0646599,8.163,2010,12,51,4,4,2387950.2,555075.27,2740057.14,2630170.005,1818287.6158333335
3,2010-12-24,605990.41,0,57.16,2.886,214.7017828,7.564,2010,12,51,4,4,3436007.68,1962445.04,498159.39,2291056.3475,1731384.385
4,2010-12-24,3526713.39,0,43.21,2.887,126.9835806,7.127,2010,12,51,4,4,605990.41,2734277.1,1663525.77,2489165.42,1839859.1066666667
5,2010-12-24,466010.25,0,55.01,2.886,211.9573978,6.768,2010,12,51,4,4,3526713.39,2387950.2,2771646.81,2008680.4325,1823973.491666667
6,2010-12-24,2727575.18,0,55.07,2.886,212.9165082,7.007,2010,12,51,4,4,466010.25,3436007.68,367801.19,1831572.3075,2020846.5700000003
7,2010-12-24,1045124.88,0,26.04,2.781,191.1430189,9.137,2010,12,51,4,4,2727575.18,605990.41,1196813.33,1941355.925,1967701.8075
8,2010-12-24,1511641.09,0,45.67,2.886,214.7479069,6.433,2010,12,51,4,4,1045124.88,3526713.39,2350098.36,1437587.85,1945402.1866666668
9,2010-12-24,873347.55,0,50.93,2.886,214.9301534,6.56,2010,12,51,4,4,1511641.09,466010.25,1891034.93,1539422.1750000003,1819346.5033333336
10,2010-12-24,3749057.69,0,57.06,3.236,126.9835806,9.003,2010,12,51,4,4,873347.55,2727575.18,1047707.59,1794792.8025,2085511.705
36,2010-12-24,422093.59,0,59.1,2.863,210.1805602,8.476,2010,12,51,4,4,3749057.69,1045124.88,1123282.85,1639034.98,1957149.0841666667
12,2010-12-24,1768249.89,0,52.02,3.236,126.9835806,14.313,2010,12,51,4,4,422093.59,1511641.09,278646.35,1703187.1800000002,1876646.8166666667
11,2010-12-24,2306265.36,0,59.33,2.886,214.7017828,7.564,2010,12,51,4,4,1768249.89,873347.55,615761.77,2061416.6324999998,1869839.7466666668
20,2010-12-24,3766687.43,0,25.17,3.141,204.6376731,7.484,2010,12,51,4,4,2306265.36,3749057.69,537455.65,2065824.0675,1897396.3925
19,2010-12-24,2678206.42,0,26.05,3.309,132.7477419,8.067,2010,12,51,4,4,3766687.43,422093.59,1627904.68,2629852.275,2070081.0599999998
18,2010-12-24,2027507.15,0,28.16,3.15,132.7477419,9.331,2010,12,51,4,4,2678206.42,1768249.89,1179036.3,2694666.59,1945147.2066666663
21,2010-12-24,1587257.78,0,51.29,2.886,211.0646599,8.163,2010,12,51,4,4,2027507.15,2306265.36,1842172.46,2514914.695,2038584.5008333332
16,2010-12-24,1004730.69,0,32.46,2.781,191.1430189,6.986,2010,12,51,4,4,1587257.78,3766687.43,334441.15,1824425.51,1895014.1266666667
15,2010-12-24,1368318.17,0,25.07,3.309,132.7477419,8.067,2010,12,51,4,4,1004730.69,2678206.42,2609166.75,1496953.4474999998,1921946.9008333331
14,2010-12-24,3818686.45,0,30.59,3.141,182.54459,8.724,2010,12,51,4,4,1368318.17,2027507.15,410214.7,1944748.2725,2114200.6808333336
13,2010-12-24,3595903.2,0,34.9,2.846,126.9835806,7.795,2010,12,51,4,4,3818686.45,1587257.78,1314987.4,2446909.6275,2341080.3183333334
17,2010-12-24,1309226.79,0,26.58,2.846,126.9835806,6.885,2010,12,51,4,4,3595903.2,1004730.69,1227148.13,2523033.6525,2137761.0766666667
32,2010-12-31,955463.84,1,27.7,2.829,191.2557002,9.137,2010,12,52,4,4,1309226.79,1368318.17,238875.26,2419820.0700000003,2182208.5974999997
26,2010-12-31,877268.29,1,18.73,3.177,132.8150323,8.149,2010,12,52,4,4,955463.84,3818686.45,1557776.1,1684465.53,2107960.1308333334
27,2010-12-31,1440963.0,1,29.59,3.336,136.665265,8.021,2010,12,52,4,4,877268.29,3595903.2,1714667.0,1145730.48,2035851.6008333333
28,2010-12-31,1090558.57,1,45.64,3.148,127.0876774,14.313,2010,12,52,4,4,1440963.0,1309226.79,445332.28,1091063.425,1812840.8624999998
29,2010-12-31,465992.02,1,28.49,3.177,132.8150323,10.524,2010,12,52,4,4,1090558.57,955463.84,1510443.62,968695.47,1628489.6624999999
30,2010-12-31,397631.02,1,47.19,2.943,211.064774,8.163,2010,12,52,4,4,465992.02,877268.29,850538.25,848786.1525000001,1492666.6516666664
31,2010-12-31,1198071.6,1,47.19,2.943,211.064774,8.163,2010,12,52,4,4,397631.02,1440963.0,534285.21,788063.3025,1460234.47
25,2010-12-31,623092.54,1,25.89,3.179,204.6432267,7.484,2010,12,52,4,4,1198071.6,1090558.57,249246.8,671196.795,1428431.2908333333
37,2010-12-31,460331.7,1,52.88,2.943,210.182398,8.476,2010,12,52,4,4,623092.54,465992.02,1949183.14,669781.7150000001,1352765.7516666667
34,2010-12-31,902109.69,1,34.11,2.955,127.0876774,10.21,2010,12,52,4,4,460331.7,397631.02,2068942.97,795901.3825000001,1109717.6883333332
35,2010-12-31,576332.05,1,29.59,3.179,136.665265,8.763,2010,12,52,4,4,902109.69,1198071.6,3078162.08,640466.495,858086.7591666667
36,2010-12-31,359310.65,1,52.88,2.949,210.182398,8.476,2010,12,52,4,4,576332.05,623092.54,1130926.79,574521.0225,778927.0808333334
24,2010-12-31,1208600.05,1,25.9,3.336,132.8150323,8.275,2010,12,52,4,4,359310.65,460331.7,2026026.39,761588.1100000001,800021.765
38,2010-12-31,303908.81,1,45.64,3.148,127.0876774,14.313,2010,12,52,4,4,1208600.05,902109.69,1573982.47,612037.89,752241.8083333332
39,2010-12-31,1230012.16,1,52.45,2.943,210.182398,8.476,2010,12,52,4,4,303908.81,576332.05,519354.88,775457.9175,734662.5716666667
40,2010-12-31,811318.3,1,19.29,3.177,132.8150323,5.287,2010,12,52,4,4,1230012.16,359310.65,1620748.25,888459.8300000001,711392.5491666667
41,2010-12-31,1001790.16,1,25.19,2.829,191.2557002,7.508,2010,12,52,4,4,811318.3,1208600.05,2495489.25,836757.3575,756042.3941666667
42,2010-12-31,428953.6,1,49.67,3.148,127.0876774,9.003,2010,12,52,4,4,1001790.16,303908.81,576809.92,868018.5549999999,758652.6091666667
43,2010-12-31,534740.3,1,48.61,2.943,203.4176843,10.21,2010,12,52,4,4,428953.6,1230012.16,369106.72,694200.59,703375.0008333334
33,2010-12-31,219804.85,1,52.91,3.148,127.0876774,9.265,2010,12,52,4,4,534740.3,811318.3,1295391.19,546322.2275,669767.6933333334
23,2010-12-31,1169773.85,1,19.05,3.177,132.8150323,5.287,2010,12,52,4,4,219804.85,1001790.16,1648829.18,588318.15,728887.8725
18,2010-12-31,887907.01,1,26.1,3.177,132.8150323,9.331,2010,12,52,4,4,1169773.85,428953.6,2225016.73,703056.5025000001,727704.3158333334
21,2010-12-31,672903.23,1,47.19,2.943,211.064774,8.163,2010,12,52,4,4,887907.01,534740.3,656637.63,737597.235,735751.9141666667
1,2010-12-31,1367320.01,1,48.43,2.943,211.4049321,7.838,2010,12,52,4,4,672903.23,219804.85,365098.24,1024476.0250000001,819752.6941666667
44,2010-12-31,241937.11,1,26.79,2.868,127.0876774,7.61,2010,12,52,4,4,1367320.01,1169773.85,1682862.03,792516.84,739197.4491666667
2,2010-12-31,1750434.55,1,47.3,2.943,211.064774,8.163,2010,12,52,4,4,241937.11,887907.01,1779236.54,1008148.725,859741.2608333334
3,2010-12-31,382677.76,1,53.2,2.943,214.6986466,7.564,2010,12,52,4,4,1750434.55,672903.23,2386015.75,935592.3574999999,789130.0608333334
4,2010-12-31,1794868.74,1,38.09,2.955,127.0876774,7.127,2010,12,52,4,4,382677.76,1367320.01,555075.27,1042479.54,871092.5975
5,2010-12-31,298180.18,1,49.79,2.943,211.9567142,6.768,2010,12,52,4,4,1794868.74,241937.11,1962445.04,1056540.3074999999,812458.4325000001
6,2010-12-31,1464050.02,1,49.14,2.943,212.9149674,7.007,2010,12,52,4,4,298180.18,1750434.55,2734277.1,984944.175,898716.4674999999
7,2010-12-31,729572.08,1,13.76,2.829,191.2557002,9.137,2010,12,52,4,4,1464050.02,382677.76,2387950.2,1071667.7550000001,914952.4491666667
8,2010-12-31,773586.49,1,41.47,2.943,214.7447295,6.433,2010,12,52,4,4,729572.08,1794868.74,3436007.68,816347.1925,961100.9191666668
9,2010-12-31,459770.85,1,45.92,2.943,214.9268131,6.56,2010,12,52,4,4,773586.49,298180.18,605990.41,856744.8599999999,901934.0025
10,2010-12-31,1707298.14,1,49.67,3.148,127.0876774,9.003,2010,12,52,4,4,459770.85,1464050.02,3526713.39,917556.8899999999,970216.5966666667
12,2010-12-31,891736.91,1,45.64,3.148,127.0876774,14.313,2010,12,52,4,4,1707298.14,729572.08,466010.25,958098.0974999999,988452.7366666667
13,2010-12-31,1675292.0,1,26.79,2.868,127.0876774,7.795,2010,12,52,4,4,891736.91,773586.49,2727575.18,1183524.475,1014117.0691666667
14,2010-12-31,1623716.46,1,29.67,3.179,182.5714479,8.724,2010,12,52,4,4,1675292.0,459770.85,1045124.88,1474510.8775,1129265.3483333334
15,2010-12-31,543754.17,1,26.54,3.336,132.8150323,8.067,2010,12,52,4,4,1623716.46,1707298.14,1511641.09,1183624.885,1028708.6499999999
16,2010-12-31,575317.38,1,19.66,2.829,191.2557002,6.986,2010,12,52,4,4,543754.17,891736.91,873347.55,1104520.0025,1044761.9516666667
17,2010-12-31,635862.55,1,20.79,2.868,127.0876774,6.885,2010,12,52,4,4,575317.38,1675292.0,3749057.69,844662.64,948178.1025
19,2010-12-31,1275146.94,1,28.65,3.336,132.8150323,8.067,2010,12,52,4,4,635862.55,1623716.46,422093.59,757520.26,1029591.9991666666
20,2010-12-31,1799737.79,1,28.85,3.179,204.6432267,7.484,2010,12,52,4,4,1275146.94,543754.17,1768249.89,1071516.165,1057565.98
22,2010-12-31,774262.28,1,28.49,3.177,136.665265,8.572,2010,12,52,4,4,1799737.79,575317.38,2306265.36,1121252.3900000001,1061290.1633333333
11,2010-12-31,1172003.1,1,55.03,2.943,214.6986466,7.564,2010,12,52,4,4,774262.28,635862.55,3766687.43,1255287.5275,1094491.5475
45,2010-12-31,679156.2,1,29.67,3.179,182.5714479,8.724,2010,12,52,4,4,1172003.1,1275146.94,2678206.42,1106289.8425,1112773.66
23,2011-01-07,1122034.48,0,27.81,3.193,132.8823226,5.114,2011,1,1,1,4,679156.2,1799737.79,2027507.15,936864.015,1064001.6883333332
25,2011-01-07,558794.63,0,29.0,3.193,204.6487803,7.343,2011,1,1,1,4,1122034.48,774262.28,1587257.78,882997.1025,1036256.4983333334
26,2011-01-07,938149.21,0,21.13,3.193,132.8823226,7.907,2011,1,1,1,4,558794.63,1172003.1,1004730.69,824533.6299999999,974827.9325
27,2011-01-07,1568159.48,0,34.42,3.351,136.7332569,7.827,2011,1,1,1,4,938149.21,679156.2,1368318.17,1046784.45,970198.1841666667
28,2011-01-07,1402902.47,0,37.64,3.287,127.1917742,14.021,2011,1,1,1,4,1568159.48,1122034.48,3818686.45,1117001.4475,1041793.8758333334
29,2011-01-07,455952.18,0,32.56,3.193,132.8823226,10.256,2011,1,1,1,4,1402902.47,558794.63,3595903.2,1091290.835,1031846.7758333334
30,2011-01-07,451077.21,0,44.24,2.976,211.0648881,8.028,2011,1,1,1,4,455952.18,938149.21,1309226.79,969522.835,1016447.9975
31,2011-01-07,1311986.87,0,44.24,2.976,211.0648881,8.028,2011,1,1,1,4,451077.21,1568159.48,955463.84,905479.6825,1019517.9916666666
32,2011-01-07,1046416.17,0,23.78,2.882,191.3683815,8.818,2011,1,1,1,4,1311986.87,1402902.47,877268.29,816358.1074999999,956741.1900000001
33,2011-01-07,243948.82,0,46.25,3.287,127.1917742,8.951,2011,1,1,1,4,1046416.17,455952.18,1440963.0,763357.2675000001,912548.4016666665
34,2011-01-07,900646.94,0,24.5,2.98,127.1917742,10.398,2011,1,1,1,4,243948.82,451077.21,1090558.57,875749.7,889935.3883333333
35,2011-01-07,649289.75,0,34.42,3.193,136.7332569,8.549,2011,1,1,1,4,900646.94,1311986.87,465992.02,710075.4199999999,887446.5175000001
36,2011-01-07,384659.85,0,54.11,2.942,210.1842358,8.395,2011,1,1,1,4,649289.75,1046416.17,397631.02,544636.34,825998.6316666667
37,2011-01-07,542464.02,0,54.11,2.976,210.1842358,8.395,2011,1,1,1,4,384659.85,243948.82,1198071.6,619265.14,824637.7474999999
38,2011-01-07,386344.54,0,37.64,3.287,127.1917742,14.021,2011,1,1,1,4,542464.02,900646.94,623092.54,490689.54,778654.025
39,2011-01-07,1224475.12,0,52.74,2.976,210.1842358,8.395,2011,1,1,1,4,386344.54,649289.75,460331.7,634485.8825000001,750013.6616666666
40,2011-01-07,894280.19,0,24.05,3.193,132.8823226,5.114,2011,1,1,1,4,1224475.12,384659.85,902109.69,761890.9675,707628.4716666667
41,2011-01-07,1153596.53,0,23.76,2.882,191.3683815,7.241,2011,1,1,1,4,894280.19,542464.02,576332.05,914674.095,765765.5008333334
42,2011-01-07,592947.75,0,43.43,3.287,127.1917742,8.744,2011,1,1,1,4,1153596.53,386344.54,359310.65,966324.8975,777588.0458333333
43,2011-01-07,611796.61,0,40.47,2.976,203.4267005,10.398,2011,1,1,1,4,592947.75,1224475.12,1208600.05,813155.2699999999,719238.8574999999
24,2011-01-07,1178641.71,0,30.72,3.351,132.8823226,8.252,2011,1,1,1,4,611796.61,894280.19,303908.81,884245.6499999999,730257.6525
44,2011-01-07,288320.38,0,16.94,2.891,127.1917742,7.224,2011,1,1,1,4,1178641.71,1153596.53,1230012.16,667926.6124999999,733955.2825000001
22,2011-01-07,873954.7,0,32.56,3.193,136.7332569,8.458,2011,1,1,1,4,288320.38,592947.75,811318.3,738178.35,731730.9291666667
20,2011-01-07,1843030.95,0,31.43,3.193,204.6487803,7.343,2011,1,1,1,4,873954.7,611796.61,1001790.16,1045986.9349999999,831209.3624999999
1,2011-01-07,1444732.28,0,48.27,2.976,211.4047419,7.742,2011,1,1,1,4,1843030.95,1178641.71,428953.6,1112509.5775,919548.7316666668
2,2011-01-07,1758050.79,0,44.69,2.976,211.0648881,8.028,2011,1,1,1,4,1444732.28,288320.38,534740.3,1479942.18,1020847.6291666665
3,2011-01-07,378241.34,0,53.35,2.976,214.6955104,7.551,2011,1,1,1,4,1758050.79,873954.7,219804.85,1356013.8399999999,1020172.3624999999
4,2011-01-07,1862476.27,0,39.34,2.98,127.1917742,6.51,2011,1,1,1,4,378241.34,1843030.95,1169773.85,1360875.17,1073339.125
5,2011-01-07,286347.26,0,48.3,2.976,211.9560305,6.634,2011,1,1,1,4,1862476.27,1444732.28,887907.01,1071278.915,1022678.0475
6,2011-01-07,1350441.68,0,47.78,2.976,212.9134266,6.858,2011,1,1,1,4,286347.26,1758050.79,672903.23,969376.6375,1039081.81
7,2011-01-07,661163.94,0,10.09,2.882,191.3683815,8.818,2011,1,1,1,4,1350441.68,378241.34,1367320.01,1040107.2875,1044766.4925
8,2011-01-07,873065.23,0,35.77,2.976,214.7415521,6.262,2011,1,1,1,4,661163.94,1862476.27,241937.11,792754.5275,1066538.8775000002
9,2011-01-07,490981.78,0,41.82,2.976,214.9234729,6.416,2011,1,1,1,4,873065.23,286347.26,1750434.55,843913.1575,1009233.8833333333
10,2011-01-07,1714309.9,0,43.43,3.287,127.1917742,8.744,2011,1,1,1,4,490981.78,1350441.68,382677.76,934880.2124999999,1128066.3433333333
11,2011-01-07,1178905.44,0,54.43,2.976,214.6955104,7.551,2011,1,1,1,4,1714309.9,661163.94,1794868.74,1064315.5875,1153478.905
12,2011-01-07,910110.24,0,37.64,3.287,127.1917742,14.021,2011,1,1,1,4,1178905.44,873065.23,298180.18,1073576.8399999999,1075735.5125
13,2011-01-07,1744544.39,0,16.94,2.891,127.1917742,7.47,2011,1,1,1,4,910110.24,490981.78,1464050.02,1386967.4925,1100719.855
14,2011-01-07,1864746.1,0,34.32,3.193,182.5983058,8.549,2011,1,1,1,4,1744544.39,1714309.9,729572.08,1424576.5425,1109611.1308333334
15,2011-01-07,509640.77,0,30.53,3.351,132.8823226,7.771,2011,1,1,1,4,1864746.1,1178905.44,773586.49,1257260.375,1120561.0833333333
16,2011-01-07,573545.96,0,12.39,2.882,191.3683815,6.614,2011,1,1,1,4,509640.77,910110.24,459770.85,1173119.305,1013150.2241666667
17,2011-01-07,1083071.14,0,6.23,2.891,127.1917742,6.866,2011,1,1,1,4,573545.96,1744544.39,1707298.14,1007750.9925,1079543.8808333331
18,2011-01-07,933960.3,0,30.1,3.193,132.8823226,9.131,2011,1,1,1,4,1083071.14,1864746.1,891736.91,775054.5425,1044837.0991666666
19,2011-01-07,1224175.99,0,31.34,3.351,132.8823226,7.771,2011,1,1,1,4,933960.3,509640.77,1675292.0,953688.3474999999,1091754.77
21,2011-01-07,629152.06,0,44.24,2.976,211.0648881,8.028,2011,1,1,1,4,1224175.99,573545.96,1623716.46,967589.8724999999,1071428.6725
45,2011-01-07,680254.35,0,34.32,3.193,182.5983058,8.549,2011,1,1,1,4,629152.06,1083071.14,543754.17,866885.675,1087201.3866666667
1,2011-01-14,1391013.96,0,35.4,2.983,211.4574109,7.742,2011,1,2,1,4,680254.35,933960.3,575317.38,981149.0900000001,1060260.0583333333
44,2011-01-14,292859.36,0,20.6,2.903,127.3009355,7.224,2011,1,2,1,4,1391013.96,1224175.99,635862.55,748319.9325,986422.8850000001
20,2011-01-14,1884345.01,0,20.39,3.205,204.7026042,7.343,2011,1,2,1,4,292859.36,629152.06,1275146.94,1062118.17,1067609.1158333335
19,2011-01-14,1181204.53,0,21.68,3.367,132.9510645,7.771,2011,1,2,1,4,1884345.01,680254.35,1799737.79,1187355.715,1020664.1275
18,2011-01-14,777175.28,0,22.69,3.215,132.9510645,9.131,2011,1,2,1,4,1181204.53,1391013.96,774262.28,1033896.045,930033.2258333334
17,2011-01-14,758510.36,0,16.57,2.903,127.3009355,6.866,2011,1,2,1,4,777175.28,292859.36,1172003.1,1150308.7950000002,950772.3583333334
16,2011-01-14,470365.59,0,17.46,2.911,191.4784939,6.614,2011,1,2,1,4,758510.36,1884345.01,679156.2,796813.9400000001,942173.9941666666
15,2011-01-14,479424.2,0,19.53,3.367,132.9510645,7.771,2011,1,2,1,4,470365.59,1181204.53,1122034.48,621368.8575,891870.0825
14,2011-01-14,1699095.9,0,24.78,3.205,182.6585782,8.549,2011,1,2,1,4,479424.2,777175.28,558794.63,851849.0125,955631.3825
13,2011-01-14,1682316.31,0,20.6,2.903,127.3009355,7.47,2011,1,2,1,4,1699095.9,758510.36,938149.21,1082800.5,993809.7425
12,2011-01-14,812011.8,0,43.15,3.312,127.3009355,14.021,2011,1,2,1,4,1682316.31,470365.59,1568159.48,1168212.0525,1009048.0541666667
11,2011-01-14,1194449.78,0,45.34,2.983,214.7470729,7.551,2011,1,2,1,4,812011.8,479424.2,1402902.47,1346968.4475,1051897.6733333333
10,2011-01-14,1710803.59,0,49.98,3.312,127.3009355,8.744,2011,1,2,1,4,1194449.78,1699095.9,455952.18,1349895.37,1078546.8091666668
9,2011-01-14,458086.69,0,36.43,2.983,214.9749587,6.416,2011,1,2,1,4,1710803.59,1682316.31,451077.21,1043837.9650000001,1092315.7533333332
8,2011-01-14,809646.66,0,31.62,2.983,214.7930991,6.262,2011,1,2,1,4,458086.69,812011.8,1311986.87,1043246.6800000002,1002757.5575
7,2011-01-14,547384.9,0,11.32,2.911,191.4784939,8.818,2011,1,2,1,4,809646.66,1194449.78,1046416.17,881480.4600000001,949939.255
6,2011-01-14,1306194.55,0,38.37,2.983,212.9655882,6.858,2011,1,2,1,4,547384.9,1710803.59,243948.82,780328.2000000002,994024.1941666668
5,2011-01-14,260636.71,0,37.74,2.983,212.008514,6.634,2011,1,2,1,4,1306194.55,458086.69,900646.94,730965.7050000002,952534.7233333333
4,2011-01-14,1865502.46,0,31.6,2.992,127.3009355,6.51,2011,1,2,1,4,260636.71,809646.66,649289.75,994929.655,1068796.1291666667
3,2011-01-14,381061.1,0,44.76,2.983,214.7470729,7.551,2011,1,2,1,4,1865502.46,547384.9,384659.85,953348.7050000001,1060599.2041666668
45,2011-01-14,654018.95,0,24.78,3.205,182.6585782,8.549,2011,1,2,1,4,381061.1,1306194.55,542464.02,790304.805,973509.4583333334
21,2011-01-14,650789.13,0,34.14,2.983,211.1176713,8.028,2011,1,2,1,4,654018.95,260636.71,386344.54,887842.91,887548.86
22,2011-01-14,807535.52,0,24.76,3.215,136.803477,8.458,2011,1,2,1,4,650789.13,1865502.46,1224475.12,623351.175,887175.8366666668
2,2011-01-14,1744193.58,0,33.02,2.983,211.1176713,8.028,2011,1,2,1,4,807535.52,381061.1,894280.19,964134.295,932987.82
24,2011-01-14,1167740.2,0,22.41,3.367,132.9510645,8.252,2011,1,2,1,4,1744193.58,654018.95,1153596.53,1092564.6075000002,887732.5375
23,2011-01-14,1016756.1,0,18.2,3.215,132.9510645,5.114,2011,1,2,1,4,1167740.2,650789.13,592947.75,1184056.35,934288.3216666667
42,2011-01-14,613899.15,0,49.98,3.312,127.3009355,8.744,2011,1,2,1,4,1016756.1,807535.52,611796.61,1135647.2575,917976.0291666667
41,2011-01-14,1052609.16,0,22.44,2.911,191.4784939,7.241,2011,1,2,1,4,613899.15,1744193.58,1178641.71,962751.1525,960078.0508333333
40,2011-01-14,771315.62,0,18.55,3.215,132.9510645,5.114,2011,1,2,1,4,1052609.16,1167740.2,288320.38,863645.0075000001,915504.8066666666
39,2011-01-14,1193199.39,0,41.74,2.983,210.2379731,8.395,2011,1,2,1,4,771315.62,1016756.1,873954.7,907755.83,993218.3633333333
38,2011-01-14,356138.79,0,43.15,3.312,127.3009355,14.021,2011,1,2,1,4,1193199.39,613899.15,1843030.95,843315.74,867438.0575
37,2011-01-14,525616.9,0,42.87,2.983,210.2379731,8.395,2011,1,2,1,4,356138.79,1052609.16,1444732.28,711567.6749999999,879484.3741666665
36,2011-01-14,410497.73,0,42.87,2.971,210.2379731,8.395,2011,1,2,1,4,525616.9,771315.62,1758050.79,621363.2025,859190.9391666666
35,2011-01-14,687670.78,0,25.7,3.205,136.803477,8.549,2011,1,2,1,4,410497.73,1193199.39,378241.34,494981.05,862264.41
34,2011-01-14,898610.33,0,30.75,2.992,127.3009355,10.398,2011,1,2,1,4,687670.78,356138.79,1862476.27,630598.9349999999,869853.9775
43,2011-01-14,614940.07,0,43.45,2.983,203.4840645,10.398,2011,1,2,1,4,898610.33,525616.9,286347.26,652929.7275,775749.5183333332
32,2011-01-14,1028206.51,0,21.69,2.911,191.4784939,8.818,2011,1,2,1,4,614940.07,410497.73,1350441.68,807356.9225,764121.7108333334
31,2011-01-14,1350730.31,0,34.14,2.983,211.1176713,8.028,2011,1,2,1,4,1028206.51,687670.78,661163.94,973121.805,791952.895
30,2011-01-14,465408.72,0,34.14,2.983,211.1176713,8.028,2011,1,2,1,4,1350730.31,898610.33,873065.23,864821.4025000001,779578.6924999999
29,2011-01-14,426905.26,0,24.76,3.215,132.9510645,10.256,2011,1,2,1,4,465408.72,614940.07,490981.78,817812.7,727436.7008333333
28,2011-01-14,1098286.61,0,43.15,3.312,127.3009355,14.021,2011,1,2,1,4,426905.26,1028206.51,1714309.9,835332.7250000001,754684.2833333333
27,2011-01-14,1532308.62,0,25.7,3.367,136.803477,7.827,2011,1,2,1,4,1098286.61,1350730.31,1178905.44,880727.3025,782943.3858333332
26,2011-01-14,812323.29,0,16.7,3.215,132.9510645,7.907,2011,1,2,1,4,1532308.62,465408.72,910110.24,967455.9450000001,820958.7608333334
25,2011-01-14,572360.83,0,18.3,3.205,204.7026042,7.343,2011,1,2,1,4,812323.29,426905.26,1744544.39,1003819.8375,824854.0883333334
33,2011-01-14,259527.75,0,53.63,3.312,127.3009355,8.951,2011,1,2,1,4,572360.83,1098286.61,1864746.1,794130.1225,812273.2566666667
32,2011-01-21,1078348.91,0,34.54,2.973,191.5731924,8.818,2011,1,3,1,4,259527.75,1532308.62,509640.77,680640.1950000001,844829.7675000001
31,2011-01-21,1344167.13,0,42.72,3.016,211.4864691,8.028,2011,1,3,1,4,1078348.91,812323.29,573545.96,813601.155,881959.5008333334
30,2011-01-21,439132.62,0,42.72,3.016,211.4864691,8.028,2011,1,3,1,4,1344167.13,572360.83,1083071.14,780294.1024999999,867308.88
26,2011-01-21,809833.21,0,12.98,3.232,133.0285161,7.907,2011,1,3,1,4,439132.62,259527.75,933960.3,917870.4674999999,849111.105
28,2011-01-21,1079669.11,0,53.53,3.223,127.4404839,14.021,2011,1,3,1,4,809833.21,1078348.91,1224175.99,918200.5175000001,826522.6716666665
27,2011-01-21,1517029.9,0,30.13,3.391,136.8870657,7.827,2011,1,3,1,4,1079669.11,1344167.13,629152.06,961416.2100000001,914157.77
44,2011-01-21,276157.8,0,34.8,2.934,127.4404839,7.224,2011,1,3,1,4,1517029.9,439132.62,680254.35,920672.505,901595.4816666668
29,2011-01-21,445134.15,0,26.8,3.232,133.0285161,10.256,2011,1,3,1,4,276157.8,809833.21,1391013.96,829497.7400000001,847166.11
33,2011-01-21,244856.44,0,59.46,3.336,127.4404839,8.951,2011,1,3,1,4,445134.15,1079669.11,292859.36,620794.5725000001,739878.4283333333
38,2011-01-21,341098.08,0,53.53,3.223,127.4404839,14.021,2011,1,3,1,4,244856.44,1517029.9,1884345.01,326811.6175000001,700609.6608333333
35,2011-01-21,659902.07,0,30.13,3.229,136.8870657,8.549,2011,1,3,1,4,341098.08,276157.8,1181204.53,422747.6850000001,707904.7641666667
36,2011-01-21,399191.05,0,51.18,2.98,210.6031072,8.395,2011,1,3,1,4,659902.07,445134.15,777175.28,411261.91000000015,719543.3724999999
37,2011-01-21,526486.82,0,51.18,3.016,210.6031072,8.395,2011,1,3,1,4,399191.05,244856.44,758510.36,481669.5050000001,673554.8649999999
39,2011-01-21,1243370.74,0,50.25,3.016,210.6031072,8.395,2011,1,3,1,4,526486.82,341098.08,470365.59,707237.6700000002,665155.1658333334
40,2011-01-21,764014.75,0,14.64,3.232,133.0285161,5.114,2011,1,3,1,4,1243370.74,659902.07,479424.2,733265.8400000001,692228.6766666666
41,2011-01-21,1088025.8,0,32.7,2.973,191.5731924,7.241,2011,1,3,1,4,764014.75,399191.05,1699095.9,905474.5275000001,715411.3925000001
42,2011-01-21,533414.62,0,56.75,3.336,127.4404839,8.744,2011,1,3,1,4,1088025.8,526486.82,1682316.31,907206.4775000002,669890.1849999999
43,2011-01-21,601004.79,0,53.05,3.016,203.8315161,10.398,2011,1,3,1,4,533414.62,1243370.74,812011.8,746614.9900000002,593554.7591666667
25,2011-01-21,568093.57,0,23.21,3.229,205.0460497,7.343,2011,1,3,1,4,601004.79,764014.75,1194449.78,697634.6950000002,617882.74
34,2011-01-21,891025.39,0,39.57,3.017,127.4404839,10.398,2011,1,3,1,4,568093.57,1088025.8,1710803.59,648384.5925000001,655040.3433333334
24,2011-01-21,1107170.39,0,23.69,3.391,133.0285161,8.252,2011,1,3,1,4,891025.39,533414.62,458086.69,791823.535,726899.8391666667
13,2011-01-21,1770177.37,0,34.8,2.934,127.4404839,7.47,2011,1,3,1,4,1107170.39,601004.79,809646.66,1084116.6800000002,845989.7799999999
21,2011-01-21,663941.73,0,42.72,3.016,211.4864691,8.028,2011,1,3,1,4,1770177.37,568093.57,547384.9,1108078.7200000002,846326.4183333333
45,2011-01-21,644285.33,0,30.55,3.229,182.9193368,8.549,2011,1,3,1,4,663941.73,891025.39,1306194.55,1046393.7050000001,866750.9416666668
2,2011-01-21,1751384.9,0,41.4,3.016,211.4864691,8.028,2011,1,3,1,4,644285.33,1107170.39,260636.71,1207447.3325,968825.7816666667
3,2011-01-21,350876.7,0,50.74,3.016,215.1268275,7.551,2011,1,3,1,4,1751384.9,1770177.37,1865502.46,852622.1650000002,894451.2783333333
4,2011-01-21,1886393.94,0,38.34,3.017,127.4404839,6.51,2011,1,3,1,4,350876.7,663941.73,381061.1,1158235.2175,987982.8775
5,2011-01-21,275313.34,0,45.41,3.016,212.3800012,6.634,2011,1,3,1,4,1886393.94,644285.33,654018.95,1065992.22,920256.8391666665
6,2011-01-21,1261253.18,0,46.2,3.016,213.3399647,6.858,2011,1,3,1,4,275313.34,1751384.9,650789.13,943459.29,980910.0525000001
7,2011-01-21,521539.46,0,25.4,2.973,191.5731924,8.818,2011,1,3,1,4,1261253.18,350876.7,807535.52,986124.9800000001,974287.9416666665
8,2011-01-21,822668.23,0,42.06,3.016,215.1729926,6.262,2011,1,3,1,4,521539.46,1886393.94,1744193.58,720193.5525000001,995502.4966666667
9,2011-01-21,454021.69,0,44.72,3.016,215.3554013,6.416,2011,1,3,1,4,822668.23,275313.34,1167740.2,764870.6400000001,959085.5216666666
10,2011-01-21,1677556.18,0,56.75,3.336,127.4404839,8.744,2011,1,3,1,4,454021.69,1261253.18,1016756.1,868946.3900000001,1006617.6708333333
11,2011-01-21,1187776.19,0,51.51,3.016,215.1268275,7.551,2011,1,3,1,4,1677556.18,521539.46,613899.15,1035505.5725,958084.2391666668
12,2011-01-21,802105.5,0,53.53,3.223,127.4404839,14.021,2011,1,3,1,4,1187776.19,822668.23,1052609.16,1030364.8900000001,969597.8866666667
14,2011-01-21,1743188.87,0,30.55,3.229,182.9193368,8.549,2011,1,3,1,4,802105.5,454021.69,771315.62,1352656.685,1061173.1816666666
15,2011-01-21,487311.03,0,21.84,3.391,133.0285161,7.771,2011,1,3,1,4,1743188.87,1677556.18,1193199.39,1055095.3975000002,955833.6924999999
16,2011-01-21,462888.13,0,28.6,2.973,191.5731924,6.614,2011,1,3,1,4,487311.03,1187776.19,356138.79,873873.3825000001,965167.9783333334
17,2011-01-21,755804.37,0,26.62,2.934,127.4404839,6.866,2011,1,3,1,4,462888.13,802105.5,525616.9,862298.1000000001,870952.1808333333
18,2011-01-21,891148.55,0,22.55,3.232,133.0285161,9.131,2011,1,3,1,4,755804.37,1743188.87,410497.73,649288.0200000001,922271.7816666667
19,2011-01-21,1212967.84,0,22.8,3.391,133.0285161,7.771,2011,1,3,1,4,891148.55,487311.03,687670.78,830702.2225000001,918248.0033333333
20,2011-01-21,1781805.66,0,27.43,3.229,205.0460497,7.343,2011,1,3,1,4,1212967.84,462888.13,898610.33,1160431.605,1023270.1866666666
22,2011-01-21,855001.02,0,26.8,3.232,136.8870657,8.458,2011,1,3,1,4,1781805.66,755804.37,614940.07,1185230.7675,1025964.5858333333
1,2011-01-21,1327405.42,0,44.04,3.016,211.8272343,7.742,2011,1,3,1,4,855001.02,891148.55,1028206.51,1294294.985,1098746.5633333332
23,2011-01-21,1110706.06,0,15.58,3.232,133.0285161,5.114,2011,1,3,1,4,1327405.42,1212967.84,1350730.31,1268729.54,1051509.0533333335
2,2011-01-28,1695371.68,0,42.83,3.01,211.8552668,8.028,2011,1,4,1,4,1110706.06,1781805.66,465408.72,1247121.0450000002,1093808.6775
22,2011-01-28,799369.15,0,20.61,3.243,136.9706544,8.458,2011,1,4,1,4,1695371.68,855001.02,426905.26,1233213.0775000001,1093580.6483333332
21,2011-01-28,649878.29,0,44.04,3.01,211.8552668,8.028,2011,1,4,1,4,799369.15,1327405.42,1098286.61,1063831.2950000002,1002471.4333333332
20,2011-01-28,1761506.68,0,23.21,3.237,205.3894952,7.343,2011,1,4,1,4,649878.29,1110706.06,1532308.62,1226531.4500000002,1108654.4041666668
19,2011-01-28,1284185.49,0,20.66,3.402,133.1059677,7.771,2011,1,4,1,4,1761506.68,1695371.68,812323.29,1123734.9025,1177095.8508333333
18,2011-01-28,849540.85,0,14.84,3.243,133.1059677,9.131,2011,1,4,1,4,1284185.49,799369.15,572360.83,1136277.8275000001,1184907.2241666669
17,2011-01-28,736335.69,0,22.16,2.96,127.5800323,6.866,2011,1,4,1,4,849540.85,649878.29,259527.75,1157892.1775,1172006.1525
16,2011-01-28,448391.99,0,20.8,3.008,191.667891,6.614,2011,1,4,1,4,736335.69,1761506.68,1078348.91,829613.5050000001,1108291.4983333333
15,2011-01-28,481119.6,0,19.61,3.402,133.1059677,7.771,2011,1,4,1,4,448391.99,1284185.49,1344167.13,628847.0325000001,999900.9933333333
14,2011-01-28,1613718.38,0,24.05,3.237,183.1800955,8.549,2011,1,4,1,4,481119.6,849540.85,439132.62,819891.415,1063127.44
13,2011-01-28,1633663.12,0,31.64,2.96,127.5800323,7.47,2011,1,4,1,4,1613718.38,736335.69,809833.21,1044223.2725000001,1088648.915
12,2011-01-28,873119.06,0,50.74,3.342,127.5800323,14.021,2011,1,4,1,4,1633663.12,448391.99,1079669.11,1150405.04,1068849.9983333333
11,2011-01-28,1100418.69,0,51.04,3.01,215.5065821,7.551,2011,1,4,1,4,873119.06,481119.6,1517029.9,1305229.8125,1019270.5825
10,2011-01-28,1715769.05,0,53.03,3.231,127.5800323,8.744,2011,1,4,1,4,1100418.69,1613718.38,276157.8,1330742.4800000002,1095637.2408333335
9,2011-01-28,463561.48,0,43.9,3.01,215.7358438,6.416,2011,1,4,1,4,1715769.05,1633663.12,445134.15,1038217.0700000001,1080110.84
8,2011-01-28,782256.66,0,39.26,3.01,215.5528862,6.262,2011,1,4,1,4,463561.48,873119.06,244856.44,1015501.4700000001,998506.6716666665
7,2011-01-28,513372.17,0,10.11,3.008,191.667891,8.818,2011,1,4,1,4,782256.66,1100418.69,341098.08,868739.8400000001,934272.2283333334
6,2011-01-28,1287034.7,0,44.98,3.01,213.7143412,6.858,2011,1,4,1,4,513372.17,1715769.05,659902.07,761556.2525000002,970730.0491666667
5,2011-01-28,279088.39,0,44.5,3.01,212.7514884,6.634,2011,1,4,1,4,1287034.7,463561.48,399191.05,715437.9800000001,932626.1074999999
4,2011-01-28,1814240.85,0,40.6,3.022,127.5800323,6.51,2011,1,4,1,4,279088.39,782256.66,526486.82,973434.0275000001,1046446.8458333332
23,2011-01-28,1083657.61,0,10.91,3.243,133.1059677,5.114,2011,1,4,1,4,1814240.85,513372.17,1243370.74,1116005.3875000002,1096658.3466666667
24,2011-01-28,1126921.34,0,17.91,3.402,133.1059677,8.252,2011,1,4,1,4,1083657.61,1287034.7,764014.75,1075977.0475,1056091.9266666668
3,2011-01-28,364866.24,0,48.71,3.01,215.5065821,7.551,2011,1,4,1,4,1126921.34,279088.39,1088025.8,1097421.5100000002,950358.8533333334
26,2011-01-28,817485.14,0,5.54,3.243,133.1059677,7.907,2011,1,4,1,4,364866.24,1814240.85,533414.62,848232.5825000001,945722.6933333334
25,2011-01-28,600448.69,0,18.92,3.237,205.3894952,7.343,2011,1,4,1,4,817485.14,1083657.61,601004.79,727430.3525000002,904058.5266666667
45,2011-01-28,617207.58,0,24.05,3.237,183.1800955,8.549,2011,1,4,1,4,600448.69,1126921.34,568093.57,600001.9125000001,812511.7374999999
44,2011-01-28,276011.4,0,31.64,2.96,127.5800323,7.224,2011,1,4,1,4,617207.58,364866.24,891025.39,577788.2025000001,796882.5641666668
43,2011-01-28,562558.27,0,44.98,3.01,204.1789677,10.398,2011,1,4,1,4,276011.4,817485.14,1107170.39,514056.4850000001,778574.3650000001
42,2011-01-28,499081.79,0,53.03,3.231,127.5800323,8.744,2011,1,4,1,4,562558.27,600448.69,1770177.37,488714.76000000007,777383.5
41,2011-01-28,1026439.93,0,32.23,3.008,191.667891,7.241,2011,1,4,1,4,499081.79,617207.58,663941.73,591022.8475000001,755667.2691666667
40,2011-01-28,775910.43,0,9.51,3.243,133.1059677,5.114,2011,1,4,1,4,1026439.93,276011.4,644285.33,715997.6050000002,797069.1058333333
39,2011-01-28,1158698.44,0,47.94,3.01,210.9682412,8.395,2011,1,4,1,4,775910.43,562558.27,1751384.9,865032.6475000002,742440.5716666667
38,2011-01-28,357557.16,0,50.74,3.342,127.5800323,14.021,2011,1,4,1,4,1158698.44,499081.79,350876.7,829651.4900000002,681932.2008333333
37,2011-01-28,513672.36,0,48.74,3.01,210.9682412,8.395,2011,1,4,1,4,357557.16,1026439.93,1886393.94,701459.5975000001,630828.1191666666
1,2011-01-28,1316899.31,0,43.83,3.01,212.1970577,7.742,2011,1,4,1,4,513672.36,775910.43,275313.34,836706.8175000001,710164.2083333334
35,2011-01-28,633289.78,0,23.64,3.237,136.9706544,8.549,2011,1,4,1,4,1316899.31,1158698.44,1261253.18,705354.6525000001,694814.5950000001
34,2011-01-28,836717.75,0,34.68,3.022,127.5800323,10.398,2011,1,4,1,4,633289.78,357557.16,521539.46,825144.8,714503.6833333332
33,2011-01-28,231155.9,0,56.62,3.231,127.5800323,8.951,2011,1,4,1,4,836717.75,513672.36,822668.23,754515.6850000002,682332.71
32,2011-01-28,1006814.85,0,34.86,3.008,191.667891,8.818,2011,1,4,1,4,231155.9,1316899.31,454021.69,676994.5700000001,743232.9975
31,2011-01-28,1254955.68,0,44.04,3.01,211.8552668,8.028,2011,1,4,1,4,1006814.85,633289.78,1677556.18,832411.0450000002,800932.7816666666
30,2011-01-28,425989.04,0,44.04,3.01,211.8552668,8.028,2011,1,4,1,4,1254955.68,836717.75,1187776.19,729728.8675,794841.7191666667
29,2011-01-28,410426.97,0,20.61,3.243,133.1059677,10.256,2011,1,4,1,4,425989.04,231155.9,802105.5,774546.6350000001,743507.3058333333
28,2011-01-28,1127859.69,0,50.74,3.342,127.5800323,14.021,2011,1,4,1,4,410426.97,1006814.85,1743188.87,804807.8450000001,772836.4108333333
27,2011-01-28,1421111.55,0,23.64,3.402,136.9706544,7.827,2011,1,4,1,4,1127859.69,1254955.68,487311.03,846346.8125000001,794704.1699999999
36,2011-01-28,372174.12,0,48.74,2.995,210.9682412,8.395,2011,1,4,1,4,1421111.55,425989.04,462888.13,832893.0825000001,795922.25
30,2011-02-04,490970.95,0,36.33,2.989,212.2240646,8.028,2011,2,5,1,4,372174.12,410426.97,755804.37,853029.0775000001,794030.4658333333
29,2011-02-04,504126.89,0,26.39,3.24,133.1834194,10.256,2011,2,5,1,4,490970.95,1127859.69,891148.55,697095.8775000001,726299.4308333333
25,2011-02-04,639830.45,0,23.94,3.231,205.7329407,7.343,2011,2,5,1,4,504126.89,1421111.55,1212967.84,501775.6025000001,726844.4866666667
27,2011-02-04,1628100.79,0,28.7,3.4,137.0542431,7.827,2011,2,5,1,4,639830.45,372174.12,1781805.66,815757.2700000001,792793.0733333332
26,2011-02-04,911807.02,0,11.17,3.24,133.1834194,7.907,2011,2,5,1,4,1628100.79,490970.95,855001.02,920966.2875000001,849514.0
31,2011-02-04,1443206.46,0,36.33,2.989,212.2240646,8.028,2011,2,5,1,4,911807.02,504126.89,1327405.42,1155736.1800000002,885879.9674999999
28,2011-02-04,1564897.32,0,45.14,3.348,127.7195806,14.021,2011,2,5,1,4,1443206.46,639830.45,1110706.06,1387002.8975000002,911708.4375
32,2011-02-04,1070457.8,0,15.47,3.011,191.7625895,8.818,2011,2,5,1,4,1564897.32,1628100.79,1695371.68,1247592.1500000001,965414.1675000001
36,2011-02-04,417521.7,0,46.68,2.98,211.3333753,8.395,2011,2,5,1,4,1070457.8,911807.02,799369.15,1124020.82,966005.395
34,2011-02-04,971932.87,0,23.82,2.996,127.7195806,10.398,2011,2,5,1,4,417521.7,1443206.46,649878.29,1006202.4225000001,953011.4933333335
35,2011-02-04,747577.05,0,28.7,3.231,137.0542431,8.549,2011,2,5,1,4,971932.87,1564897.32,1761506.68,801872.3550000001,896883.6183333333
24,2011-02-04,1225182.04,0,23.83,3.4,133.1834194,8.252,2011,2,5,1,4,747577.05,1070457.8,1284185.49,840553.4150000002,967967.6116666668
37,2011-02-04,583835.18,0,46.68,2.989,211.3333753,8.395,2011,2,5,1,4,1225182.04,417521.7,849540.85,882131.7850000001,975706.2975
38,2011-02-04,402341.76,0,45.14,3.348,127.7195806,14.021,2011,2,5,1,4,583835.18,971932.87,736335.69,739734.0075000001,967224.2033333333
39,2011-02-04,1343773.94,0,45.96,2.989,211.3333753,8.395,2011,2,5,1,4,402341.76,747577.05,448391.99,888783.2300000001,1025886.1608333333
40,2011-02-04,904261.65,0,13.29,3.24,133.1834194,5.114,2011,2,5,1,4,1343773.94,1225182.04,481119.6,808553.1325000001,965566.2325
41,2011-02-04,1179420.5,0,14.56,3.011,191.7625895,7.241,2011,2,5,1,4,904261.65,583835.18,1613718.38,957449.4625,987867.3558333333
42,2011-02-04,586886.16,0,44.88,3.348,127.7195806,8.744,2011,2,5,1,4,1179420.5,402341.76,1633663.12,1003585.5625000001,916507.3308333334
33,2011-02-04,234218.03,0,49.26,3.348,127.7195806,8.951,2011,2,5,1,4,586886.16,1343773.94,873119.06,726196.5850000001,805617.39
23,2011-02-04,1159438.53,0,14.5,3.24,133.1834194,5.114,2011,2,5,1,4,234218.03,904261.65,1100418.69,789990.8050000002,813032.4508333333
18,2011-02-04,1055841.24,0,20.79,3.24,133.1834194,9.131,2011,2,5,1,4,1159438.53,1179420.5,1715769.05,759095.9900000001,866225.7458333332
21,2011-02-04,596218.24,0,36.33,2.989,212.2240646,8.028,2011,2,5,1,4,1055841.24,586886.16,463561.48,761429.01,834916.1933333332
43,2011-02-04,651521.77,0,33.21,2.989,204.5264194,10.398,2011,2,5,1,4,596218.24,234218.03,782256.66,865754.9450000001,826911.5866666668
1,2011-02-04,1606629.58,0,42.27,2.989,212.5668812,7.742,2011,2,5,1,4,651521.77,1159438.53,513372.17,977552.7075,858698.8816666667
2,2011-02-04,1929346.23,0,38.25,2.989,212.2240646,8.028,2011,2,5,1,4,1606629.58,1055841.24,1287034.7,1195928.955,970824.8024999999
3,2011-02-04,438516.53,0,45.95,2.989,215.8863367,7.551,2011,2,5,1,4,1929346.23,596218.24,279088.39,1156503.5275,973839.3666666667
4,2011-02-04,2119086.04,0,34.61,2.996,127.7195806,6.51,2011,2,5,1,4,438516.53,651521.77,1814240.85,1523394.5950000002,1038448.7083333334
5,2011-02-04,329613.2,0,41.67,2.989,213.1229755,6.634,2011,2,5,1,4,2119086.04,1606629.58,1083657.61,1204140.5000000002,990561.3375
6,2011-02-04,1514999.17,0,40.59,2.989,214.0887176,6.858,2011,2,5,1,4,329613.2,1929346.23,1126921.34,1100553.735,1018526.2266666667
7,2011-02-04,558027.77,0,-2.06,3.011,191.7625895,8.818,2011,2,5,1,4,1514999.17,438516.53,364866.24,1130431.5450000002,1016121.3608333333
8,2011-02-04,944594.78,0,24.48,2.989,215.9327797,6.262,2011,2,5,1,4,558027.77,2119086.04,817485.14,836808.7300000001,1075319.4233333333
9,2011-02-04,544612.28,0,31.82,2.989,216.1162864,6.416,2011,2,5,1,4,944594.78,329613.2,600448.69,890558.5,1024083.9025
10,2011-02-04,1968045.91,0,44.88,3.348,127.7195806,8.744,2011,2,5,1,4,544612.28,1514999.17,617207.58,1003820.185,1100100.9583333333
11,2011-02-04,1422546.05,0,47.17,2.989,215.8863367,7.551,2011,2,5,1,4,1968045.91,558027.77,276011.4,1219949.7550000001,1168961.6091666666
13,2011-02-04,1848186.58,0,23.35,2.974,127.7195806,7.47,2011,2,5,1,4,1422546.05,944594.78,562558.27,1445847.705,1268683.6766666665
14,2011-02-04,1995891.87,0,28.73,3.231,183.4408542,8.549,2011,2,5,1,4,1848186.58,544612.28,499081.79,1808667.6025000003,1301122.2008333334
15,2011-02-04,556550.85,0,20.69,3.4,133.1834194,7.771,2011,2,5,1,4,1995891.87,1968045.91,1026439.93,1455793.8375000001,1186722.5858333334
16,2011-02-04,479263.15,0,13.64,3.011,191.7625895,6.614,2011,2,5,1,4,556550.85,1422546.05,775910.43,1219973.1125000003,1190118.1375
17,2011-02-04,816603.05,0,11.29,2.974,127.7195806,6.866,2011,2,5,1,4,479263.15,1848186.58,1158698.44,962077.2300000002,1081577.8883333334
19,2011-02-04,1370562.11,0,21.02,3.4,133.1834194,7.771,2011,2,5,1,4,816603.05,1995891.87,357557.16,805744.7900000002,1168323.6308333334
20,2011-02-04,2351143.07,0,28.58,3.231,205.7329407,7.343,2011,2,5,1,4,1370562.11,556550.85,513672.36,1254392.8450000002,1238002.2891666666
22,2011-02-04,946060.98,0,26.39,3.24,137.0542431,8.458,2011,2,5,1,4,2351143.07,479263.15,1316899.31,1371092.3025,1270338.39
12,2011-02-04,1046068.17,0,45.14,3.348,127.7195806,14.021,2011,2,5,1,4,946060.98,816603.05,633289.78,1428458.5825,1278794.5058333334
44,2011-02-04,293953.08,0,23.35,2.974,127.7195806,7.224,2011,2,5,1,4,1046068.17,1370562.11,836717.75,1159306.3250000002,1257906.2391666665
45,2011-02-04,759442.33,0,28.73,3.231,183.4408542,8.549,2011,2,5,1,4,293953.08,2351143.07,231155.9,761381.1400000001,1157189.2741666667
33,2011-02-11,276198.74,1,53.35,3.381,127.859129,8.951,2011,2,6,1,4,759442.33,946060.98,1006814.85,593915.5800000001,1061660.3316666668
25,2011-02-11,615666.78,1,21.18,3.239,206.0763862,7.343,2011,2,6,1,4,276198.74,1046068.17,1254955.68,486315.23250000016,958950.3483333333
26,2011-02-11,1010711.08,1,15.12,3.255,133.260871,7.907,2011,2,6,1,4,615666.78,293953.08,425989.04,665504.7325000002,876851.9491666666
28,2011-02-11,1397301.38,1,51.3,3.381,127.859129,14.021,2011,2,6,1,4,1010711.08,759442.33,410426.97,824969.4950000001,946914.4933333333
29,2011-02-11,550387.78,1,28.89,3.255,133.260871,10.256,2011,2,6,1,4,1397301.38,276198.74,1127859.69,893516.7550000001,952841.5458333333
30,2011-02-11,470921.24,1,34.61,3.022,212.5928624,8.028,2011,2,6,1,4,550387.78,615666.78,1421111.55,857330.3700000001,924034.7283333334
31,2011-02-11,1539230.32,1,34.61,3.022,212.5928624,8.028,2011,2,6,1,4,470921.24,1010711.08,372174.12,989460.1800000002,938090.4125
32,2011-02-11,1124357.2,1,18.51,3.037,191.8572881,8.818,2011,2,6,1,4,1539230.32,1397301.38,490970.95,921224.1350000001,835858.2566666665
1,2011-02-11,1649614.93,1,36.39,3.022,212.9367046,7.742,2011,2,6,1,4,1124357.2,550387.78,504126.89,1196030.9225,894487.7525000001
34,2011-02-11,1015654.6,1,28.66,3.033,127.859129,10.398,2011,2,6,1,4,1649614.93,470921.24,639830.45,1332214.2625000002,891953.2883333334
35,2011-02-11,859258.17,1,30.45,3.239,137.1378318,8.549,2011,2,6,1,4,1015654.6,1539230.32,1628100.79,1162221.225,939062.0458333334
36,2011-02-11,401501.2,1,41.16,3.009,211.6985093,8.395,2011,2,6,1,4,859258.17,1124357.2,911807.02,981507.2250000001,909233.6183333333
37,2011-02-11,522514.32,1,41.16,3.022,211.6985093,8.395,2011,2,6,1,4,401501.2,1649614.93,1443206.46,699732.0725000002,929759.9166666666
38,2011-02-11,377672.46,1,51.3,3.381,127.859129,14.021,2011,2,6,1,4,522514.32,1015654.6,1564897.32,540236.5375000002,909927.0566666666
39,2011-02-11,1227893.89,1,40.34,3.022,211.6985093,8.395,2011,2,6,1,4,377672.46,859258.17,1070457.8,632395.4675,928025.6241666666
40,2011-02-11,931939.52,1,16.87,3.255,133.260871,5.114,2011,2,6,1,4,1227893.89,401501.2,417521.7,765005.0475000001,889245.4691666666
41,2011-02-11,1150003.36,1,16.81,3.037,191.8572881,7.241,2011,2,6,1,4,931939.52,522514.32,971932.87,921877.3075000001,939213.4341666667
42,2011-02-11,628063.88,1,51.51,3.381,127.859129,8.744,2011,2,6,1,4,1150003.36,377672.46,747577.05,984475.1625000001,952308.6541666667
43,2011-02-11,635650.98,1,40.65,3.022,204.873871,10.398,2011,2,6,1,4,628063.88,1227893.89,1225182.04,836414.4350000002,877010.3758333334
44,2011-02-11,307486.73,1,30.83,3.034,127.859129,7.224,2011,2,6,1,4,635650.98,931939.52,583835.18,680301.2375000002,808937.8366666666
24,2011-02-11,1341240.62,1,26.51,3.416,133.260871,8.252,2011,2,6,1,4,307486.73,1150003.36,402341.76,728110.5525000001,783239.9775
45,2011-02-11,766456.0,1,30.3,3.239,183.7016129,8.549,2011,2,6,1,4,1341240.62,628063.88,1343773.94,762708.5825000001,762473.4274999999
27,2011-02-11,1636224.77,1,30.45,3.416,137.1378318,7.827,2011,2,6,1,4,766456.0,635650.98,904261.65,1012852.0300000001,827220.6441666667
22,2011-02-11,1009206.33,1,28.89,3.255,137.1378318,8.458,2011,2,6,1,4,1636224.77,307486.73,1179420.5,1188281.9300000002,877862.7383333334
2,2011-02-11,2168041.61,1,33.19,3.022,212.5928624,8.028,2011,2,6,1,4,1009206.33,1341240.62,586886.16,1394982.1775000002,1014990.0125000001
3,2011-02-11,430526.21,1,43.57,3.022,216.2660913,7.551,2011,2,6,1,4,2168041.61,766456.0,234218.03,1310999.7300000002,1019394.4916666667
4,2011-02-11,2187847.29,1,33.29,3.033,127.859129,6.51,2011,2,6,1,4,430526.21,1636224.77,1159438.53,1448905.36,1099390.6083333334
5,2011-02-11,311590.54,1,38.25,3.022,213.4944627,6.634,2011,2,6,1,4,2187847.29,1009206.33,1055841.24,1274501.4125,1047694.86
6,2011-02-11,1486920.17,1,39.38,3.022,214.4630941,6.858,2011,2,6,1,4,311590.54,2168041.61,596218.24,1104221.0525000002,1075771.2608333332
7,2011-02-11,559903.13,1,10.24,3.037,191.8572881,8.818,2011,2,6,1,4,1486920.17,430526.21,651521.77,1136565.2825000002,1070091.1983333335
23,2011-02-11,1249786.4,1,21.52,3.255,133.260871,5.114,2011,2,6,1,4,559903.13,2187847.29,1606629.58,902050.06,1121269.1500000001
9,2011-02-11,555279.02,1,34.13,3.022,216.496729,6.416,2011,2,6,1,4,1249786.4,311590.54,1929346.23,962972.18,1141918.5075
10,2011-02-11,2115408.31,1,51.51,3.381,127.859129,8.744,2011,2,6,1,4,555279.02,1486920.17,438516.53,1120094.215,1206432.4816666667
11,2011-02-11,1419236.9,1,44.61,3.022,216.2660913,7.551,2011,2,6,1,4,2115408.31,559903.13,2119086.04,1334927.6575000002,1260830.89
8,2011-02-11,996147.39,1,28.26,3.022,216.3126733,6.262,2011,2,6,1,4,1419236.9,1249786.4,329613.2,1271517.905,1207491.1083333332
13,2011-02-11,1944438.9,1,30.83,3.034,127.859129,7.47,2011,2,6,1,4,996147.39,555279.02,1514999.17,1618807.875,1285427.1558333333
12,2011-02-11,1086421.57,1,51.3,3.381,127.859129,14.021,2011,2,6,1,4,1944438.9,2115408.31,558027.77,1361561.1900000002,1195292.1525
20,2011-02-11,2211388.14,1,25.38,3.239,206.0763862,7.343,2011,2,6,1,4,1086421.57,1419236.9,944594.78,1559599.0,1343697.3133333332
19,2011-02-11,1430851.11,1,21.79,3.416,133.260871,7.771,2011,2,6,1,4,2211388.14,996147.39,544612.28,1668274.9300000002,1280614.2983333333
18,2011-02-11,1122053.58,1,24.3,3.255,133.260871,9.131,2011,2,6,1,4,1430851.11,1944438.9,1968045.91,1462678.6,1348152.885
21,2011-02-11,771908.51,1,34.61,3.022,212.5928624,8.028,2011,2,6,1,4,1122053.58,1086421.57,1422546.05,1384050.335,1288568.5799999998
16,2011-02-11,466806.89,1,15.02,3.037,191.8572881,6.614,2011,2,6,1,4,771908.51,2211388.14,1848186.58,947905.0225000002,1280810.56
15,2011-02-11,582864.35,1,21.64,3.416,133.260871,7.771,2011,2,6,1,4,466806.89,1430851.11,1995891.87,735908.3325,1225233.7225
14,2011-02-11,1980405.03,1,30.3,3.239,183.7016129,8.549,2011,2,6,1,4,582864.35,1122053.58,556550.85,950496.1950000001,1343994.2233333334
17,2011-02-11,813211.46,1,14.19,3.034,127.859129,6.866,2011,2,6,1,4,1980405.03,771908.51,479263.15,960821.9325000001,1235477.8191666666
12,2011-02-18,1128485.1,0,53.35,3.43,127.99525,14.021,2011,2,7,1,4,813211.46,466806.89,816603.05,1126241.485,1211248.5025
19,2011-02-18,1457270.16,0,34.74,3.42,133.3701429,7.771,2011,2,7,1,4,1128485.1,582864.35,1370562.11,1344842.9375,1249675.4000000001
18,2011-02-18,1095058.57,0,31.59,3.263,133.3701429,9.131,2011,2,7,1,4,1457270.16,1980405.03,2351143.07,1123506.3225,1178893.7058333333
17,2011-02-18,860962.91,0,26.86,3.062,127.99525,6.866,2011,2,7,1,4,1095058.57,813211.46,946060.98,1135444.185,1160105.4841666666
16,2011-02-18,491179.79,0,27.18,3.051,191.9178331,6.614,2011,2,7,1,4,860962.91,1128485.1,1046068.17,976117.8575000002,1016754.7883333334
15,2011-02-18,649993.5,0,33.06,3.42,133.3701429,7.771,2011,2,7,1,4,491179.79,1457270.16,293953.08,774298.6925000001,951683.3208333333
14,2011-02-18,2019031.67,0,40.7,3.245,183.9371353,8.549,2011,2,7,1,4,649993.5,1095058.57,759442.33,1005291.9675,1026431.495
13,2011-02-18,2003480.59,0,40.85,3.062,127.99525,7.47,2011,2,7,1,4,2019031.67,860962.91,276198.74,1290921.3875000002,1129062.5016666667
11,2011-02-18,1554747.15,0,61.5,3.045,216.5843571,7.551,2011,2,7,1,4,2003480.59,491179.79,615666.78,1556813.2275,1219724.19
42,2011-02-18,556485.1,0,61.77,3.43,127.99525,8.744,2011,2,7,1,4,1554747.15,649993.5,1010711.08,1533436.1275,1217525.9191666667
9,2011-02-18,610985.56,0,58.5,3.045,216.8154856,6.416,2011,2,7,1,4,556485.1,2019031.67,1397301.38,1181424.6,1103407.6300000001
8,2011-02-18,1065108.64,0,50.64,3.045,216.6310383,6.262,2011,2,7,1,4,610985.56,2003480.59,550387.78,946831.6125,1124399.0616666665
7,2011-02-18,572387.47,0,17.3,3.051,191.9178331,8.818,2011,2,7,1,4,1065108.64,1554747.15,470921.24,701241.6925000001,1078057.5925
6,2011-02-18,1572117.54,0,59.61,3.045,214.7775231,6.858,2011,2,7,1,4,572387.47,556485.1,1539230.32,955149.8025,1087628.2075
5,2011-02-18,356622.61,0,58.83,3.045,213.8068304,6.634,2011,2,7,1,4,1572117.54,610985.56,1124357.2,891559.0650000001,1026091.8775
4,2011-02-18,2316495.56,0,48.17,3.058,127.99525,6.51,2011,2,7,1,4,356622.61,1065108.64,1649614.93,1204405.7950000002,1147386.265
3,2011-02-18,432782.1,0,61.58,3.045,216.5843571,7.551,2011,2,7,1,4,2316495.56,572387.47,1015654.6,1169504.4525000001,1142519.7908333333
2,2011-02-18,2080884.82,0,57.83,3.045,212.9033115,8.028,2011,2,7,1,4,432782.1,1572117.54,859258.17,1296696.2725000002,1261760.7341666666
1,2011-02-18,1686842.78,0,57.36,3.045,213.2478853,7.742,2011,2,7,1,4,2080884.82,356622.61,401501.2,1629251.3150000002,1234078.3266666667
10,2011-02-18,2106934.55,0,61.77,3.43,127.99525,8.744,2011,2,7,1,4,1686842.78,2316495.56,522514.32,1576861.0625000002,1242699.49
20,2011-02-18,2258616.24,0,42.95,3.245,206.3694701,7.343,2011,2,7,1,4,2106934.55,432782.1,377672.46,2033319.5975000001,1301355.2474999998
45,2011-02-18,802253.41,0,40.7,3.245,183.9371353,8.549,2011,2,7,1,4,2258616.24,2080884.82,1227893.89,1713661.745,1321835.94
22,2011-02-18,975964.86,0,35.34,3.263,137.2511849,8.458,2011,2,7,1,4,802253.41,1686842.78,931939.52,1535942.2650000001,1352250.8816666666
43,2011-02-18,626627.77,0,59.15,3.045,205.1683214,10.398,2011,2,7,1,4,975964.86,2106934.55,1150003.36,1165865.5700000003,1315710.8091666668
41,2011-02-18,1203399.64,0,39.39,3.051,191.9178331,7.241,2011,2,7,1,4,626627.77,2258616.24,628063.88,902061.4200000002,1368295.1566666667
40,2011-02-18,968694.45,0,21.82,3.263,133.3701429,5.114,2011,2,7,1,4,1203399.64,802253.41,635650.98,943671.6800000002,1318009.8991666667
39,2011-02-18,1335233.74,0,58.2,3.045,212.0063522,8.395,2011,2,7,1,4,968694.45,975964.86,307486.73,1033488.9000000001,1399560.8266666664
38,2011-02-18,364606.7,0,53.35,3.43,127.99525,14.021,2011,2,7,1,4,1335233.74,626627.77,1341240.62,967983.6325000002,1236903.4216666666
37,2011-02-18,536840.69,0,57.48,3.045,212.0063522,8.395,2011,2,7,1,4,364606.7,1203399.64,766456.0,801343.8950000001,1245574.9708333332
36,2011-02-18,427175.03,0,57.48,3.017,212.0063522,8.395,2011,2,7,1,4,536840.69,968694.45,1636224.77,665964.0400000003,1107765.8216666665
35,2011-02-18,865305.88,0,39.32,3.245,137.2511849,8.549,2011,2,7,1,4,427175.03,1335233.74,1009206.33,548482.0750000002,1039304.4133333332
34,2011-02-18,1062629.3,0,45.12,3.058,127.99525,10.398,2011,2,7,1,4,865305.88,364606.7,2168041.61,722987.7250000003,952278.9758333334
21,2011-02-18,884701.92,0,59.87,3.045,212.9033115,8.028,2011,2,7,1,4,1062629.3,536840.69,430526.21,809953.0325000003,837786.1158333332
33,2011-02-18,252349.6,0,62.03,3.43,127.99525,8.951,2011,2,7,1,4,884701.92,427175.03,2187847.29,766246.6750000004,791960.7983333333
31,2011-02-18,1539063.91,0,59.87,3.045,212.9033115,8.028,2011,2,7,1,4,252349.6,865305.88,311590.54,934686.1825000002,838885.7191666666
30,2011-02-18,417070.51,0,59.87,3.045,212.9033115,8.028,2011,2,7,1,4,1539063.91,1062629.3,1486920.17,773296.4850000003,821422.6141666666
29,2011-02-18,542529.21,0,35.34,3.263,133.3701429,10.256,2011,2,7,1,4,417070.51,884701.92,559903.13,687753.3075000003,766350.0783333333
28,2011-02-18,1514828.82,0,53.35,3.43,127.99525,14.021,2011,2,7,1,4,542529.21,252349.6,1249786.4,1003373.1125000003,811861.2758333334
27,2011-02-18,1709365.19,0,39.32,3.42,137.2511849,7.827,2011,2,7,1,4,1514828.82,1539063.91,555279.02,1045948.4325000002,843038.8966666666
26,2011-02-18,981978.02,0,19.63,3.263,133.3701429,7.907,2011,2,7,1,4,1709365.19,417070.51,2115408.31,1187175.3100000003,894486.5066666667
25,2011-02-18,634637.03,0,38.42,3.245,206.3694701,7.343,2011,2,7,1,4,981978.02,542529.21,1419236.9,1210202.2650000004,902636.2016666668
24,2011-02-18,1360150.12,0,34.04,3.42,133.3701429,8.252,2011,2,7,1,4,634637.03,1514828.82,996147.39,1171532.5900000003,980384.1258333334
23,2011-02-18,1369971.57,0,26.6,3.263,133.3701429,5.114,2011,2,7,1,4,1360150.12,1709365.19,1944438.9,1086684.1850000005,1022439.6000000001
32,2011-02-18,1183528.58,0,42.09,3.051,191.9178331,8.818,2011,2,7,1,4,1369971.57,981978.02,1086421.57,1137071.8250000002,1032514.54
44,2011-02-18,280785.76,0,40.85,3.062,127.99525,7.224,2011,2,7,1,4,1183528.58,634637.03,2211388.14,1048609.0075000003,982188.1933333334
44,2011-02-25,279427.93,0,33.17,3.12,128.13,7.224,2011,2,8,1,4,280785.76,1360150.12,1430851.11,778428.4600000003,984444.7208333333
1,2011-02-25,1456800.28,0,62.9,3.065,213.535609,7.742,2011,2,8,1,4,279427.93,1369971.57,1122053.58,800135.6375000003,977589.4183333333
20,2011-02-25,1938608.52,0,33.2,3.274,206.6424093,7.343,2011,2,8,1,4,1456800.28,1183528.58,771908.51,988905.6225000003,1104384.2525000002
19,2011-02-25,1296658.47,0,23.24,3.452,133.4921429,7.771,2011,2,8,1,4,1938608.52,280785.76,466806.89,1242873.8000000003,1167228.3575
18,2011-02-25,1005983.31,0,26.15,3.281,133.4921429,9.131,2011,2,8,1,4,1296658.47,279427.93,582864.35,1424512.6450000003,1124824.565
17,2011-02-25,767256.53,0,24.36,3.12,128.13,6.866,2011,2,8,1,4,1005983.31,1456800.28,1980405.03,1252126.7075000005,1046315.5100000001
16,2011-02-25,475201.64,0,26.15,3.101,191.9647167,6.614,2011,2,8,1,4,767256.53,1938608.52,813211.46,886274.9875000003,1004084.145
15,2011-02-25,547564.09,0,20.87,3.452,133.4921429,7.771,2011,2,8,1,4,475201.64,1296658.47,1128485.1,699001.3925000003,996828.0666666668
14,2011-02-25,1875708.88,0,35.78,3.274,184.1625632,8.549,2011,2,8,1,4,547564.09,1005983.31,1457270.16,916432.7850000003,1039791.2966666667
13,2011-02-25,1831933.95,0,33.17,3.12,128.13,7.47,2011,2,8,1,4,1875708.88,767256.53,1095058.57,1182602.1400000004,1078288.1616666666
21,2011-02-25,768313.85,0,61.27,3.065,213.190421,8.028,2011,2,8,1,4,1831933.95,475201.64,860962.91,1255880.1925000001,1043686.9341666666
12,2011-02-25,1046203.72,0,48.45,3.53,128.13,14.021,2011,2,8,1,4,768313.85,547564.09,491179.79,1380540.1,1107471.7641666667
10,2011-02-25,1967996.71,0,53.59,3.398,128.13,8.744,2011,2,8,1,4,1046203.72,1875708.88,649993.5,1403612.0575,1248185.8291666666
9,2011-02-25,513107.2,0,59.01,3.065,217.1095679,6.416,2011,2,8,1,4,1967996.71,1831933.95,2019031.67,1073905.3700000003,1169544.7391666665
8,2011-02-25,917317.15,0,51.29,3.065,216.9247918,6.262,2011,2,8,1,4,513107.2,768313.85,2003480.59,1111156.1950000003,1084437.125
7,2011-02-25,546690.84,0,17.46,3.101,191.9647167,8.818,2011,2,8,1,4,917317.15,1046203.72,1554747.15,986277.9750000003,1021939.8225000001
6,2011-02-25,1422600.43,0,62.86,3.065,215.0679731,6.858,2011,2,8,1,4,546690.84,1967996.71,556485.1,849928.9050000004,1056657.9158333333
5,2011-02-25,294659.5,0,63.35,3.065,214.0955503,6.634,2011,2,8,1,4,1422600.43,513107.2,610985.56,795316.9800000003,1017274.8300000001
4,2011-02-25,2078094.69,0,49.0,3.087,128.13,6.51,2011,2,8,1,4,294659.5,917317.15,1065108.64,1085511.3650000002,1150849.2508333332
3,2011-02-25,397211.19,0,67.4,3.065,216.8780275,7.551,2011,2,8,1,4,2078094.69,546690.84,572387.47,1048141.4525000004,1138319.8425
11,2011-02-25,1323999.36,0,68.74,3.065,216.8780275,7.551,2011,2,8,1,4,397211.19,1422600.43,1572117.54,1023491.1850000003,1092344.0491666666
22,2011-02-25,911245.43,0,30.23,3.281,137.3764439,8.458,2011,2,8,1,4,1323999.36,294659.5,356622.61,1177637.6675000004,1015620.0058333334
23,2011-02-25,1206917.2,0,17.0,3.281,133.4921429,5.114,2011,2,8,1,4,911245.43,2078094.69,2316495.56,959843.2950000004,1052170.2850000001
24,2011-02-25,1235121.33,0,26.09,3.452,133.4921429,8.252,2011,2,8,1,4,1206917.2,397211.19,432782.1,1169320.8300000005,1067913.4191666667
43,2011-02-25,592340.01,0,58.37,3.065,205.4415714,10.398,2011,2,8,1,4,1235121.33,1323999.36,2080884.82,986405.9925000004,953275.3608333333
42,2011-02-25,526904.08,0,53.59,3.398,128.13,8.744,2011,2,8,1,4,592340.01,911245.43,1686842.78,890320.6550000004,954425.1008333334
41,2011-02-25,1099714.93,0,26.1,3.101,191.9647167,7.241,2011,2,8,1,4,526904.08,1206917.2,2106934.55,863520.0875000004,969624.9158333334
40,2011-02-25,888869.27,0,16.5,3.281,133.4921429,5.114,2011,2,8,1,4,1099714.93,1235121.33,2258616.24,776957.0725000004,998139.785
39,2011-02-25,1240921.19,0,67.77,3.065,212.2912786,8.395,2011,2,8,1,4,888869.27,592340.01,802253.41,939102.3675000003,982999.8483333333
38,2011-02-25,354232.34,0,48.45,3.53,128.13,14.021,2011,2,8,1,4,1240921.19,526904.08,975964.86,895934.4325000003,987964.2516666666
37,2011-02-25,514758.19,0,67.73,3.065,212.2912786,8.395,2011,2,8,1,4,354232.34,1099714.93,626627.77,749695.2475000003,857686.2100000001
36,2011-02-25,380279.44,0,67.73,3.053,212.2912786,8.395,2011,2,8,1,4,514758.19,888869.27,1203399.64,622547.7900000004,856275.2308333333
35,2011-02-25,841129.26,0,33.05,3.274,137.3764439,8.549,2011,2,8,1,4,380279.44,1240921.19,968694.45,522599.80750000034,816036.0558333333
34,2011-02-25,953331.45,0,44.57,3.087,128.13,10.398,2011,2,8,1,4,841129.26,354232.34,1335233.74,672374.5850000003,819543.2241666666
33,2011-02-25,242901.21,0,54.89,3.398,128.13,8.951,2011,2,8,1,4,953331.45,514758.19,364606.7,604410.3400000003,739208.5583333332
32,2011-02-25,1054754.67,0,33.0,3.101,191.9647167,8.818,2011,2,8,1,4,242901.21,380279.44,536840.69,773029.1475000003,724178.0033333333
31,2011-02-25,1365678.22,0,61.27,3.065,213.190421,8.028,2011,2,8,1,4,1054754.67,841129.26,427175.03,904166.3875000002,788622.8541666666
30,2011-02-25,432687.97,0,61.27,3.065,213.190421,8.028,2011,2,8,1,4,1365678.22,953331.45,865305.88,774005.5175000003,780771.5116666667
29,2011-02-25,483660.15,0,30.23,3.281,133.4921429,10.256,2011,2,8,1,4,432687.97,242901.21,1062629.3,834195.2525000003,729433.6133333333
28,2011-02-25,1311796.91,0,48.45,3.53,128.13,14.021,2011,2,8,1,4,483660.15,1054754.67,884701.92,898455.8125000003,764677.5833333334
27,2011-02-25,1688935.71,0,33.05,3.452,137.3764439,7.827,2011,2,8,1,4,1311796.91,1365678.22,252349.6,979270.1850000003,802012.1266666666
26,2011-02-25,910298.44,0,16.3,3.281,133.4921429,7.907,2011,2,8,1,4,1688935.71,432687.97,1539063.91,1098672.8025000002,848350.9683333334
25,2011-02-25,570816.34,0,28.36,3.274,206.6424093,7.343,2011,2,8,1,4,910298.44,483660.15,417070.51,1120461.8500000003,853022.4808333333
2,2011-02-25,1833511.08,0,60.8,3.065,213.190421,8.028,2011,2,8,1,4,570816.34,1311796.91,542529.21,1250890.3925000003,974125.1175
45,2011-02-25,733716.78,0,35.78,3.274,184.1625632,8.549,2011,2,8,1,4,1833511.08,1688935.71,1514828.82,1012085.6600000004,965174.0775
45,2011-03-04,761880.36,0,38.65,3.433,184.3879911,8.549,2011,3,9,1,4,733716.78,910298.44,1709365.19,974981.1400000004,949219.82
2,2011-03-04,1981607.78,0,57.77,3.288,213.4775305,8.028,2011,3,9,1,4,761880.36,570816.34,981978.02,1327679.0000000005,1094112.0341666667
27,2011-03-04,1656130.67,0,36.99,3.605,137.5017028,7.827,2011,3,9,1,4,1981607.78,1833511.08,634637.03,1283333.8975000004,1144226.7008333334
28,2011-03-04,1723736.91,0,51.72,3.674,128.26475,14.021,2011,3,9,1,4,1656130.67,733716.78,1360150.12,1530838.9300000002,1174064.925
29,2011-03-04,536031.67,0,33.52,3.437,133.6141429,10.256,2011,3,9,1,4,1723736.91,761880.36,1369971.57,1474376.7575000003,1182676.9
30,2011-03-04,443334.71,0,59.52,3.288,213.4775305,8.028,2011,3,9,1,4,536031.67,1981607.78,1183528.58,1089808.4900000002,1179316.4466666665
31,2011-03-04,1412721.18,0,59.52,3.288,213.4775305,8.028,2011,3,9,1,4,443334.71,1656130.67,280785.76,1028956.1175000004,1187726.8025
32,2011-03-04,1106847.62,0,39.17,3.232,192.0116004,8.818,2011,3,9,1,4,1412721.18,1723736.91,279427.93,874733.7950000004,1139219.4616666667
33,2011-03-04,245435.8,0,59.51,3.674,128.26475,8.951,2011,3,9,1,4,1106847.62,536031.67,1456800.28,802084.8275000004,1083814.2416666667
34,2011-03-04,963910.81,0,46.21,3.305,128.26475,10.398,2011,3,9,1,4,245435.8,443334.71,1938608.52,932228.8525000004,1116572.1141666665
26,2011-03-04,945643.17,0,14.31,3.437,133.6141429,7.907,2011,3,9,1,4,963910.81,1412721.18,1296658.47,815459.3500000003,1042583.1216666666
35,2011-03-04,850448.54,0,36.99,3.433,137.5017028,8.549,2011,3,9,1,4,945643.17,1106847.62,1005983.31,751359.5800000003,1052310.7683333333
37,2011-03-04,527572.25,0,64.55,3.288,212.576205,8.395,2011,3,9,1,4,850448.54,245435.8,767256.53,821893.6925000004,1032785.0925000001
38,2011-03-04,405429.43,0,51.72,3.674,128.26475,14.021,2011,3,9,1,4,527572.25,963910.81,475201.64,682273.3475000004,901436.8966666668
39,2011-03-04,1316385.43,0,63.56,3.288,212.576205,8.395,2011,3,9,1,4,405429.43,945643.17,547564.09,774958.9125000003,873124.7933333333
40,2011-03-04,977070.62,0,18.49,3.437,133.6141429,5.114,2011,3,9,1,4,1316385.43,850448.54,1875708.88,806614.4325000003,810902.6025
41,2011-03-04,1229257.7,0,34.99,3.232,192.0116004,7.241,2011,3,9,1,4,977070.62,527572.25,1831933.95,982035.7950000004,868671.4383333335
42,2011-03-04,570879.04,0,56.96,3.674,128.26475,8.744,2011,3,9,1,4,1229257.7,405429.43,768313.85,1023398.1975000004,879300.1325
43,2011-03-04,616345.25,0,60.26,3.288,205.7148214,10.398,2011,3,9,1,4,570879.04,1316385.43,1046203.72,848388.1525000003,812935.4716666667
44,2011-03-04,293984.54,0,34.23,3.23,128.26475,7.224,2011,3,9,1,4,616345.25,977070.62,1967996.71,677616.6325000004,745196.8816666667
36,2011-03-04,402579.84,0,64.55,3.282,212.576205,8.395,2011,3,9,1,4,293984.54,1229257.7,513107.2,470947.16750000033,758292.2183333334
25,2011-03-04,640912.18,0,31.59,3.433,206.9153485,7.343,2011,3,9,1,4,402579.84,570879.04,917317.15,488455.45250000036,731375.6658333334
24,2011-03-04,1346994.53,0,31.36,3.605,133.6141429,8.252,2011,3,9,1,4,640912.18,616345.25,546690.84,671117.7725000004,764821.6124999999
22,2011-03-04,997353.15,0,33.52,3.437,137.5017028,8.458,2011,3,9,1,4,1346994.53,293984.54,1422600.43,846959.9250000004,777063.6633333334
3,2011-03-04,437084.51,0,65.11,3.288,217.1716979,7.551,2011,3,9,1,4,997353.15,402579.84,294659.5,855586.0925000004,769523.0183333334
4,2011-03-04,2103455.75,0,46.56,3.305,128.26475,6.51,2011,3,9,1,4,437084.51,640912.18,2078094.69,1221221.9850000003,911025.2116666668
5,2011-03-04,329033.66,0,60.35,3.288,214.3842702,6.634,2011,3,9,1,4,2103455.75,1346994.53,397211.19,966731.7675000003,828745.8975000001
6,2011-03-04,1502617.99,0,60.45,3.288,215.3584231,6.858,2011,3,9,1,4,329033.66,997353.15,1323999.36,1093047.9775000003,872541.5116666667
7,2011-03-04,551378.39,0,21.84,3.232,192.0116004,8.818,2011,3,9,1,4,1502617.99,437084.51,911245.43,1121621.4475000002,816051.5691666667
8,2011-03-04,935266.43,0,53.18,3.288,217.2185454,6.262,2011,3,9,1,4,551378.39,2103455.75,1206917.2,829574.1175000004,846417.1849999999
9,2011-03-04,542016.18,0,60.67,3.288,217.4036503,6.416,2011,3,9,1,4,935266.43,329033.66,1235121.33,882819.7475000003,840223.0958333333
10,2011-03-04,1958003.19,0,56.96,3.674,128.26475,8.744,2011,3,9,1,4,542016.18,1502617.99,592340.01,996666.0475000003,978891.3166666668
11,2011-03-04,1399456.99,0,66.5,3.288,217.1716979,7.551,2011,3,9,1,4,1958003.19,551378.39,526904.08,1208685.6975000002,1061964.4125
12,2011-03-04,1085248.21,0,51.72,3.674,128.26475,14.021,2011,3,9,1,4,1399456.99,935266.43,1099714.93,1246181.1425000003,1098992.4149999998
13,2011-03-04,1894960.68,0,34.23,3.23,128.26475,7.47,2011,3,9,1,4,1085248.21,542016.18,888869.27,1584417.2675,1144656.2608333332
14,2011-03-04,2041215.61,0,38.65,3.433,184.3879911,8.549,2011,3,9,1,4,1894960.68,1958003.19,1240921.19,1605220.3725000003,1231644.7991666666
15,2011-03-04,573374.49,0,28.16,3.605,133.6141429,7.771,2011,3,9,1,4,2041215.61,1399456.99,354232.34,1398699.7475000003,1243002.2975
16,2011-03-04,484829.07,0,31.77,3.232,192.0116004,6.614,2011,3,9,1,4,573374.49,1085248.21,514758.19,1248594.9625000004,1108116.7408333332
17,2011-03-04,816138.33,0,24.21,3.23,128.26475,6.866,2011,3,9,1,4,484829.07,1894960.68,380279.44,978889.3750000003,1148708.7966666666
18,2011-03-04,1063310.62,0,28.49,3.437,133.6141429,9.131,2011,3,9,1,4,816138.33,2041215.61,841129.26,734413.1275000004,1112099.8491666669
19,2011-03-04,1433569.44,0,29.28,3.605,133.6141429,7.771,2011,3,9,1,4,1063310.62,573374.49,953331.45,949461.8650000002,1185615.77
20,2011-03-04,2143424.61,0,37.33,3.433,206.9153485,7.343,2011,3,9,1,4,1433569.44,484829.07,242901.21,1364110.7500000005,1286295.6183333334
21,2011-03-04,796277.72,0,59.52,3.288,213.4775305,8.028,2011,3,9,1,4,2143424.61,816138.33,1054754.67,1359145.5975000004,1307484.0799999998
1,2011-03-04,1636263.41,0,59.58,3.288,213.8233327,7.742,2011,3,9,1,4,796277.72,1063310.62,1365678.22,1502383.7950000004,1280672.4316666666
23,2011-03-04,1301185.28,0,20.67,3.437,133.6141429,5.114,2011,3,9,1,4,1636263.41,1433569.44,432687.97,1469287.7550000004,1272483.1224999998
1,2011-03-11,1553191.63,0,53.56,3.459,214.1110564,7.742,2011,3,10,1,4,1301185.28,2143424.61,483660.15,1321729.5100000002,1311478.4075
45,2011-03-11,714014.73,0,45.01,3.582,184.613419,8.549,2011,3,10,1,4,1553191.63,796277.72,1311796.91,1301163.7625000004,1213066.2449999999
20,2011-03-11,1990932.77,0,39.53,3.582,207.1882876,7.343,2011,3,10,1,4,714014.73,1636263.41,1688935.71,1389831.1025000003,1208876.0083333333
19,2011-03-11,1351450.43,0,35.59,3.752,133.7361429,7.771,2011,3,10,1,4,1990932.77,1301185.28,910298.44,1402397.3900000001,1273715.67
18,2011-03-11,1002714.25,0,38.4,3.6,133.7361429,9.131,2011,3,10,1,4,1351450.43,1553191.63,570816.34,1264778.0450000004,1316872.7683333333
17,2011-03-11,779602.36,0,32.42,3.346,128.3995,6.866,2011,3,10,1,4,1002714.25,714014.73,1833511.08,1281174.9525000004,1313828.1041666667
16,2011-03-11,457504.35,0,29.36,3.372,192.058484,6.614,2011,3,10,1,4,779602.36,1990932.77,733716.78,897817.8475000003,1263344.2483333333
15,2011-03-11,537035.28,0,34.27,3.752,133.7361429,7.771,2011,3,10,1,4,457504.35,1351450.43,761880.36,694214.0600000003,1188633.0683333334
14,2011-03-11,1931104.67,0,45.01,3.582,184.613419,8.549,2011,3,10,1,4,537035.28,1002714.25,1981607.78,926311.6650000003,1170939.74
13,2011-03-11,1852432.58,0,41.28,3.346,128.3995,7.47,2011,3,10,1,4,1931104.67,779602.36,1656130.67,1194519.2200000004,1258952.645
12,2011-03-11,997672.62,0,57.75,3.818,128.3995,14.021,2011,3,10,1,4,1852432.58,457504.35,1723736.91,1329561.2875000003,1205736.7458333333
11,2011-03-11,1314557.31,0,63.29,3.459,217.4653683,7.551,2011,3,10,1,4,997672.62,537035.28,536031.67,1523941.7950000004,1206851.0816666668
10,2011-03-11,1933469.15,0,64.22,3.63,128.3995,8.744,2011,3,10,1,4,1314557.31,1931104.67,443334.71,1524532.9150000005,1238540.875
9,2011-03-11,517783.5,0,54.75,3.459,217.6977326,6.416,2011,3,10,1,4,1933469.15,1852432.58,1412721.18,1190870.6450000005,1222188.2725
8,2011-03-11,900387.29,0,49.14,3.459,217.512299,6.262,2011,3,10,1,4,517783.5,997672.62,1106847.62,1166549.3125000005,1131309.4825
7,2011-03-11,558963.83,0,20.7,3.372,192.058484,8.818,2011,3,10,1,4,900387.29,1314557.31,245435.8,977650.9425000004,1065268.9324999999
6,2011-03-11,1494497.39,0,57.71,3.459,215.6488731,6.858,2011,3,10,1,4,558963.83,1933469.15,963910.81,867908.0025000003,1106250.860833333
5,2011-03-11,293098.1,0,55.74,3.459,214.6729901,6.634,2011,3,10,1,4,1494497.39,517783.5,945643.17,811736.6525000003,1065708.8391666666
4,2011-03-11,2039818.41,0,50.93,3.461,128.3995,6.51,2011,3,10,1,4,293098.1,900387.29,850448.54,1096594.4325,1197568.3441666665
21,2011-03-11,763479.9,0,54.69,3.459,213.7646401,8.028,2011,3,10,1,4,2039818.41,558963.83,527572.25,1147723.4500000002,1216438.7291666665
23,2011-03-11,1042043.55,0,29.36,3.6,133.7361429,5.114,2011,3,10,1,4,763479.9,1494497.39,405429.43,1034609.9900000003,1142350.3025
24,2011-03-11,1253218.7,0,39.51,3.752,133.7361429,8.252,2011,3,10,1,4,1042043.55,293098.1,1316385.43,1274640.1400000001,1092415.8124999998
25,2011-03-11,599828.39,0,36.73,3.582,207.1882876,7.343,2011,3,10,1,4,1253218.7,2039818.41,977070.62,914642.6350000004,1059262.1266666667
43,2011-03-11,629026.75,0,60.24,3.459,205.9880714,10.398,2011,3,10,1,4,599828.39,763479.9,1229257.7,881029.3475000004,1002134.58
42,2011-03-11,607294.56,0,64.22,3.63,128.3995,8.744,2011,3,10,1,4,629026.75,1042043.55,570879.04,772342.1000000003,891620.0308333333
41,2011-03-11,1159089.6,0,31.6,3.372,192.058484,7.241,2011,3,10,1,4,607294.56,1253218.7,616345.25,748809.8250000004,945062.2058333334
40,2011-03-11,860255.58,0,30.53,3.6,133.7361429,5.114,2011,3,10,1,4,1159089.6,599828.39,293984.54,813916.6225000004,941717.8966666666
39,2011-03-11,1283716.81,0,58.35,3.459,212.8611313,8.395,2011,3,10,1,4,860255.58,629026.75,402579.84,977589.1375000004,1002113.9783333334
38,2011-03-11,357897.18,0,57.75,3.818,128.3995,14.021,2011,3,10,1,4,1283716.81,607294.56,640912.18,915239.7925000004,907397.2941666668
37,2011-03-11,505610.4,0,59.15,3.459,212.8611313,8.395,2011,3,10,1,4,357897.18,1159089.6,1346994.53,751869.9925000004,925106.6525
36,2011-03-11,407506.78,0,59.15,3.448,212.8611313,8.395,2011,3,10,1,4,505610.4,860255.58,997353.15,638682.7925000003,789080.6833333335
3,2011-03-11,404753.3,0,61.29,3.459,217.4653683,7.551,2011,3,10,1,4,407506.78,1283716.81,437084.51,418941.9150000004,759186.8000000002
35,2011-03-11,830601.39,0,43.64,3.582,137.6269617,8.549,2011,3,10,1,4,404753.3,357897.18,2103455.75,537117.9675000004,741566.62
33,2011-03-11,270921.44,0,66.51,3.63,128.3995,8.951,2011,3,10,1,4,830601.39,505610.4,329033.66,478445.7275000003,659708.515
32,2011-03-11,1101458.21,0,36.51,3.372,192.058484,8.818,2011,3,10,1,4,270921.44,407506.78,1502617.99,651933.5850000003,701511.0
31,2011-03-11,1405572.93,0,54.69,3.459,213.7646401,8.028,2011,3,10,1,4,1101458.21,404753.3,551378.39,902138.4925000004,766223.1816666666
30,2011-03-11,438529.81,0,54.69,3.459,213.7646401,8.028,2011,3,10,1,4,1405572.93,830601.39,935266.43,804120.5975000003,752159.4525
29,2011-03-11,493430.45,0,41.42,3.6,133.7361429,10.256,2011,3,10,1,4,438529.81,270921.44,542016.18,859747.8500000003,696687.8566666667
28,2011-03-11,1380836.35,0,57.75,3.818,128.3995,14.021,2011,3,10,1,4,493430.45,1101458.21,1958003.19,929592.3850000004,740069.5875
27,2011-03-11,1613259.77,0,43.64,3.752,137.6269617,7.827,2011,3,10,1,4,1380836.35,1405572.93,1399456.99,981514.0950000003,767531.5008333334
26,2011-03-11,946614.55,0,28.13,3.6,133.7361429,7.907,2011,3,10,1,4,1613259.77,438529.81,1085248.21,1108535.2800000005,816591.2816666666
34,2011-03-11,943951.67,0,45.87,3.461,128.3995,10.398,2011,3,10,1,4,946614.55,493430.45,1894960.68,1221165.5850000004,853119.7208333333
2,2011-03-11,1879107.31,0,52.7,3.459,213.7646401,8.028,2011,3,10,1,4,943951.67,1380836.35,2041215.61,1345733.3250000004,975753.0983333333
22,2011-03-11,944587.23,0,41.42,3.6,137.6269617,8.458,2011,3,10,1,4,1879107.31,1613259.77,573374.49,1178565.1900000004,1020739.2591666667
44,2011-03-11,284496.14,0,41.28,3.346,128.3995,7.224,2011,3,10,1,4,944587.23,946614.55,484829.07,1013035.5875000005,975230.4883333334
21,2011-03-18,793569.0,0,63.26,3.488,214.0156238,8.028,2011,3,11,1,4,284496.14,943951.67,816138.33,975439.9200000004,1018784.4516666667
20,2011-03-18,1931668.64,0,44.8,3.631,207.4283845,7.343,2011,3,11,1,4,793569.0,1879107.31,1063310.62,988580.2525000003,1087968.6541666666
19,2011-03-18,1257972.37,0,40.32,3.796,133.8492258,7.771,2011,3,11,1,4,1931668.64,944587.23,1433569.44,1066926.5375000003,1075668.6075000002
18,2011-03-18,945889.59,0,41.12,3.634,133.8492258,9.131,2011,3,11,1,4,1257972.37,284496.14,2143424.61,1232274.9000000004,1117948.5891666666
17,2011-03-18,778436.81,0,34.48,3.407,128.5121935,6.866,2011,3,11,1,4,945889.59,793569.0,796277.72,1228491.8525000003,1141699.1191666669
16,2011-03-18,497373.49,0,36.5,3.406,192.1237981,6.614,2011,3,11,1,4,778436.81,1931668.64,1636263.41,869918.0650000004,1068077.2141666666
15,2011-03-18,551553.99,0,40.23,3.796,133.8492258,7.771,2011,3,11,1,4,497373.49,1257972.37,1301185.28,693313.4700000003,979601.7324999999
14,2011-03-18,1932491.42,0,46.66,3.631,184.809719,8.549,2011,3,11,1,4,551553.99,945889.59,1553191.63,939963.9275000003,1061758.1383333332
13,2011-03-18,1852443.78,0,44.69,3.407,128.5121935,7.47,2011,3,11,1,4,1932491.42,778436.81,714014.73,1208465.6700000004,1137465.8141666667
12,2011-03-18,1009502.01,0,64.21,3.692,128.5121935,14.021,2011,3,11,1,4,1852443.78,497373.49,1990932.77,1336497.8000000003,1064998.7058333333
11,2011-03-18,1391813.69,0,70.17,3.488,217.7235226,7.551,2011,3,11,1,4,1009502.01,551553.99,1351450.43,1546562.725,1102267.5775
10,2011-03-18,1884734.31,0,70.12,3.892,128.5121935,8.744,2011,3,11,1,4,1391813.69,1932491.42,1002714.25,1534623.4475000002,1235620.7583333333
9,2011-03-18,515226.11,0,63.82,3.488,217.9563371,6.416,2011,3,11,1,4,1884734.31,1852443.78,779602.36,1200319.0300000005,1212425.5174999998
8,2011-03-18,898289.14,0,56.68,3.488,217.7705442,6.262,2011,3,11,1,4,515226.11,1009502.01,457504.35,1172515.8125000005,1126310.5591666668
7,2011-03-18,635014.69,0,27.69,3.406,192.1237981,8.818,2011,3,11,1,4,898289.14,1391813.69,537035.28,983316.0625000003,1074397.4191666667
6,2011-03-18,1685375.47,0,65.07,3.488,215.9035078,6.858,2011,3,11,1,4,635014.69,1884734.31,1931104.67,933476.3525000003,1136021.2425
5,2011-03-18,312177.67,0,64.31,3.488,214.9257339,6.634,2011,3,11,1,4,1685375.47,515226.11,1852432.58,882714.2425000004,1097166.3141666667
4,2011-03-18,2116475.38,0,51.86,3.495,128.5121935,6.51,2011,3,11,1,4,312177.67,898289.14,997672.62,1187260.8025000002,1232091.4716666667
3,2011-03-18,392109.51,0,69.47,3.488,217.7235226,7.551,2011,3,11,1,4,2116475.38,635014.69,1314557.31,1126534.5075000003,1218804.4316666666
22,2011-03-18,926427.12,0,43.38,3.634,137.7398929,8.458,2011,3,11,1,4,392109.51,1685375.47,1933469.15,936797.4200000004,1134965.74
44,2011-03-18,281699.68,0,44.69,3.407,128.5121935,7.224,2011,3,11,1,4,926427.12,312177.67,517783.5,929177.9225000003,1004070.3983333333
23,2011-03-18,1203682.62,0,37.28,3.634,133.8492258,5.114,2011,3,11,1,4,281699.68,2116475.38,900387.29,700979.7325000004,1020252.1158333333
24,2011-03-18,1168397.26,0,43.39,3.796,133.8492258,8.252,2011,3,11,1,4,1203682.62,392109.51,558963.83,895051.6700000004,1001634.0800000001
43,2011-03-18,635171.05,0,68.98,3.488,206.225924,10.398,2011,3,11,1,4,1168397.26,926427.12,1494497.39,822237.6525000004,897503.8083333332
45,2011-03-18,733564.77,0,46.66,3.631,184.809719,8.549,2011,3,11,1,4,635171.05,281699.68,293098.1,935203.9250000004,915698.6966666667
42,2011-03-18,558239.32,0,70.12,3.892,128.5121935,8.744,2011,3,11,1,4,733564.77,1203682.62,2039818.41,773843.1000000003,887361.2116666666
41,2011-03-18,1115504.26,0,40.19,3.406,192.1237981,7.241,2011,3,11,1,4,558239.32,1168397.26,763479.9,760619.8500000003,927402.0091666667
40,2011-03-18,871024.26,0,35.76,3.634,133.8492258,5.114,2011,3,11,1,4,1115504.26,635171.05,1042043.55,819583.1525000004,859539.4083333333
39,2011-03-18,1348410.05,0,65.28,3.488,213.1096787,8.395,2011,3,11,1,4,871024.26,733564.77,1253218.7,973294.4725000004,945892.1066666666
38,2011-03-18,349459.95,0,64.21,3.692,128.5121935,14.021,2011,3,11,1,4,1348410.05,558239.32,599828.39,921099.6300000004,798640.8208333334
37,2011-03-18,478503.06,0,64.9,3.488,213.1096787,8.395,2011,3,11,1,4,349459.95,1115504.26,629026.75,761849.3300000004,805840.2833333333
36,2011-03-18,431412.22,0,64.9,3.487,213.1096787,8.395,2011,3,11,1,4,478503.06,871024.26,607294.56,651946.3200000003,764589.0416666666
2,2011-03-18,1902557.66,0,62.32,3.488,214.0156238,8.028,2011,3,11,1,4,431412.22,1348410.05,1159089.6,790483.2225000004,899660.54
35,2011-03-18,800662.82,0,46.65,3.631,137.7398929,8.549,2011,3,11,1,4,1902557.66,349459.95,860255.58,903283.9400000003,866075.5566666666
33,2011-03-18,247234.47,0,72.72,3.892,128.5121935,8.951,2011,3,11,1,4,800662.82,478503.06,1283716.81,845466.7925000003,789311.9908333332
32,2011-03-18,1100765.5,0,45.25,3.406,192.1237981,8.818,2011,3,11,1,4,247234.47,431412.22,357897.18,1012805.1125000004,828111.5283333333
31,2011-03-18,1425559.02,0,63.26,3.488,214.0156238,8.028,2011,3,11,1,4,1100765.5,1902557.66,505610.4,893555.4525000005,885777.7158333334
30,2011-03-18,425470.84,0,63.26,3.488,214.0156238,8.028,2011,3,11,1,4,1425559.02,800662.82,407506.78,799757.4575000004,874713.6758333334
29,2011-03-18,493653.43,0,43.38,3.634,133.8492258,10.256,2011,3,11,1,4,425470.84,247234.47,404753.3,861362.1975000005,822892.7733333334
28,2011-03-18,1286413.71,0,64.21,3.692,128.5121935,14.021,2011,3,11,1,4,493653.43,1100765.5,830601.39,907774.2500000005,857508.5608333332
27,2011-03-18,1624539.21,0,46.65,3.796,137.7398929,7.827,2011,3,11,1,4,1286413.71,1425559.02,270921.44,957519.2975000003,880519.3241666667
26,2011-03-18,887426.12,0,31.76,3.634,133.8492258,7.907,2011,3,11,1,4,1624539.21,425470.84,1101458.21,1073008.1175000004,925349.8383333333
25,2011-03-18,603393.64,0,40.94,3.631,207.4283845,7.343,2011,3,11,1,4,887426.12,493653.43,1405572.93,1100443.1700000004,935757.3866666667
34,2011-03-18,1014218.8,0,55.58,3.495,128.5121935,10.398,2011,3,11,1,4,603393.64,1286413.71,438529.81,1032394.4425000005,984324.6016666667
1,2011-03-18,1576818.06,0,62.76,3.488,214.3627114,7.742,2011,3,11,1,4,1014218.8,1624539.21,493430.45,1020464.1550000004,957179.6349999999
44,2011-03-25,285031.81,0,42.38,3.435,128.6160645,7.224,2011,3,12,1,4,1576818.06,887426.12,1380836.35,869865.5775000005,914210.3841666667
3,2011-03-25,380683.67,0,72.94,3.473,217.9674705,7.551,2011,3,12,1,4,285031.81,603393.64,1613259.77,814188.0850000004,925331.1508333334
26,2011-03-25,866566.54,0,22.99,3.624,133.9587419,7.907,2011,3,12,1,4,380683.67,1014218.8,946614.55,777275.0200000005,905814.5708333334
27,2011-03-25,1554651.08,0,40.11,3.789,137.8478929,7.827,2011,3,12,1,4,866566.54,1576818.06,943951.67,771733.2750000004,916572.2425
28,2011-03-25,1201059.72,0,54.4,3.909,128.6160645,14.021,2011,3,12,1,4,1554651.08,285031.81,1879107.31,1000740.2525000004,981204.6491666666
29,2011-03-25,478773.05,0,38.77,3.624,133.9587419,10.256,2011,3,12,1,4,1201059.72,380683.67,944587.23,1025262.5975000004,979964.6175
30,2011-03-25,431754.01,0,70.33,3.473,214.2521573,8.028,2011,3,12,1,4,478773.05,866566.54,284496.14,916559.4650000004,908742.9758333334
31,2011-03-25,1357036.1,0,70.33,3.473,214.2521573,8.028,2011,3,12,1,4,431754.01,1554651.08,793569.0,867155.7200000004,886451.0499999999
32,2011-03-25,1068719.22,0,46.7,3.414,192.1964844,8.818,2011,3,12,1,4,1357036.1,1201059.72,1931668.64,834070.5950000004,901558.8083333335
33,2011-03-25,238084.08,0,63.34,3.716,128.6160645,8.951,2011,3,12,1,4,1068719.22,478773.05,1257972.37,773898.3525000004,871116.3450000001
25,2011-03-25,616324.24,0,38.51,3.625,207.6553444,7.343,2011,3,12,1,4,238084.08,431754.01,945889.59,820040.9100000005,837958.465
34,2011-03-25,922898.38,0,53.11,3.48,128.6160645,10.398,2011,3,12,1,4,616324.24,1357036.1,778436.81,711506.4800000004,783465.1583333333
36,2011-03-25,390732.02,0,71.07,3.488,213.3436744,8.395,2011,3,12,1,4,922898.38,1068719.22,497373.49,542009.6800000004,792273.5091666667
37,2011-03-25,522105.93,0,71.07,3.473,213.3436744,8.395,2011,3,12,1,4,390732.02,238084.08,551553.99,613015.1425000004,804058.6975000001
38,2011-03-25,351541.62,0,54.4,3.909,128.6160645,14.021,2011,3,12,1,4,522105.93,616324.24,1932491.42,546819.4875000004,761139.9541666666
39,2011-03-25,1284334.79,0,71.17,3.473,213.3436744,8.395,2011,3,12,1,4,351541.62,922898.38,1852443.78,637178.5900000004,738613.5966666667
40,2011-03-25,834621.39,0,28.89,3.624,133.9587419,5.114,2011,3,12,1,4,1284334.79,390732.02,1009502.01,748150.9325000005,708077.0691666667
41,2011-03-25,1140578.16,0,41.11,3.414,192.1964844,7.241,2011,3,12,1,4,834621.39,522105.93,1391813.69,902768.9900000003,763227.495
42,2011-03-25,522673.62,0,62.53,3.716,128.6160645,8.744,2011,3,12,1,4,1140578.16,351541.62,1884734.31,945551.9900000005,770804.1291666668
45,2011-03-25,719737.25,0,41.76,3.625,184.9943679,8.549,2011,3,12,1,4,522673.62,1284334.79,515226.11,804402.6050000004,717695.8916666667
35,2011-03-25,762184.1,0,40.11,3.625,137.8478929,8.549,2011,3,12,1,4,719737.25,834621.39,898289.14,786293.2825000004,692151.2983333333
43,2011-03-25,585989.1,0,65.53,3.473,206.4496175,10.398,2011,3,12,1,4,762184.1,1140578.16,635014.69,647646.0175000003,721143.3833333333
24,2011-03-25,1158693.12,0,36.88,3.789,133.9587419,8.252,2011,3,12,1,4,585989.1,522673.62,1685375.47,806650.8925000003,766340.79
22,2011-03-25,933528.39,0,38.77,3.624,137.8478929,8.458,2011,3,12,1,4,1158693.12,719737.25,312177.67,860098.6775000003,767226.6241666666
4,2011-03-25,1944164.32,0,59.1,3.48,128.6160645,6.51,2011,3,12,1,4,933528.39,762184.1,2116475.38,1155593.7325000004,896679.3158333333
5,2011-03-25,294732.5,0,70.71,3.473,215.1640872,6.634,2011,3,12,1,4,1944164.32,585989.1,392109.51,1082779.5825000005,877731.5299999999
6,2011-03-25,1438465.81,0,70.83,3.473,216.1438163,6.858,2011,3,12,1,4,294732.5,1158693.12,926427.12,1152722.7550000004,968308.5458333333
7,2011-03-25,559061.58,0,25.69,3.414,192.1964844,8.818,2011,3,12,1,4,1438465.81,933528.39,281699.68,1059106.0525000002,907869.1116666667
8,2011-03-25,827968.36,0,59.74,3.473,218.0145862,6.262,2011,3,12,1,4,559061.58,1944164.32,1203682.62,780057.0625000003,907314.6924999999
9,2011-03-25,497488.4,0,68.79,3.473,218.2007506,6.416,2011,3,12,1,4,827968.36,294732.5,1168397.26,830746.0375000003,853723.8791666665
10,2011-03-25,1815798.85,0,62.53,3.716,128.6160645,8.744,2011,3,12,1,4,497488.4,1438465.81,635171.05,925079.2975000003,961484.3150000001
11,2011-03-25,1229777.24,0,73.74,3.473,217.9674705,7.551,2011,3,12,1,4,1815798.85,559061.58,733564.77,1092758.2125000004,1003987.6475
23,2011-03-25,1148624.83,0,29.11,3.624,133.9587419,5.114,2011,3,12,1,4,1229777.24,827968.36,558239.32,1172922.3300000003,1036191.0416666666
12,2011-03-25,954107.32,0,54.4,3.909,128.6160645,14.021,2011,3,12,1,4,1148624.83,497488.4,1115504.26,1287077.0600000003,1066867.5599999998
14,2011-03-25,1879451.23,0,41.76,3.625,184.9943679,8.549,2011,3,12,1,4,954107.32,1815798.85,871024.26,1302990.1550000003,1126930.7358333333
15,2011-03-25,527389.28,0,32.63,3.789,133.9587419,7.771,2011,3,12,1,4,1879451.23,1229777.24,1348410.05,1127393.1650000003,1093085.8099999998
16,2011-03-25,465279.68,0,32.61,3.414,192.1964844,6.614,2011,3,12,1,4,527389.28,1148624.83,349459.95,956556.8775000003,969845.4233333333
17,2011-03-25,781267.76,0,36.71,3.435,128.6160645,6.866,2011,3,12,1,4,465279.68,954107.32,478503.06,913346.9875000003,1010390.0283333334
18,2011-03-25,944523.3,0,36.65,3.624,133.9587419,9.131,2011,3,12,1,4,781267.76,1879451.23,431412.22,679615.0050000004,969228.1525
19,2011-03-25,1266564.94,0,33.26,3.789,133.9587419,7.771,2011,3,12,1,4,944523.3,527389.28,1902557.66,864408.9200000003,1028186.7658333335
20,2011-03-25,1824711.21,0,44.83,3.625,207.6553444,7.343,2011,3,12,1,4,1266564.94,465279.68,800662.82,1204266.8025000002,1111248.6700000002
21,2011-03-25,753711.32,0,70.33,3.473,214.2521573,8.028,2011,3,12,1,4,1824711.21,781267.76,247234.47,1197377.6925000004,1132600.58
13,2011-03-25,1807545.43,0,42.38,3.435,128.6160645,7.47,2011,3,12,1,4,753711.32,944523.3,1100765.5,1413133.2250000003,1131912.795
2,2011-03-25,1766162.05,0,69.42,3.473,214.2521573,8.028,2011,3,12,1,4,1807545.43,1266564.94,1425559.02,1538032.5025000002,1176611.5291666668
1,2011-03-25,1541102.38,0,69.97,3.473,214.5999389,7.742,2011,3,12,1,4,1766162.05,1824711.21,425470.84,1467130.2950000002,1209317.9916666667
23,2011-04-01,1182694.95,0,29.44,3.638,134.0682581,4.781,2011,4,13,2,4,1541102.38,753711.32,493653.43,1574376.2025000004,1228366.9608333334
25,2011-04-01,618377.79,0,28.5,3.638,207.8823043,7.287,2011,4,13,2,4,1182694.95,1807545.43,1286413.71,1277084.2925000002,1123277.5075
26,2011-04-01,849231.61,0,22.99,3.638,134.0682581,7.818,2011,4,13,2,4,618377.79,1766162.05,1624539.21,1047851.6825000002,1150097.7016666667
27,2011-04-01,1628868.28,0,37.27,3.811,137.9558929,7.725,2011,4,13,2,4,849231.61,1541102.38,887426.12,1069793.1575000004,1247063.4183333332
28,2011-04-01,1336838.41,0,63.63,3.772,128.7199355,13.736,2011,4,13,2,4,1628868.28,1182694.95,603393.64,1108329.0225000004,1293360.9725
29,2011-04-01,475615.26,0,36.04,3.638,134.0682581,9.966,2011,4,13,2,4,1336838.41,618377.79,1014218.8,1072638.3900000004,1254285.3025
30,2011-04-01,437926.79,0,56.36,3.524,214.4886908,7.931,2011,4,13,2,4,475615.26,849231.61,1576818.06,969812.1850000004,1185232.1233333333
31,2011-04-01,1344890.73,0,56.36,3.524,214.4886908,7.931,2011,4,13,2,4,437926.79,1628868.28,285031.81,898817.7975000003,1145247.0833333333
32,2011-04-01,1051121.02,0,44.83,3.461,192.2691707,8.595,2011,4,13,2,4,1344890.73,1336838.41,380683.67,827388.4500000003,1170031.2249999999
24,2011-04-01,1163803.3,0,35.73,3.811,134.0682581,8.212,2011,4,13,2,4,1051121.02,475615.26,866566.54,999435.4600000004,1116386.0475
33,2011-04-01,232769.09,0,71.41,3.772,128.7199355,8.687,2011,4,13,2,4,1163803.3,437926.79,1554651.08,948146.0350000004,988603.3008333333
35,2011-04-01,762620.94,0,37.27,3.638,137.9558929,8.512,2011,4,13,2,4,232769.09,1344890.73,1201059.72,802578.5875000004,923729.8475
36,2011-04-01,385672.11,0,67.31,3.529,213.5776701,8.3,2011,4,13,2,4,762620.94,1051121.02,478773.05,636216.3600000003,857311.2774999999
37,2011-04-01,534578.78,0,67.31,3.524,213.5776701,8.3,2011,4,13,2,4,385672.11,1163803.3,431754.01,478910.23000000033,850328.0266666667
38,2011-04-01,382098.13,0,63.63,3.772,128.7199355,13.736,2011,4,13,2,4,534578.78,232769.09,1357036.1,516242.49000000034,811400.2366666667
39,2011-04-01,1316849.36,0,66.57,3.524,213.5776701,8.3,2011,4,13,2,4,382098.13,762620.94,1068719.22,654799.5950000003,785398.66
40,2011-04-01,841889.08,0,28.6,3.638,134.0682581,4.781,2011,4,13,2,4,1316849.36,385672.11,238084.08,768853.8375000004,744152.8825
41,2011-04-01,1179125.48,0,38.16,3.461,192.2691707,6.934,2011,4,13,2,4,841889.08,534578.78,616324.24,929990.5125000003,802778.7341666667
42,2011-04-01,508432.17,0,67.64,3.772,128.7199355,8.494,2011,4,13,2,4,1179125.48,382098.13,922898.38,961574.0225000003,808654.1825
34,2011-04-01,884233.67,0,55.46,3.521,128.7199355,10.581,2011,4,13,2,4,508432.17,1316849.36,390732.02,853420.1000000003,770266.0941666667
22,2011-04-01,951588.37,0,36.04,3.638,137.9558929,8.252,2011,4,13,2,4,884233.67,841889.08,522105.93,880844.9225000003,761971.7066666667
21,2011-04-01,732056.37,0,56.36,3.524,214.4886908,7.931,2011,4,13,2,4,951588.37,1179125.48,351541.62,769077.6450000004,725992.7958333334
20,2011-04-01,1927993.09,0,32.43,3.638,207.8823043,7.287,2011,4,13,2,4,732056.37,508432.17,1284334.79,1123967.8750000005,867261.4625
45,2011-04-01,712425.76,0,37.27,3.638,185.1790167,8.521,2011,4,13,2,4,1927993.09,884233.67,834621.39,1081015.8975000004,863078.5308333334
2,2011-04-01,1800171.36,0,55.43,3.524,214.4886908,7.931,2011,4,13,2,4,712425.76,951588.37,1140578.16,1293161.6450000005,980953.4683333334
3,2011-04-01,374556.08,0,68.76,3.524,218.2114184,7.574,2011,4,13,2,4,1800171.36,732056.37,522673.62,1203786.5725000005,967618.2433333333
4,2011-04-01,1900246.47,0,56.99,3.521,128.7199355,5.946,2011,4,13,2,4,374556.08,1927993.09,719737.25,1196849.9175000004,1094130.6050000002
5,2011-04-01,314316.55,0,61.5,3.524,215.4024406,6.489,2011,4,13,2,4,1900246.47,712425.76,762184.1,1097322.6150000005,1010586.2041666666
6,2011-04-01,1459276.77,0,62.25,3.524,216.3841249,6.855,2011,4,13,2,4,314316.55,1800171.36,585989.1,1012098.9675000003,1062035.1783333335
7,2011-04-01,513409.67,0,24.83,3.461,192.2691707,8.595,2011,4,13,2,4,1459276.77,374556.08,1158693.12,1046812.3650000005,1006558.8608333333
8,2011-04-01,878762.3,0,49.86,3.524,218.2586281,6.297,2011,4,13,2,4,513409.67,1900246.47,933528.39,791441.3225000004,1037419.705
9,2011-04-01,520962.14,0,56.12,3.524,218.445164,6.38,2011,4,13,2,4,878762.3,314316.55,1944164.32,843102.7200000004,1007147.0775
10,2011-04-01,1827733.18,0,67.64,3.772,128.7199355,8.494,2011,4,13,2,4,520962.14,1459276.77,294732.5,935216.8225000002,1080159.145
11,2011-04-01,1258674.12,0,69.1,3.524,218.2114184,7.574,2011,4,13,2,4,1827733.18,513409.67,1438465.81,1121532.9350000003,1124043.9575000003
12,2011-04-01,1005463.49,0,63.63,3.772,128.7199355,13.736,2011,4,13,2,4,1258674.12,878762.3,559061.58,1153208.2325000004,1047166.4908333332
13,2011-04-01,1864238.64,0,42.49,3.487,128.7199355,7.193,2011,4,13,2,4,1005463.49,520962.14,827968.36,1489027.3575000004,1143150.8975
14,2011-04-01,1869110.55,0,37.27,3.638,185.1790167,8.521,2011,4,13,2,4,1864238.64,1827733.18,497488.4,1499371.7000000002,1148895.83
15,2011-04-01,542556.05,0,30.34,3.811,134.0682581,7.658,2011,4,13,2,4,1869110.55,1258674.12,1815798.85,1320342.1825000003,1162895.8275
16,2011-04-01,459756.11,0,35.75,3.461,192.2691707,6.339,2011,4,13,2,4,542556.05,1005463.49,1229777.24,1183915.3375000001,1042854.9641666667
17,2011-04-01,795859.23,0,39.38,3.487,128.7199355,6.774,2011,4,13,2,4,459756.11,1864238.64,1148624.83,916820.4850000003,1082983.5208333333
18,2011-04-01,938083.17,0,35.06,3.638,134.0682581,8.975,2011,4,13,2,4,795859.23,1869110.55,954107.32,684063.6400000004,1039550.7208333332
19,2011-04-01,1305950.22,0,30.68,3.811,134.0682581,7.658,2011,4,13,2,4,938083.17,542556.05,1879451.23,874912.1825000003,1105595.7666666666
43,2011-04-01,611585.54,0,67.79,3.524,206.6733111,10.581,2011,4,13,2,4,1305950.22,459756.11,527389.28,912869.5400000003,1083331.0366666669
44,2011-04-01,281514.26,0,42.49,3.487,128.7199355,6.906,2011,4,13,2,4,611585.54,795859.23,465279.68,784283.2975000003,1063377.0466666666
1,2011-04-01,1495064.75,0,59.17,3.524,214.8371664,7.682,2011,4,13,2,4,281514.26,938083.17,781267.76,923528.6925000004,1035654.6775000001
43,2011-04-08,650418.75,0,70.35,3.622,206.8970046,10.581,2011,4,14,2,4,1495064.75,1305950.22,944523.3,759645.8250000004,984966.7300000001
19,2011-04-08,1419911.91,0,41.26,3.895,134.1777742,7.658,2011,4,14,2,4,650418.75,611585.54,1266564.94,961727.4175000003,1019504.0983333333
18,2011-04-08,1018541.3,0,43.32,3.72,134.1777742,8.975,2011,4,14,2,4,1419911.91,281514.26,1824711.21,1145984.1775000002,949029.32
17,2011-04-08,811855.72,0,39.16,3.547,128.8238065,6.774,2011,4,14,2,4,1018541.3,1495064.75,753711.32,975181.9200000003,860924.7508333334
16,2011-04-08,439276.5,0,38.04,3.532,192.3418571,6.339,2011,4,14,2,4,811855.72,650418.75,1807545.43,922396.3575000003,852318.1216666667
15,2011-04-08,587370.81,0,40.94,3.895,134.1777742,7.658,2011,4,14,2,4,439276.5,1419911.91,1766162.05,714261.0825000004,862952.68
14,2011-04-08,2037798.88,0,48.71,3.72,185.3636656,8.521,2011,4,14,2,4,587370.81,1018541.3,1541102.38,969075.4775000003,966447.6508333334
13,2011-04-08,1887465.04,0,42.75,3.547,128.8238065,7.193,2011,4,14,2,4,2037798.88,811855.72,1182694.95,1237977.8075000003,1045562.8066666666
12,2011-04-08,998362.05,0,64.47,4.003,128.8238065,13.736,2011,4,14,2,4,1887465.04,439276.5,618377.79,1377749.1950000003,1019930.4591666666
11,2011-04-08,1327401.06,0,73.57,3.622,218.4553663,7.574,2011,4,14,2,4,998362.05,587370.81,849231.61,1562756.7575000003,1079581.7525
20,2011-04-08,2027056.39,0,47.09,3.72,208.1092642,7.287,2011,4,14,2,4,1327401.06,2037798.88,1628868.28,1560071.1350000002,1225043.5966666667
10,2011-04-08,1870720.73,0,73.03,3.818,128.8238065,8.494,2011,4,14,2,4,2027056.39,1887465.04,1336838.41,1555885.0575,1256348.2616666665
8,2011-04-08,949825.83,0,65.62,3.622,218.50267,6.297,2011,4,14,2,4,1870720.73,998362.05,475615.26,1543751.0025000002,1281298.8516666666
7,2011-04-08,500552.16,0,30.64,3.532,192.3418571,8.595,2011,4,14,2,4,949825.83,1327401.06,437926.79,1337038.7775000003,1204685.5391666666
6,2011-04-08,1534594.0,0,70.35,3.622,216.6244334,6.855,2011,4,14,2,4,500552.16,2027056.39,1344890.73,1213923.1800000002,1247689.9308333334
5,2011-04-08,307333.62,0,69.64,3.622,215.6407939,6.489,2011,4,14,2,4,1534594.0,1870720.73,1051121.02,823076.4025000003,1205646.4225
4,2011-04-08,2074953.46,0,62.61,3.605,128.8238065,5.946,2011,4,14,2,4,307333.62,949825.83,1163803.3,1104358.3100000003,1341952.8358333332
3,2011-04-08,384075.31,0,72.55,3.622,218.4553663,7.574,2011,4,14,2,4,2074953.46,500552.16,232769.09,1075239.0975000001,1325011.5441666667
2,2011-04-08,1847552.61,0,67.0,3.622,214.7252242,7.931,2011,4,14,2,4,384075.31,1534594.0,762620.94,1153478.7500000002,1309157.6883333332
44,2011-04-08,292498.61,0,42.75,3.547,128.8238065,6.906,2011,4,14,2,4,1847552.61,307333.62,385672.11,1149769.9975000003,1176243.8191666666
1,2011-04-08,1614259.35,0,67.84,3.622,215.0743939,7.682,2011,4,14,2,4,292498.61,2074953.46,534578.78,1034596.4700000003,1227568.5941666667
9,2011-04-08,561625.92,0,71.4,3.622,218.6895775,6.38,2011,4,14,2,4,1614259.35,384075.31,382098.13,1078984.1225000003,1163753.9991666668
21,2011-04-08,744782.89,0,68.62,3.622,214.7252242,7.931,2011,4,14,2,4,561625.92,1847552.61,1316849.36,803291.6925000002,1056897.8741666668
45,2011-04-08,750182.71,0,48.71,3.72,185.3636656,8.521,2011,4,14,2,4,744782.89,292498.61,841889.08,917712.7175000003,963519.7058333334
41,2011-04-08,1206252.12,0,42.87,3.532,192.3418571,6.934,2011,4,14,2,4,750182.71,1614259.35,1179125.48,815710.9100000003,984888.5633333335
22,2011-04-08,969046.69,0,44.42,3.72,138.0638929,8.252,2011,4,14,2,4,1206252.12,561625.92,508432.17,917566.1025000003,1023929.7741666668
42,2011-04-08,620087.35,0,73.03,3.818,128.8238065,8.494,2011,4,14,2,4,969046.69,744782.89,884233.67,886392.2175000003,947720.8866666667
40,2011-04-08,947753.32,0,34.77,3.72,134.1777742,4.781,2011,4,14,2,4,620087.35,750182.71,951588.37,935784.8700000002,1001089.195
39,2011-04-08,1350646.16,0,69.45,3.622,213.8116658,8.3,2011,4,14,2,4,947753.32,1206252.12,732056.37,971883.3800000001,940730.2533333334
38,2011-04-08,392152.3,0,64.47,4.003,128.8238065,13.736,2011,4,14,2,4,1350646.16,969046.69,1927993.09,827659.7825000002,941403.3358333333
37,2011-04-08,543703.16,0,69.39,3.622,213.8116658,8.3,2011,4,14,2,4,392152.3,620087.35,712425.76,808563.7350000001,832749.215
35,2011-04-08,813352.41,0,46.87,3.72,138.0638929,8.512,2011,4,14,2,4,543703.16,947753.32,1800171.36,774963.5075000002,876153.6983333334
34,2011-04-08,975479.83,0,58.59,3.605,128.8238065,10.581,2011,4,14,2,4,813352.41,1350646.16,374556.08,681171.9250000003,822922.0716666667
33,2011-04-08,271924.73,0,75.11,3.818,128.8238065,8.687,2011,4,14,2,4,975479.83,392152.3,1900246.47,651115.0325000002,798780.3058333333
36,2011-04-08,428727.61,0,69.39,3.645,213.8116658,8.3,2011,4,14,2,4,271924.73,543703.16,314316.55,622371.1450000003,772442.3658333333
31,2011-04-08,1416790.17,0,68.62,3.622,214.7252242,7.931,2011,4,14,2,4,428727.61,813352.41,1459276.77,773230.5850000002,827992.9874999999
30,2011-04-08,443889.5,0,68.62,3.622,214.7252242,7.931,2011,4,14,2,4,1416790.17,975479.83,513409.67,640333.0025000002,764462.7691666667
29,2011-04-08,505304.33,0,44.42,3.72,134.1777742,9.966,2011,4,14,2,4,443889.5,271924.73,878762.3,698677.9025000003,725817.5724999999
23,2011-04-08,1248901.98,0,36.74,3.72,134.1777742,4.781,2011,4,14,2,4,505304.33,428727.61,520962.14,903721.4950000002,778218.7916666666
28,2011-04-08,1414713.5,0,64.47,4.003,128.8238065,13.736,2011,4,14,2,4,1248901.98,1416790.17,1827733.18,903202.3275000002,817132.14
27,2011-04-08,1689844.18,0,46.87,3.895,138.0638929,7.725,2011,4,14,2,4,1414713.5,443889.5,1258674.12,1214690.9975000003,845398.6416666666
26,2011-04-08,985229.81,0,29.09,3.72,134.1777742,7.818,2011,4,14,2,4,1689844.18,505304.33,1005463.49,1334672.3675000002,894821.7675000001
25,2011-04-08,648606.13,0,42.11,3.72,208.1092642,7.287,2011,4,14,2,4,985229.81,1248901.98,1864238.64,1184598.4050000003,903563.6816666666
32,2011-04-08,1102975.59,0,48.81,3.532,192.3418571,8.595,2011,4,14,2,4,648606.13,1414713.5,1869110.55,1106663.9275000002,927698.9466666667
24,2011-04-08,1273670.32,0,44.7,3.895,134.1777742,8.212,2011,4,14,2,4,1102975.59,1689844.18,542556.05,1002620.4625000004,952548.1541666667
13,2011-04-15,1950994.04,0,41.72,3.616,128.9107333,7.193,2011,4,15,2,4,1273670.32,985229.81,459756.11,1244061.5200000003,1092470.5966666667
14,2011-04-15,1974960.86,0,53.69,3.821,185.5339821,8.521,2011,4,15,2,4,1950994.04,648606.13,795859.23,1575650.2025000001,1221323.3675
15,2011-04-15,607691.36,0,48.63,3.981,134.2784667,7.658,2011,4,15,2,4,1974960.86,1102975.59,938083.17,1451829.1450000003,1153898.4666666666
18,2011-04-15,988157.72,0,49.91,3.823,134.2784667,8.975,2011,4,15,2,4,607691.36,1273670.32,1305950.22,1380450.995,1199254.1516666666
17,2011-04-15,825283.43,0,39.98,3.616,128.9107333,6.774,2011,4,15,2,4,988157.72,1950994.04,611585.54,1099023.3425000003,1225919.0766666667
19,2011-04-15,1392093.04,0,48.67,3.981,134.2784667,7.658,2011,4,15,2,4,825283.43,1974960.86,281514.26,953306.3875000002,1237851.665
12,2011-04-15,990951.77,0,57.63,3.868,128.9107333,13.736,2011,4,15,2,4,1392093.04,607691.36,1495064.75,1049121.4900000002,1202538.1875
16,2011-04-15,427855.24,0,34.59,3.611,192.4225954,6.339,2011,4,15,2,4,990951.77,988157.72,650418.75,909045.8700000002,1097372.4425000001
11,2011-04-15,1312905.8,0,76.64,3.743,218.6788642,7.574,2011,4,15,2,4,427855.24,825283.43,1419911.91,1030951.4625000001,1124678.775
1,2011-04-15,1559889.0,0,71.27,3.743,215.2918561,7.682,2011,4,15,2,4,1312905.8,1392093.04,1018541.3,1072900.4525000001,1200619.0141666667
9,2011-04-15,528420.28,0,71.9,3.743,218.9134935,6.38,2011,4,15,2,4,1559889.0,990951.77,811855.72,957267.5800000003,1152739.405
8,2011-04-15,908278.74,0,63.55,3.743,218.7262524,6.297,2011,4,15,2,4,528420.28,427855.24,439276.5,1077373.4550000003,1122290.1066666667
7,2011-04-15,423380.14,0,27.79,3.611,192.4225954,8.595,2011,4,15,2,4,908278.74,1312905.8,587370.81,854992.0400000003,994988.9483333332
6,2011-04-15,1448797.02,0,73.17,3.743,216.8446627,6.855,2011,4,15,2,4,423380.14,1559889.0,2037798.88,827219.0450000002,951141.9616666666
5,2011-04-15,307913.58,0,72.02,3.743,215.8592673,6.489,2011,4,15,2,4,1448797.02,528420.28,1887465.04,772092.3700000001,926160.48
4,2011-04-15,1960587.76,0,62.34,3.724,128.9107333,5.946,2011,4,15,2,4,307913.58,908278.74,998362.05,1035169.6250000002,1007196.3166666668
3,2011-04-15,366250.69,0,75.88,3.743,218.6788642,7.574,2011,4,15,2,4,1960587.76,423380.14,1327401.06,1020887.2625000002,968943.5883333334
20,2011-04-15,2057406.33,0,55.0,3.821,208.3172811,7.287,2011,4,15,2,4,366250.69,1448797.02,2027056.39,1173039.5900000003,1024386.3624999999
2,2011-04-15,1856467.84,0,69.48,3.743,214.9420631,7.931,2011,4,15,2,4,2057406.33,307913.58,1870720.73,1560178.1550000003,1096512.7016666667
10,2011-04-15,1781767.22,0,61.05,4.089,128.9107333,8.494,2011,4,15,2,4,1856467.84,1960587.76,949825.83,1515473.0200000003,1209338.7
21,2011-04-15,768390.05,0,71.01,3.743,214.9420631,7.931,2011,4,15,2,4,1781767.22,366250.69,500552.16,1616007.86,1163962.3875
32,2011-04-15,1120508.14,0,45.97,3.611,192.4225954,8.595,2011,4,15,2,4,768390.05,2057406.33,1534594.0,1381783.3125,1127347.3158333334
23,2011-04-15,1263680.51,0,45.51,3.823,134.2784667,4.781,2011,4,15,2,4,1120508.14,1856467.84,307333.62,1233586.4800000002,1188619.0016666667
44,2011-04-15,289667.55,0,41.72,3.616,128.9107333,6.906,2011,4,15,2,4,1263680.51,1781767.22,2074953.46,860561.5625000002,1137068.0691666666
42,2011-04-15,597644.02,0,61.05,4.089,128.9107333,8.494,2011,4,15,2,4,289667.55,768390.05,384075.31,817875.0550000002,1151590.0591666668
41,2011-04-15,1192982.07,0,39.94,3.611,192.4225954,6.934,2011,4,15,2,4,597644.02,1120508.14,1847552.61,835993.5375000003,1130272.1466666667
40,2011-04-15,874446.32,0,43.69,3.823,134.2784667,4.781,2011,4,15,2,4,1192982.07,1263680.51,292498.61,738684.9900000002,1177483.2083333335
39,2011-04-15,1348031.55,0,73.19,3.743,214.026217,8.3,2011,4,15,2,4,874446.32,289667.55,1614259.35,1003275.9900000002,1126436.8575
38,2011-04-15,362758.94,0,57.63,3.868,128.9107333,13.736,2011,4,15,2,4,1348031.55,597644.02,561625.92,944554.7200000001,1126145.8783333334
37,2011-04-15,543775.87,0,73.25,3.743,214.026217,8.3,2011,4,15,2,4,362758.94,1192982.07,744782.89,782253.1700000002,1000010.0066666667
36,2011-04-15,414986.54,0,73.25,3.763,214.026217,8.3,2011,4,15,2,4,543775.87,874446.32,750182.71,667388.2250000002,879886.565
35,2011-04-15,795157.2,0,52.24,3.821,138.1646952,8.512,2011,4,15,2,4,414986.54,1348031.55,1206252.12,529169.6375000002,797669.0633333334
34,2011-04-15,941829.0,0,53.3,3.724,128.9107333,10.581,2011,4,15,2,4,795157.2,362758.94,969046.69,673937.1525000001,812122.3091666667
33,2011-04-15,275749.56,0,64.64,4.089,128.9107333,8.687,2011,4,15,2,4,941829.0,543775.87,620087.35,606930.5750000001,741725.7608333334
31,2011-04-15,1408464.08,0,71.01,3.743,214.9420631,7.931,2011,4,15,2,4,275749.56,414986.54,947753.32,855299.9600000002,753791.0583333335
30,2011-04-15,426666.92,0,71.01,3.743,214.9420631,7.931,2011,4,15,2,4,1408464.08,795157.2,1350646.16,763177.3900000001,765207.6725
29,2011-04-15,518245.97,0,48.88,3.823,134.2784667,9.966,2011,4,15,2,4,426666.92,941829.0,392152.3,657281.6325000001,758591.1683333333
28,2011-04-15,1240126.07,0,57.63,3.868,128.9107333,13.736,2011,4,15,2,4,518245.97,275749.56,543703.16,898375.7600000002,762519.835
27,2011-04-15,1727175.61,0,52.24,3.981,138.1646952,7.725,2011,4,15,2,4,1240126.07,1408464.08,813352.41,978053.6425000002,833580.6091666667
26,2011-04-15,863266.12,0,39.46,3.823,134.2784667,7.818,2011,4,15,2,4,1727175.61,426666.92,975479.83,1087203.4425000001,793183.4899999999
25,2011-04-15,674562.45,0,51.43,3.821,208.3172811,7.287,2011,4,15,2,4,863266.12,518245.97,271924.73,1126282.5625000002,819167.1158333333
24,2011-04-15,1245576.65,0,52.36,3.981,134.2784667,8.212,2011,4,15,2,4,674562.45,1240126.07,428727.61,1127645.2075,877650.5141666665
22,2011-04-15,1008557.04,0,48.88,3.823,138.1646952,8.252,2011,4,15,2,4,1245576.65,1727175.61,1416790.17,947990.5650000001,927114.7225
43,2011-04-15,635758.03,0,65.01,3.743,207.1015429,10.581,2011,4,15,2,4,1008557.04,863266.12,443889.5,891113.5425,913831.4583333334
45,2011-04-15,765270.02,0,53.69,3.821,185.5339821,8.521,2011,4,15,2,4,635758.03,674562.45,505304.33,913790.435,899118.2100000001
44,2011-04-22,280357.3,0,47.55,3.655,128.9553,6.906,2011,4,16,2,4,765270.02,1245576.65,1248901.98,672485.5975000001,899502.1883333334
26,2011-04-22,921700.61,0,33.81,3.919,134.3571,7.818,2011,4,16,2,4,280357.3,1008557.04,1414713.5,650771.4900000001,858938.5658333333
27,2011-04-22,1921655.48,0,50.02,4.061,138.2475036,7.725,2011,4,16,2,4,921700.61,635758.03,1689844.18,972245.8525,983520.9458333333
28,2011-04-22,1297452.0,0,72.12,4.134,128.9553,13.736,2011,4,16,2,4,1921655.48,765270.02,985229.81,1105291.3475000001,1048454.7816666666
29,2011-04-22,589252.69,0,47.76,3.919,134.3571,9.966,2011,4,16,2,4,1297452.0,280357.3,648606.13,1182515.195,994215.3333333334
30,2011-04-22,445358.73,0,70.79,3.807,215.1096657,7.931,2011,4,16,2,4,589252.69,921700.61,1102975.59,1063429.725,887397.2599999999
31,2011-04-22,1461393.91,0,70.79,3.807,215.1096657,7.931,2011,4,16,2,4,445358.73,1921655.48,1273670.32,948364.3325000001,937241.2425
32,2011-04-22,1210602.91,0,48.69,3.636,192.5234638,8.595,2011,4,16,2,4,1461393.91,1297452.0,1950994.04,926652.06,981911.2808333333
1,2011-04-22,1564819.81,0,72.99,3.807,215.4599053,7.682,2011,4,16,2,4,1210602.91,589252.69,1974960.86,1170543.84,1008514.8775
34,2011-04-22,1051518.45,0,63.83,3.781,128.9553,10.581,2011,4,16,2,4,1564819.81,445358.73,607691.36,1322083.77,1012094.995
35,2011-04-22,841778.34,0,50.02,3.892,138.2475036,8.512,2011,4,16,2,4,1051518.45,1461393.91,988157.72,1167179.8775000002,1029263.3541666666
36,2011-04-22,374574.72,0,74.57,3.805,214.1921572,8.3,2011,4,16,2,4,841778.34,1210602.91,825283.43,958172.8300000001,996705.4125
37,2011-04-22,526434.37,0,74.57,3.807,214.1921572,8.3,2011,4,16,2,4,374574.72,1564819.81,1392093.04,698576.4700000002,1017211.835
38,2011-04-22,362952.34,0,72.12,4.134,128.9553,13.736,2011,4,16,2,4,526434.37,1051518.45,990951.77,526434.9425000001,970649.4791666666
39,2011-04-22,1563140.85,0,74.98,3.807,214.1921572,8.3,2011,4,16,2,4,362952.34,841778.34,427855.24,706775.5700000002,940773.2600000001
40,2011-04-22,965056.4,0,39.32,3.919,134.3571,4.781,2011,4,16,2,4,1563140.85,374574.72,1312905.8,854395.9900000001,913073.6266666666
41,2011-04-22,1304481.75,0,42.86,3.636,192.5234638,6.934,2011,4,16,2,4,965056.4,526434.37,1559889.0,1048907.8350000002,972676.0483333332
42,2011-04-22,534597.69,0,75.93,3.917,128.9553,8.494,2011,4,16,2,4,1304481.75,362952.34,528420.28,1091819.1725,980112.6283333334
43,2011-04-22,638280.67,0,74.49,3.807,207.2581929,10.581,2011,4,16,2,4,534597.69,1563140.85,908278.74,860604.1275000001,911519.8583333334
45,2011-04-22,813630.44,0,53.04,3.892,185.6684673,8.521,2011,4,16,2,4,638280.67,965056.4,423380.14,822747.6375000001,878438.8191666667
25,2011-04-22,756588.42,0,45.87,3.892,208.4779405,7.287,2011,4,16,2,4,813630.44,1304481.75,1448797.02,685774.3050000002,811086.2033333333
24,2011-04-22,1372484.9,0,46.0,4.061,134.3571,8.212,2011,4,16,2,4,756588.42,534597.69,307913.58,895246.1075000002,837833.4075000001
33,2011-04-22,248603.3,0,79.46,3.917,128.9553,8.687,2011,4,16,2,4,1372484.9,638280.67,1960587.76,797826.7650000001,788402.1541666667
22,2011-04-22,1152781.9,0,47.76,3.919,138.2475036,8.252,2011,4,16,2,4,248603.3,813630.44,366250.69,882614.6300000001,853252.7525
2,2011-04-22,1886339.6,0,69.39,3.807,215.1096657,7.931,2011,4,16,2,4,1152781.9,756588.42,2057406.33,1165052.4250000003,966578.1883333335
23,2011-04-22,1447301.24,0,39.62,3.919,134.3571,4.781,2011,4,16,2,4,1886339.6,1372484.9,1856467.84,1183756.51,1056940.5966666667
3,2011-04-22,391860.04,0,76.91,3.807,218.851237,7.574,2011,4,16,2,4,1447301.24,248603.3,1781767.22,1219570.695,959333.8624999999
4,2011-04-22,2220600.76,0,68.8,3.781,128.9553,5.946,2011,4,16,2,4,391860.04,1152781.9,768390.05,1486525.4100000001,1063962.5591666668
5,2011-04-22,328415.44,0,74.34,3.807,216.0280407,6.489,2011,4,16,2,4,2220600.76,1886339.6,1120508.14,1097044.37,982623.7000000001
6,2011-04-22,1639358.93,0,74.24,3.807,217.0146941,6.855,2011,4,16,2,4,328415.44,1447301.24,1263680.51,1145058.7925,1074687.1366666665
8,2011-04-22,937473.13,0,65.11,3.807,218.8986857,6.297,2011,4,16,2,4,1639358.93,391860.04,289667.55,1281462.065,1099619.8416666666
9,2011-04-22,549502.11,0,72.35,3.807,219.0861659,6.38,2011,4,16,2,4,937473.13,2220600.76,597644.02,863687.4025000001,1077609.1475
10,2011-04-22,2004831.14,0,75.93,3.917,128.9553,8.494,2011,4,16,2,4,549502.11,328415.44,1192982.07,1282791.3275000001,1181629.3741666668
11,2011-04-22,1388118.53,0,78.31,3.807,218.851237,7.574,2011,4,16,2,4,2004831.14,1639358.93,874446.32,1219981.2275,1182932.1766666665
7,2011-04-22,466594.89,0,31.84,3.636,192.5234638,8.595,2011,4,16,2,4,1388118.53,937473.13,1348031.55,1102261.6675,1201098.1425
13,2011-04-22,2124316.34,0,47.55,3.655,128.9553,7.193,2011,4,16,2,4,466594.89,549502.11,362758.94,1495965.225,1282059.3458333334
14,2011-04-22,2256461.39,0,53.04,3.892,185.6684673,8.521,2011,4,16,2,4,2124316.34,2004831.14,543775.87,1558872.7875,1312902.8283333334
15,2011-04-22,655318.26,0,41.37,4.061,134.3571,7.658,2011,4,16,2,4,2256461.39,1388118.53,414986.54,1375672.7200000002,1246904.2466666668
16,2011-04-22,368600.0,0,40.74,3.636,192.5234638,6.339,2011,4,16,2,4,655318.26,466594.89,795157.2,1351173.9975000003,1244965.91
17,2011-04-22,1060770.11,0,42.24,3.655,128.9553,6.774,2011,4,16,2,4,368600.0,2124316.34,941829.0,1085287.4400000002,1148313.3558333332
18,2011-04-22,1105860.06,0,45.99,3.919,134.3571,8.975,2011,4,16,2,4,1060770.11,2256461.39,275749.56,797637.1075000002,1213100.4075
19,2011-04-22,1514288.82,0,41.66,4.061,134.3571,7.658,2011,4,16,2,4,1105860.06,655318.26,1408464.08,1012379.7475000003,1202677.8983333334
20,2011-04-22,2313861.81,0,52.56,3.892,208.4779405,7.287,2011,4,16,2,4,1514288.82,368600.0,426666.92,1498695.2000000002,1317376.955
12,2011-04-22,1016019.47,0,72.12,4.134,128.9553,13.736,2011,4,16,2,4,2313861.81,1060770.11,518245.97,1487507.54,1356253.4016666666
21,2011-04-22,801302.01,0,70.79,3.807,215.1096657,7.931,2011,4,16,2,4,1016019.47,1105860.06,1240126.07,1411368.0274999999,1255959.3074999999
15,2011-04-29,560764.41,0,55.46,4.117,134.4357333,7.658,2011,4,17,2,4,801302.01,1514288.82,1727175.61,1172986.925,1187013.1308333334
16,2011-04-29,378100.31,0,37.77,3.663,192.6243322,6.339,2011,4,17,2,4,560764.41,2313861.81,863266.12,689046.55,1179638.5825
17,2011-04-29,806979.15,0,40.14,3.683,128.9998667,6.774,2011,4,17,2,4,378100.31,1016019.47,674562.45,636786.47,1069860.4833333334
21,2011-04-29,783250.75,0,70.19,3.81,215.2772683,7.931,2011,4,17,2,4,806979.15,801302.01,1245576.65,632273.655,947092.93
19,2011-04-29,1297237.7,0,54.23,4.117,134.4357333,7.658,2011,4,17,2,4,783250.75,560764.41,1008557.04,816391.9775,1000586.2166666667
20,2011-04-29,1881788.19,0,62.97,3.962,208.6386,7.287,2011,4,17,2,4,1297237.7,378100.31,635758.03,1192313.9475,1126685.2325
14,2011-04-29,1930617.64,0,66.18,3.962,185.8029526,8.521,2011,4,17,2,4,1881788.19,806979.15,765270.02,1473223.5699999998,1199172.5266666666
18,2011-04-29,974114.39,0,58.82,3.988,134.4357333,8.975,2011,4,17,2,4,1930617.64,783250.75,280357.3,1520939.48,1188193.7208333334
13,2011-04-29,1895583.12,0,43.85,3.683,128.9998667,7.193,2011,4,17,2,4,974114.39,1297237.7,921700.61,1670525.835,1219968.2458333333
3,2011-04-29,367405.4,0,78.69,3.81,219.0236099,7.574,2011,4,17,2,4,1895583.12,1881788.19,1921655.48,1291930.1375000002,1057763.5450000002
11,2011-04-29,1357589.89,0,79.97,3.81,219.0236099,7.574,2011,4,17,2,4,367405.4,1930617.64,1297452.0,1148673.2000000002,1086227.7466666668
10,2011-04-29,1873646.34,0,73.38,4.151,128.9998667,8.494,2011,4,17,2,4,1357589.89,974114.39,589252.69,1373556.1875,1175589.7741666667
9,2011-04-29,532226.2,0,70.85,3.81,219.2588382,6.38,2011,4,17,2,4,1873646.34,1895583.12,445358.73,1032716.9575,1173211.59
8,2011-04-29,855014.77,0,62.29,3.81,219.071119,6.297,2011,4,17,2,4,532226.2,367405.4,1461393.91,1154619.3,1212954.4616666667
7,2011-04-29,410429.73,0,26.79,3.663,192.6243322,8.595,2011,4,17,2,4,855014.77,1357589.89,1210602.91,917829.26,1179908.6766666665
6,2011-04-29,1479249.9,0,75.27,3.81,217.1847255,6.855,2011,4,17,2,4,410429.73,1873646.34,1564819.81,819230.1499999999,1237908.6058333332
5,2011-04-29,307291.56,0,74.75,3.81,216.1968142,6.489,2011,4,17,2,4,1479249.9,532226.2,1051518.45,762996.4899999999,1155413.0941666667
4,2011-04-29,1878167.44,0,64.22,3.781,128.9998667,5.946,2011,4,17,2,4,307291.56,855014.77,841778.34,1018784.6575,1155111.365
12,2011-04-29,994966.1,0,68.27,4.151,128.9998667,13.736,2011,4,17,2,4,1878167.44,410429.73,374574.72,1164918.75,1077140.4033333333
22,2011-04-29,926133.8,0,57.2,3.988,138.3303119,8.252,2011,4,17,2,4,994966.1,1479249.9,526434.37,1026639.725,1073142.0208333333
44,2011-04-29,281247.97,0,43.85,3.683,128.9998667,6.906,2011,4,17,2,4,926133.8,307291.56,362952.34,1020128.8275,938614.0916666667
24,2011-04-29,1197761.17,0,60.48,4.117,134.4357333,8.212,2011,4,17,2,4,281247.97,1878167.44,1563140.85,850027.26,1007810.4058333334
2,2011-04-29,1745545.28,0,69.21,3.81,215.2772683,7.931,2011,4,17,2,4,1197761.17,994966.1,965056.4,1037672.0549999999,1040140.0216666666
43,2011-04-29,611464.21,0,71.34,3.81,207.4148429,10.581,2011,4,17,2,4,1745545.28,926133.8,1304481.75,959004.6575,934958.1774999999
42,2011-04-29,496010.17,0,73.38,4.151,128.9998667,8.494,2011,4,17,2,4,611464.21,281247.97,534597.69,1012695.2075,931940.1749999999
41,2011-04-29,1178841.05,0,39.81,3.663,192.6243322,6.934,2011,4,17,2,4,496010.17,1197761.17,638280.67,1007965.1775,958925.6983333332
40,2011-04-29,847246.5,0,52.68,3.988,134.4357333,4.781,2011,4,17,2,4,1178841.05,1745545.28,813630.44,783390.4824999999,995327.0958333333
39,2011-04-29,1379651.87,0,76.47,3.81,214.3580974,8.3,2011,4,17,2,4,847246.5,611464.21,756588.42,975437.3975,987027.2600000001
38,2011-04-29,344225.99,0,68.27,4.151,128.9998667,13.736,2011,4,17,2,4,1379651.87,496010.17,1372484.9,937491.3525,990105.1291666665
37,2011-04-29,502918.18,0,76.1,3.81,214.3580974,8.3,2011,4,17,2,4,344225.99,1178841.05,248603.3,768510.635,875501.0241666668
36,2011-04-29,340708.78,0,76.1,3.837,214.3580974,8.3,2011,4,17,2,4,502918.18,847246.5,1152781.9,641876.2050000001,820979.5808333334
35,2011-04-29,811824.06,0,61.71,3.962,138.3303119,8.512,2011,4,17,2,4,340708.78,1379651.87,1886339.6,499919.2525,811453.7691666667
34,2011-04-29,895973.02,0,57.73,3.781,128.9998667,10.581,2011,4,17,2,4,811824.06,344225.99,1447301.24,637856.01,862680.8566666668
33,2011-04-29,248561.86,0,77.44,4.151,128.9998667,8.687,2011,4,17,2,4,895973.02,502918.18,391860.04,574266.93,783580.9141666666
32,2011-04-29,1107494.55,0,44.86,3.663,192.6243322,8.595,2011,4,17,2,4,248561.86,340708.78,2220600.76,765963.3725,730410.02
31,2011-04-29,1331137.96,0,70.19,3.81,215.2772683,7.931,2011,4,17,2,4,1107494.55,811824.06,328415.44,895791.8474999999,790382.8325
30,2011-04-29,423687.2,0,70.19,3.81,215.2772683,7.931,2011,4,17,2,4,1331137.96,895973.02,1639358.93,777720.3925,784355.9183333333
29,2011-04-29,493078.64,0,57.2,3.988,134.4357333,9.966,2011,4,17,2,4,423687.2,248561.86,937473.13,838849.5875,727209.0508333333
28,2011-04-29,1222367.9,0,68.27,4.151,128.9998667,13.736,2011,4,17,2,4,493078.64,1107494.55,549502.11,867567.9249999999,758469.1675
27,2011-04-29,1642074.64,0,61.71,4.117,138.3303119,7.725,2011,4,17,2,4,1222367.9,1331137.96,2004831.14,945302.095,780337.7316666666
26,2011-04-29,873450.29,0,47.17,3.988,134.4357333,7.818,2011,4,17,2,4,1642074.64,423687.2,1388118.53,1057742.8675,824439.7566666667
23,2011-04-29,1173307.4,0,54.2,3.988,134.4357333,4.781,2011,4,17,2,4,873450.29,493078.64,466594.89,1227800.0574999999,880305.525
45,2011-04-29,786561.61,0,66.18,3.962,185.8029526,8.521,2011,4,17,2,4,1173307.4,1222367.9,2124316.34,1118848.4849999999,917459.9275000001
25,2011-04-29,649245.0,0,58.43,3.962,208.6386,7.287,2011,4,17,2,4,786561.61,1642074.64,2256461.39,870641.075,903911.6725
1,2011-04-29,1455090.69,0,72.03,3.81,215.6279544,7.682,2011,4,17,2,4,649245.0,873450.29,655318.26,1016051.1749999999,950504.8116666666
45,2011-05-06,810150.64,0,58.21,4.046,185.9374378,8.521,2011,5,18,2,4,1455090.69,1173307.4,368600.0,925261.985,997303.8766666666
26,2011-05-06,1024778.23,0,45.0,4.078,134.5143667,7.818,2011,5,18,2,4,810150.64,786561.61,1060770.11,984816.14,990410.85
27,2011-05-06,1757041.96,0,56.48,4.192,138.4131202,7.725,2011,5,18,2,4,1024778.23,649245.0,1105860.06,1261765.38,1025902.85
28,2011-05-06,1515890.38,0,68.4,4.193,129.0444333,13.736,2011,5,18,2,4,1757041.96,1455090.69,1514288.82,1276965.3025,1116919.7816666665
29,2011-05-06,534372.53,0,53.63,4.078,134.5143667,9.966,2011,5,18,2,4,1515890.38,810150.64,2313861.81,1208020.7750000001,1120360.9391666667
30,2011-05-06,438789.52,0,61.87,3.906,215.4448709,7.931,2011,5,18,2,4,534372.53,1024778.23,1016019.47,1061523.5975,1055062.7408333332
31,2011-05-06,1388755.61,0,61.87,3.906,215.4448709,7.931,2011,5,18,2,4,438789.52,1757041.96,801302.01,969452.01,1033952.8216666667
32,2011-05-06,1181793.55,0,46.65,3.735,192.7252006,8.595,2011,5,18,2,4,1388755.61,1515890.38,560764.41,885927.8025,1059648.0933333333
33,2011-05-06,257031.19,0,77.92,4.193,129.0444333,8.687,2011,5,18,2,4,1181793.55,534372.53,378100.31,816592.4675,983291.7424999998
34,2011-05-06,965853.58,0,54.4,3.866,129.0444333,10.581,2011,5,18,2,4,257031.19,438789.52,806979.15,948358.4825000002,998232.7399999999
35,2011-05-06,835181.18,0,56.48,4.046,138.4131202,8.512,2011,5,18,2,4,965853.58,1388755.61,783250.75,809964.875,1013727.4216666667
36,2011-05-06,393401.4,0,69.56,3.917,214.5240376,8.3,2011,5,18,2,4,835181.18,1181793.55,1297237.7,612866.8375,925253.3141666666
37,2011-05-06,547513.3,0,69.56,3.906,214.5240376,8.3,2011,5,18,2,4,393401.4,257031.19,1881788.19,685487.365,903366.8691666666
38,2011-05-06,422186.65,0,68.4,4.193,129.0444333,13.736,2011,5,18,2,4,547513.3,965853.58,1930617.64,549570.6325000001,853150.9041666668
39,2011-05-06,1370920.87,0,68.75,3.906,214.5240376,8.3,2011,5,18,2,4,422186.65,835181.18,974114.39,683505.555,820974.1466666666
40,2011-05-06,1016752.55,0,50.81,4.078,134.5143667,4.781,2011,5,18,2,4,1370920.87,393401.4,1895583.12,839343.3425,779379.3275
41,2011-05-06,1244956.91,0,41.2,3.735,192.7252006,6.934,2011,5,18,2,4,1016752.55,547513.3,367405.4,1013704.2450000001,838594.6925
42,2011-05-06,612337.35,0,73.56,4.193,129.0444333,8.494,2011,5,18,2,4,1244956.91,422186.65,1357589.89,1061241.92,853057.0116666666
43,2011-05-06,649148.74,0,66.77,3.906,207.5714929,10.581,2011,5,18,2,4,612337.35,1370920.87,1873646.34,880798.8875,791423.1058333333
44,2011-05-06,299354.67,0,47.75,3.744,129.0444333,6.906,2011,5,18,2,4,649148.74,1016752.55,532226.2,701449.4175,717886.5325000001
25,2011-05-06,659446.55,0,49.5,4.046,208.7992595,7.287,2011,5,18,2,4,299354.67,1244956.91,855014.77,555071.8275,751421.1458333334
24,2011-05-06,1339630.35,0,55.75,4.192,134.5143667,8.212,2011,5,18,2,4,659446.55,612337.35,410429.73,736895.0775,782569.21
1,2011-05-06,1629391.28,0,64.61,3.906,215.7960035,7.682,2011,5,18,2,4,1339630.35,649148.74,1479249.9,981955.7125000001,848753.3850000001
22,2011-05-06,1032076.06,0,53.63,4.078,138.4131202,8.252,2011,5,18,2,4,1629391.28,299354.67,307291.56,1165136.06,901976.2733333333
23,2011-05-06,1359921.13,0,50.07,4.078,134.5143667,4.781,2011,5,18,2,4,1032076.06,659446.55,1878167.44,1340254.705,969676.9258333334
2,2011-05-06,1837743.6,0,61.48,3.906,215.4448709,7.931,2011,5,18,2,4,1359921.13,1339630.35,994966.1,1464783.0175,1087640.0050000001
3,2011-05-06,413042.12,0,69.45,3.906,219.1959827,7.574,2011,5,18,2,4,1837743.6,1629391.28,926133.8,1160695.7275,1007816.7758333334
4,2011-05-06,2063682.76,0,63.41,3.866,129.0444333,5.946,2011,5,18,2,4,413042.12,1032076.06,281247.97,1418597.4025,1095060.9600000002
5,2011-05-06,322904.68,0,66.27,3.906,216.3655877,6.489,2011,5,18,2,4,2063682.76,1359921.13,1197761.17,1159343.29,1018223.2741666668
6,2011-05-06,1504651.57,0,65.42,3.906,217.3547569,6.855,2011,5,18,2,4,322904.68,1837743.6,1745545.28,1076070.2825,1092582.7925000002
8,2011-05-06,941457.34,0,58.92,3.906,219.2435524,6.297,2011,5,18,2,4,1504651.57,413042.12,611464.21,1208174.0875000001,1116941.8425
9,2011-05-06,545251.1,0,62.2,3.906,219.4315106,6.38,2011,5,18,2,4,941457.34,2063682.76,496010.17,828566.1725,1137433.2116666667
10,2011-05-06,1841369.99,0,73.56,4.193,129.0444333,8.494,2011,5,18,2,4,545251.1,322904.68,1178841.05,1208182.5,1235926.8316666668
11,2011-05-06,1331453.41,0,71.39,3.906,219.1959827,7.574,2011,5,18,2,4,1841369.99,1504651.57,847246.5,1164882.96,1235245.4200000002
7,2011-05-06,407012.47,0,26.54,3.735,192.7252006,8.595,2011,5,18,2,4,1331453.41,941457.34,1379651.87,1031271.7424999999,1133380.5191666665
13,2011-05-06,1986380.4,0,47.75,3.744,129.0444333,7.193,2011,5,18,2,4,407012.47,545251.1,344225.99,1391554.0675,1212905.8808333334
14,2011-05-06,2095599.93,0,58.21,4.046,185.9374378,8.521,2011,5,18,2,4,1986380.4,1841369.99,502918.18,1455111.5524999998,1274212.4475
15,2011-05-06,630522.67,0,49.87,4.192,134.5143667,7.658,2011,5,18,2,4,2095599.93,1331453.41,340708.78,1279878.8675,1173610.7033333334
21,2011-05-06,718898.33,0,61.87,3.906,215.4448709,7.931,2011,5,18,2,4,630522.67,407012.47,811824.06,1357850.3325,1199098.7208333332
16,2011-05-06,423805.22,0,38.64,3.735,192.7252006,6.339,2011,5,18,2,4,718898.33,1986380.4,895973.02,967206.5375000001,1062442.2591666665
17,2011-05-06,882132.28,0,45.66,3.744,129.0444333,6.774,2011,5,18,2,4,423805.22,2095599.93,248561.86,663839.625,1109044.5591666666
18,2011-05-06,1065427.37,0,54.17,4.078,134.5143667,8.975,2011,5,18,2,4,882132.28,630522.67,1107494.55,772565.8,1072442.5425
19,2011-05-06,1451953.95,0,50.43,4.192,134.5143667,7.658,2011,5,18,2,4,1065427.37,718898.33,1331137.96,955829.7050000001,1114983.9266666665
20,2011-05-06,2090838.44,0,53.41,4.046,208.7992595,7.287,2011,5,18,2,4,1451953.95,423805.22,423687.2,1372588.01,1243782.8716666666
12,2011-05-06,1021154.48,0,68.4,4.193,129.0444333,13.736,2011,5,18,2,4,2090838.44,882132.28,493078.64,1407343.56,1175431.5791666666
33,2011-05-13,279466.87,0,78.24,4.202,129.089,8.687,2011,5,19,2,4,1021154.48,1065427.37,1222367.9,1210853.435,1087766.0341666667
32,2011-05-13,1138162.76,0,56.09,3.767,192.826069,8.595,2011,5,19,2,4,279466.87,1451953.95,1642074.64,1132405.6375,1148695.225
31,2011-05-13,1408118.22,0,75.04,3.899,215.6124735,7.931,2011,5,19,2,4,1138162.76,2090838.44,873450.29,961725.5825,1100506.71
27,2011-05-13,1763545.32,0,60.07,4.211,138.4959286,7.725,2011,5,19,2,4,1408118.22,1021154.48,1173307.4,1147323.2925,1072835.4925
29,2011-05-13,549551.02,0,57.71,4.095,134.593,9.966,2011,5,19,2,4,1763545.32,279466.87,786561.61,1214844.33,1066087.8550000002
28,2011-05-13,1253316.3,0,70.93,4.202,129.089,13.736,2011,5,19,2,4,549551.02,1138162.76,649245.0,1243632.715,1110622.6858333333
34,2011-05-13,966232.69,0,63.05,3.872,129.089,10.581,2011,5,19,2,4,1253316.3,1408118.22,1455090.69,1133161.3325,1155824.9749999999
30,2011-05-13,424614.59,0,75.04,3.899,215.6124735,7.931,2011,5,19,2,4,966232.69,1763545.32,810150.64,798428.65,1117698.5008333332
35,2011-05-13,826155.95,0,60.07,4.066,138.4959286,8.512,2011,5,19,2,4,424614.59,549551.02,1024778.23,867579.8825000001,1097759.2158333333
45,2011-05-13,793889.1,0,60.38,4.066,186.0719231,8.521,2011,5,19,2,4,826155.95,1253316.3,1757041.96,752723.0825,1042920.4783333334
37,2011-05-13,511871.63,0,76.73,3.899,214.6899778,8.3,2011,5,19,2,4,793889.1,966232.69,1515890.38,639132.8175,911339.9108333335
38,2011-05-13,366977.79,0,70.93,4.202,129.089,13.736,2011,5,19,2,4,511871.63,424614.59,534372.53,624723.6175,856825.1866666666
39,2011-05-13,1325022.77,0,77.39,3.899,214.6899778,8.3,2011,5,19,2,4,366977.79,826155.95,438789.52,749440.3225,943954.8449999999
40,2011-05-13,903864.02,0,54.09,4.095,134.593,4.781,2011,5,19,2,4,1325022.77,793889.1,1388755.61,776934.0525,924429.9500000001
41,2011-05-13,1270025.74,0,50.29,3.767,192.826069,6.934,2011,5,19,2,4,903864.02,511871.63,1181793.55,966472.5800000001,912922.2433333335
42,2011-05-13,603024.75,0,74.04,4.202,129.089,8.494,2011,5,19,2,4,1270025.74,366977.79,257031.19,1025484.3200000001,816212.1958333334
43,2011-05-13,684655.91,0,76.03,3.899,207.7281429,10.581,2011,5,19,2,4,603024.75,1325022.77,965853.58,865392.605,827470.9366666666
44,2011-05-13,307095.31,0,52.4,3.77,129.089,6.906,2011,5,19,2,4,684655.91,903864.02,835181.18,716200.4275,748619.1875
26,2011-05-13,941008.85,0,48.2,4.095,134.593,7.818,2011,5,19,2,4,307095.31,1270025.74,393401.4,633946.2050000001,746517.2008333333
36,2011-05-13,395316.65,0,76.73,3.92,214.6899778,8.3,2011,5,19,2,4,941008.85,603024.75,547513.3,582019.18,744075.7058333334
25,2011-05-13,684783.15,0,60.1,4.066,208.9599189,7.287,2011,5,19,2,4,395316.65,684655.91,422186.65,582050.99,732294.6391666667
15,2011-05-13,630482.91,0,57.07,4.211,134.593,7.658,2011,5,19,2,4,684783.15,307095.31,1370920.87,662897.89,718677.4566666667
23,2011-05-13,1254914.87,0,55.12,4.095,134.593,4.781,2011,5,19,2,4,630482.91,941008.85,1016752.55,741374.395,780597.7266666667
3,2011-05-13,386312.68,0,79.87,3.899,219.3683556,7.574,2011,5,19,2,4,1254914.87,395316.65,1244956.91,739123.4025000001,782208.9674999999
1,2011-05-13,1604775.58,0,75.64,3.899,215.9640526,7.682,2011,5,19,2,4,386312.68,684783.15,612337.35,969121.51,805521.7016666667
4,2011-05-13,2002362.37,0,70.65,3.872,129.089,5.946,2011,5,19,2,4,1604775.58,630482.91,649148.74,1312091.375,897063.2308333335
5,2011-05-13,290930.01,0,77.38,3.899,216.5343611,6.489,2011,5,19,2,4,2002362.37,1254914.87,299354.67,1071095.1600000001,815471.92
6,2011-05-13,1453185.65,0,76.95,3.899,217.5247882,6.855,2011,5,19,2,4,290930.01,386312.68,659446.55,1337813.4024999999,886318.6616666667
7,2011-05-13,414094.05,0,36.61,3.767,192.826069,8.595,2011,5,19,2,4,1453185.65,1604775.58,1339630.35,1040143.0199999999,863771.84
8,2011-05-13,895763.41,0,72.96,3.899,219.4159857,6.297,2011,5,19,2,4,414094.05,2002362.37,1629391.28,763493.28,912827.515
9,2011-05-13,539126.0,0,77.66,3.899,219.6041829,6.38,2011,5,19,2,4,895763.41,290930.01,1032076.06,825542.2775,879337.2775
10,2011-05-13,1712995.44,0,74.04,4.202,129.089,8.494,2011,5,19,2,4,539126.0,1453185.65,1359921.13,890494.725,989143.8433333333
24,2011-05-13,1311950.16,0,58.49,4.211,134.593,8.212,2011,5,19,2,4,1712995.44,414094.05,1837743.6,1114958.7525,1041407.7608333332
11,2011-05-13,1277959.42,0,80.93,3.899,219.3683556,7.574,2011,5,19,2,4,1311950.16,895763.41,413042.12,1210507.755,1095364.1366666667
13,2011-05-13,1958823.56,0,52.4,3.77,129.089,7.193,2011,5,19,2,4,1277959.42,539126.0,2063682.76,1565432.145,1154023.1941666666
14,2011-05-13,2004330.3,0,60.38,4.066,186.0719231,8.521,2011,5,19,2,4,1958823.56,1712995.44,322904.68,1638265.86,1288857.9958333333
16,2011-05-13,410406.95,0,43.29,3.767,192.826069,6.339,2011,5,19,2,4,2004330.3,1311950.16,1504651.57,1412880.0575,1189327.2766666666
17,2011-05-13,870625.49,0,49.26,3.77,129.089,6.774,2011,5,19,2,4,410406.95,1277959.42,941457.34,1311046.5750000002,1095015.8699999999
18,2011-05-13,993172.98,0,58.48,4.095,134.593,8.975,2011,5,19,2,4,870625.49,1958823.56,545251.1,1069633.93,1153536.1175
19,2011-05-13,1429143.06,0,54.2,4.211,134.593,7.658,2011,5,19,2,4,993172.98,2004330.3,1841369.99,925837.12,1151532.5683333334
20,2011-05-13,2036748.53,0,62.26,4.066,208.9599189,7.287,2011,5,19,2,4,1429143.06,410406.95,1331453.41,1332422.515,1286753.7750000001
21,2011-05-13,754236.7,0,75.04,3.899,215.6124735,7.931,2011,5,19,2,4,2036748.53,870625.49,407012.47,1303325.3175000001,1274959.8825
22,2011-05-13,1001558.74,0,57.71,4.095,138.4959286,8.252,2011,5,19,2,4,754236.7,993172.98,1986380.4,1305421.7575,1313495.9441666666
12,2011-05-13,977033.5,0,70.93,4.202,129.089,13.736,2011,5,19,2,4,1001558.74,1429143.06,2095599.93,1192394.3675,1252165.7825
2,2011-05-13,1838513.07,0,74.61,3.899,215.6124735,7.931,2011,5,19,2,4,977033.5,2036748.53,630522.67,1142835.5025,1296046.0250000001
41,2011-05-20,1244542.33,0,41.11,3.828,192.831317,6.934,2011,5,20,2,4,1838513.07,754236.7,718898.33,1265411.9100000001,1293261.2675
44,2011-05-20,303559.23,0,52.12,3.802,129.0756774,6.906,2011,5,20,2,4,1244542.33,1001558.74,423805.22,1090912.0325,1155322.5733333332
21,2011-05-20,744836.56,0,68.36,3.907,215.3834778,7.931,2011,5,20,2,4,303559.23,977033.5,882132.28,1032862.7975,1050364.7616666665
23,2011-05-20,1337617.55,0,56.67,4.101,134.6803871,4.781,2011,5,20,2,4,744836.56,1838513.07,1065427.37,907638.9175,1127632.3116666668
24,2011-05-20,1234281.7,0,59.84,4.202,134.6803871,8.212,2011,5,20,2,4,1337617.55,1244542.33,1451953.95,905073.76,1157936.9958333333
25,2011-05-20,677971.33,0,56.56,4.062,208.7583165,7.287,2011,5,20,2,4,1234281.7,303559.23,2090838.44,998676.785,1131670.1916666667
26,2011-05-20,938334.62,0,48.86,4.101,134.6803871,7.818,2011,5,20,2,4,677971.33,744836.56,1021154.48,1047051.3,1090769.4883333335
27,2011-05-20,1725268.56,0,60.22,4.202,138.587106,7.725,2011,5,20,2,4,938334.62,1337617.55,279466.87,1143964.0525,1064812.8241666665
28,2011-05-20,1151282.31,0,66.59,4.169,129.0756774,13.736,2011,5,20,2,4,1725268.56,1234281.7,1138162.76,1123214.205,1097899.9583333333
29,2011-05-20,492932.51,0,58.56,4.101,134.6803871,9.966,2011,5,20,2,4,1151282.31,677971.33,1408118.22,1076954.5,1055514.4391666667
30,2011-05-20,435102.2,0,68.36,3.907,215.3834778,7.931,2011,5,20,2,4,492932.51,938334.62,1763545.32,951146.395,1010353.4975
31,2011-05-20,1387365.19,0,68.36,3.907,215.3834778,7.931,2011,5,20,2,4,435102.2,1725268.56,549551.02,866670.5525,972757.8408333333
32,2011-05-20,1145084.76,0,45.71,3.828,192.831317,8.595,2011,5,20,2,4,1387365.19,1151282.31,1253316.3,865121.165,964469.71
33,2011-05-20,239206.26,0,76.07,3.99,129.0756774,8.687,2011,5,20,2,4,1145084.76,492932.51,966232.69,801689.6025,959106.9624999999
34,2011-05-20,945018.83,0,61.47,3.881,129.0756774,10.581,2011,5,20,2,4,239206.26,435102.2,424614.59,929168.76,975788.8183333334
35,2011-05-20,776838.56,0,60.22,4.062,138.587106,8.512,2011,5,20,2,4,945018.83,1387365.19,826155.95,776537.1025,929057.2358333333
36,2011-05-20,376183.44,0,73.02,3.925,214.465412,8.3,2011,5,20,2,4,776838.56,1145084.76,793889.1,584311.7725,857549.0475
37,2011-05-20,533564.42,0,73.02,3.907,214.465412,8.3,2011,5,20,2,4,376183.44,239206.26,511871.63,657901.3125,845515.1383333333
38,2011-05-20,365730.76,0,66.59,4.169,129.0756774,13.736,2011,5,20,2,4,533564.42,945018.83,366977.79,513079.29500000004,797798.1499999999
20,2011-05-20,1953416.06,0,59.01,4.062,208.7583165,7.287,2011,5,20,2,4,365730.76,776838.56,1325022.77,807223.67,816810.4416666668
39,2011-05-20,1373907.21,0,73.31,3.907,214.465412,8.3,2011,5,20,2,4,1953416.06,376183.44,903864.02,1056654.6125,835362.5166666666
19,2011-05-20,1355234.3,0,52.8,4.202,134.6803871,7.658,2011,5,20,2,4,1373907.21,533564.42,1270025.74,1262072.0825,907220.9991666666
17,2011-05-20,844443.35,0,51.93,3.802,129.0756774,6.774,2011,5,20,2,4,1355234.3,365730.76,603024.75,1381750.2300000002,941332.7616666667
45,2011-05-20,727163.67,0,62.28,4.062,185.9661154,8.521,2011,5,20,2,4,844443.35,1953416.06,684655.91,1075187.1325,886315.9683333334
1,2011-05-20,1428218.27,0,67.63,3.907,215.7339202,7.682,2011,5,20,2,4,727163.67,1373907.21,307095.31,1088764.8975,909910.4274999999
2,2011-05-20,1688281.86,0,67.14,3.907,215.3834778,7.931,2011,5,20,2,4,1428218.27,1355234.3,941008.85,1172026.7875,1030666.7275
3,2011-05-20,364603.13,0,75.79,3.907,219.127216,7.574,2011,5,20,2,4,1688281.86,844443.35,395316.65,1052066.7325000002,982298.7525
4,2011-05-20,2015563.48,0,70.49,3.881,129.0756774,5.946,2011,5,20,2,4,364603.13,727163.67,684783.15,1374166.685,1085525.8291666668
5,2011-05-20,299614.33,0,71.37,3.907,216.3023847,6.489,2011,5,20,2,4,2015563.48,1428218.27,630482.91,1092015.7,1079145.07
6,2011-05-20,1382783.83,0,72.01,3.907,217.2896095,6.855,2011,5,20,2,4,299614.33,1688281.86,1254914.87,1015641.1925,1149913.3541666667
7,2011-05-20,424670.98,0,36.16,3.828,192.831317,8.595,2011,5,20,2,4,1382783.83,364603.13,386312.68,1030658.155,1154825.0391666666
8,2011-05-20,836049.89,0,65.54,3.907,219.1746922,6.297,2011,5,20,2,4,424670.98,2015563.48,1604775.58,735779.7575000001,1061711.1916666667
9,2011-05-20,518266.9,0,70.49,3.907,219.3622809,6.38,2011,5,20,2,4,836049.89,299614.33,2002362.37,790442.9,990407.8325
10,2011-05-20,1720908.01,0,72.62,3.99,129.0756774,8.494,2011,5,20,2,4,518266.9,1382783.83,290930.01,874973.9450000001,1020880.6416666666
11,2011-05-20,1239466.97,0,76.97,3.907,219.127216,7.574,2011,5,20,2,4,1720908.01,424670.98,1453185.65,1078672.9425,1053799.2766666666
12,2011-05-20,924134.99,0,66.59,4.169,129.0756774,13.736,2011,5,20,2,4,1239466.97,836049.89,414094.05,1100694.2175,1070213.5533333335
13,2011-05-20,1860923.55,0,52.12,3.802,129.0756774,7.193,2011,5,20,2,4,924134.99,518266.9,895763.41,1436358.38,1106272.3266666667
14,2011-05-20,1959967.8,0,62.28,4.062,185.9661154,8.521,2011,5,20,2,4,1860923.55,1720908.01,539126.0,1496123.3275000001,1128912.8216666665
15,2011-05-20,593941.9,0,57.19,4.202,134.6803871,7.658,2011,5,20,2,4,1959967.8,1239466.97,1712995.44,1334742.0599999998,1148024.3858333335
16,2011-05-20,435397.19,0,43.95,3.828,192.831317,6.339,2011,5,20,2,4,593941.9,924134.99,1311950.16,1212557.61,1016343.8616666667
18,2011-05-20,994610.43,0,57.55,4.101,134.6803871,8.975,2011,5,20,2,4,435397.19,1860923.55,1277959.42,995979.3300000001,1074260.2033333334
40,2011-05-20,907110.83,0,56.38,4.101,134.6803871,4.781,2011,5,20,2,4,994610.43,1959967.8,1958823.56,732765.0875,1034620.7866666666
22,2011-05-20,970307.83,0,58.56,4.101,138.587106,8.252,2011,5,20,2,4,907110.83,593941.9,2004330.3,826856.5700000001,1080090.5241666667
42,2011-05-20,524559.95,0,72.62,3.99,129.0756774,8.494,2011,5,20,2,4,970307.83,435397.19,410406.95,849147.26,1054133.0291666666
43,2011-05-20,648330.18,0,74.21,3.907,207.5200622,10.581,2011,5,20,2,4,524559.95,994610.43,870625.49,762577.1975,1064971.6358333335
18,2011-05-27,1065214.14,0,64.6,4.034,134.7677742,8.975,2011,5,21,2,4,648330.18,907110.83,993172.98,802103.0249999999,1010330.48
17,2011-05-27,892056.64,0,51.04,3.778,129.0623548,6.774,2011,5,21,2,4,1065214.14,970307.83,1429143.06,782540.2274999999,981379.6191666666
16,2011-05-27,444718.68,0,45.17,3.795,192.8365651,6.339,2011,5,21,2,4,892056.64,524559.95,2036748.53,762579.9099999999,941428.2599999999
15,2011-05-27,636193.24,0,65.87,4.134,134.7677742,7.658,2011,5,21,2,4,444718.68,648330.18,754236.7,759545.6749999999,839367.4008333334
14,2011-05-27,2080694.24,0,69.7,3.985,185.8603077,8.521,2011,5,21,2,4,636193.24,1065214.14,1001558.74,1013415.7,849427.9375
13,2011-05-27,1866369.93,0,54.62,3.778,129.0623548,7.193,2011,5,21,2,4,2080694.24,892056.64,977033.5,1256994.0225,955463.6066666666
12,2011-05-27,964332.51,0,76.67,4.087,129.0623548,13.736,2011,5,21,2,4,1866369.93,444718.68,1838513.07,1386897.48,999541.5499999999
11,2011-05-27,1216876.52,0,85.61,3.786,218.8860765,7.574,2011,5,21,2,4,964332.51,636193.24,1244542.33,1532068.3,1018063.7241666666
10,2011-05-27,1743000.38,0,78.62,3.933,129.0623548,8.494,2011,5,21,2,4,1216876.52,2080694.24,303559.23,1447644.835,1087721.1866666668
9,2011-05-27,553834.04,0,80.42,3.786,219.1203788,6.38,2011,5,21,2,4,1743000.38,1866369.93,744836.56,1119510.8625,1053015.0374999999
8,2011-05-27,857939.41,0,73.14,3.786,218.9333986,6.297,2011,5,21,2,4,553834.04,964332.51,1337617.55,1092912.5875000001,1080796.6591666667
7,2011-05-27,457216.87,0,37.51,3.795,192.8365651,8.595,2011,5,21,2,4,857939.41,1216876.52,1234281.7,902997.6749999999,1064870.55
6,2011-05-27,1523979.11,0,80.83,3.786,217.0544307,6.855,2011,5,21,2,4,457216.87,1743000.38,677971.33,848242.3575,1103100.9641666666
5,2011-05-27,297149.69,0,80.14,3.786,216.0704083,6.489,2011,5,21,2,4,1523979.11,553834.04,938334.62,784071.27,1053525.385
4,2011-05-27,1986597.95,0,73.65,3.771,129.0623548,5.946,2011,5,21,2,4,297149.69,857939.41,1725268.56,1066235.905,1182015.3241666667
3,2011-05-27,369350.6,0,84.41,3.786,218.8860765,7.574,2011,5,21,2,4,1986597.95,457216.87,1151282.31,1044269.3374999999,1159778.4375
2,2011-05-27,1797732.56,0,76.42,3.786,215.1544822,7.931,2011,5,21,2,4,369350.6,1523979.11,492932.51,1112707.7,1136198.2975
1,2011-05-27,1466046.67,0,77.72,3.786,215.5037878,7.682,2011,5,21,2,4,1797732.56,297149.69,435102.2,1404931.9449999998,1102838.0258333334
39,2011-05-27,1406124.14,0,82.1,3.786,214.2408462,8.3,2011,5,21,2,4,1466046.67,1986597.95,1387365.19,1259813.4925,1139653.9949999999
19,2011-05-27,1388553.11,0,63.2,4.134,134.7677742,7.658,2011,5,21,2,4,1406124.14,369350.6,1145084.76,1514614.12,1153960.3775000002
20,2011-05-27,1944433.17,0,69.12,3.985,208.556714,7.287,2011,5,21,2,4,1388553.11,1797732.56,239206.26,1551289.2725,1170746.4433333334
40,2011-05-27,972373.81,0,63.11,4.034,134.7677742,4.781,2011,5,21,2,4,1944433.17,1466046.67,945018.83,1427871.0574999999,1205624.7575
41,2011-05-27,1278304.33,0,50.56,3.795,192.8365651,6.934,2011,5,21,2,4,972373.81,1406124.14,776838.56,1395916.105,1240655.1675000002
38,2011-05-27,356886.1,0,76.67,4.087,129.0623548,13.736,2011,5,21,2,4,1278304.33,1388553.11,376183.44,1137999.3525,1232294.27
42,2011-05-27,503295.29,0,78.62,3.933,129.0623548,8.494,2011,5,21,2,4,356886.1,1944433.17,533564.42,777714.8825000001,1147237.285
43,2011-05-27,578209.63,0,80.89,3.786,207.3119816,10.581,2011,5,21,2,4,503295.29,972373.81,365730.76,679173.8375,1170658.9466666668
44,2011-05-27,308442.49,0,54.62,3.778,129.0623548,6.906,2011,5,21,2,4,578209.63,1278304.33,1953416.06,436708.3775,1030812.6583333333
45,2011-05-27,817653.25,0,69.7,3.985,185.8603077,8.521,2011,5,21,2,4,308442.49,356886.1,1373907.21,551900.165,1068171.2125000001
37,2011-05-27,507086.75,0,81.28,3.786,214.2408462,8.3,2011,5,21,2,4,817653.25,503295.29,1355234.3,552848.03,960617.395
35,2011-05-27,850708.6,0,66.43,3.985,138.6782834,8.512,2011,5,21,2,4,507086.75,578209.63,844443.35,620972.7725,909339.2225
34,2011-05-27,941311.83,0,65.99,3.771,129.0623548,10.581,2011,5,21,2,4,850708.6,308442.49,727163.67,779190.1074999999,870604.8633333334
33,2011-05-27,239431.85,0,82.32,3.933,129.0623548,8.687,2011,5,21,2,4,941311.83,817653.25,1428218.27,634634.7575,774844.7583333333
32,2011-05-27,1175447.49,0,55.13,3.795,192.8365651,8.595,2011,5,21,2,4,239431.85,507086.75,1688281.86,801724.9425,710762.6183333333
36,2011-05-27,348655.2,0,81.28,3.786,214.2408462,8.3,2011,5,21,2,4,1175447.49,850708.6,364603.13,676211.5925,658786.0675
30,2011-05-27,429305.82,0,76.86,3.786,215.1544822,7.931,2011,5,21,2,4,348655.2,941311.83,2015563.48,548210.0900000001,588036.1916666667
31,2011-05-27,1342273.64,0,76.86,3.786,215.1544822,7.931,2011,5,21,2,4,429305.82,239431.85,299614.33,823920.5375,670151.82
23,2011-05-27,1361945.18,0,63.27,4.034,134.7677742,4.781,2011,5,21,2,4,1342273.64,1175447.49,1382783.83,870544.96,741705.9775
24,2011-05-27,1311153.72,0,65.74,4.134,134.7677742,8.212,2011,5,21,2,4,1361945.18,348655.2,424670.98,1111169.5899999999,802784.6516666667
25,2011-05-27,718373.94,0,67.18,3.985,208.556714,7.287,2011,5,21,2,4,1311153.72,429305.82,836049.89,1183436.6199999999,836945.6058333333
22,2011-05-27,1021568.34,0,62.59,4.034,138.6782834,8.252,2011,5,21,2,4,718373.94,1342273.64,518266.9,1103260.295,853938.5299999999
27,2011-05-27,1820723.17,0,66.43,4.134,138.6782834,7.725,2011,5,21,2,4,1021568.34,1361945.18,1720908.01,1217954.7925,963408.2316666666
28,2011-05-27,1160043.98,0,76.67,4.087,129.0623548,13.736,2011,5,21,2,4,1820723.17,1311153.72,1239466.97,1180177.3575,989186.18
29,2011-05-27,550735.64,0,62.59,4.034,134.7677742,9.966,2011,5,21,2,4,1160043.98,718373.94,924134.99,1138267.7825,956638.1641666666
26,2011-05-27,996723.58,0,56.74,4.034,134.7677742,7.818,2011,5,21,2,4,550735.64,1021568.34,1860923.55,1132056.5925,1019745.8083333332
21,2011-05-27,744389.81,0,76.86,3.786,215.1544822,7.931,2011,5,21,2,4,996723.58,1820723.17,1959967.8,862973.2525,983824.335
32,2011-06-03,1167757.0,0,61.25,3.763,192.8418131,8.595,2011,6,22,2,4,744389.81,1160043.98,593941.9,864901.5075000001,1052082.8183333334
24,2011-06-03,1554837.62,0,73.12,4.069,134.8551613,8.212,2011,6,22,2,4,1167757.0,550735.64,435397.19,1115927.0025,1145877.135
25,2011-06-03,737551.74,0,70.69,3.922,208.3551116,7.287,2011,6,22,2,4,1554837.62,996723.58,994610.43,1051134.0425,1095483.6433333333
26,2011-06-03,1054454.4,0,60.49,3.973,134.8551613,7.818,2011,6,22,2,4,737551.74,744389.81,907110.83,1128650.19,1069859.4116666666
27,2011-06-03,2053708.01,0,74.17,4.069,138.7694608,7.725,2011,6,22,2,4,1054454.4,1167757.0,970307.83,1350137.9425000001,1131738.9358333333
28,2011-06-03,1403779.25,0,71.81,4.031,129.0490323,13.736,2011,6,22,2,4,2053708.01,1554837.62,524559.95,1312373.35,1188856.045
29,2011-06-03,598251.57,0,70.09,3.973,134.8551613,9.966,2011,6,22,2,4,1403779.25,737551.74,648330.18,1277548.3074999999,1153579.6475
30,2011-06-03,432808.48,0,83.82,3.699,214.9254865,7.931,2011,6,22,2,4,598251.57,1054454.4,1065214.14,1122136.8275,1037920.09
31,2011-06-03,1430348.1,0,83.82,3.699,214.9254865,7.931,2011,6,22,2,4,432808.48,2053708.01,892056.64,966296.8500000001,1060445.4333333333
44,2011-06-03,308950.04,0,52.76,3.752,129.0490323,6.906,2011,6,22,2,4,1430348.1,1403779.25,444718.68,692589.5475000001,1040296.6333333333
34,2011-06-03,947229.24,0,74.64,3.683,129.0490323,10.581,2011,6,22,2,4,308950.04,598251.57,636193.24,779833.9650000001,1036172.105
35,2011-06-03,955466.84,0,74.17,3.922,138.7694608,8.512,2011,6,22,2,4,947229.24,432808.48,2080694.24,910498.555,1053761.8575
36,2011-06-03,373703.95,0,82.96,3.69,214.0162805,8.3,2011,6,22,2,4,955466.84,1430348.1,1866369.93,646337.5175,987590.77
37,2011-06-03,500381.23,0,82.96,3.699,214.0162805,8.3,2011,6,22,2,4,373703.95,308950.04,964332.51,694195.315,899719.4041666668
38,2011-06-03,396826.06,0,71.81,4.031,129.0490323,13.736,2011,6,22,2,4,500381.23,947229.24,1216876.52,556594.52,871325.5975
39,2011-06-03,1541745.59,0,83.59,3.699,214.0162805,8.3,2011,6,22,2,4,396826.06,955466.84,1743000.38,703164.2075,911933.1966666667
40,2011-06-03,1075687.74,0,66.16,3.973,134.8551613,4.781,2011,6,22,2,4,1541745.59,373703.95,553834.04,878660.155,830431.5075
41,2011-06-03,1297584.95,0,54.81,3.763,192.8418131,6.934,2011,6,22,2,4,1075687.74,500381.23,857939.41,1077961.085,821581.9825
42,2011-06-03,545109.3,0,81.87,3.893,129.0490323,8.494,2011,6,22,2,4,1297584.95,396826.06,457216.87,1115031.895,817153.46
23,2011-06-03,1562161.97,0,67.21,3.973,134.8551613,4.781,2011,6,22,2,4,545109.3,1541745.59,1523979.11,1120135.99,911266.2508333334
33,2011-06-03,243477.03,0,82.93,3.893,129.0490323,8.687,2011,6,22,2,4,1562161.97,1075687.74,297149.69,912083.3124999999,812360.3283333333
43,2011-06-03,630972.15,0,83.49,3.699,207.1039009,10.581,2011,6,22,2,4,243477.03,1297584.95,1986597.95,745430.1125,839195.5041666668
12,2011-06-03,970328.68,0,71.81,4.031,129.0490323,13.736,2011,6,22,2,4,630972.15,545109.3,369350.6,851734.9575,841120.4575
21,2011-06-03,773878.58,0,83.82,3.699,214.9254865,7.931,2011,6,22,2,4,970328.68,1562161.97,1797732.56,654664.11,825988.1025
1,2011-06-03,1635078.41,0,83.0,3.699,215.2736553,7.682,2011,6,22,2,4,773878.58,243477.03,1466046.67,1002564.4550000001,931102.6408333333
2,2011-06-03,1933756.21,0,83.07,3.699,214.9254865,7.931,2011,6,22,2,4,1635078.41,630972.15,1406124.14,1328260.47,1050550.5558333334
3,2011-06-03,394507.84,0,84.29,3.699,218.6449369,7.574,2011,6,22,2,4,1933756.21,970328.68,1388553.11,1184305.26,1050357.3708333333
4,2011-06-03,2065377.15,0,78.26,3.683,129.0490323,5.946,2011,6,22,2,4,394507.84,773878.58,1944433.17,1507179.9025,1093993.3341666667
5,2011-06-03,329183.92,0,83.81,3.699,215.8384319,6.489,2011,6,22,2,4,2065377.15,1635078.41,972373.81,1180706.28,1031784.6825000001
6,2011-06-03,1705506.29,0,84.01,3.699,216.819252,6.855,2011,6,22,2,4,329183.92,1933756.21,1278304.33,1123643.8,1065778.1275
7,2011-06-03,542295.37,0,45.77,3.763,192.8418131,8.595,2011,6,22,2,4,1705506.29,394507.84,356886.1,1160590.6825,1065543.6333333335
8,2011-06-03,929222.16,0,82.05,3.699,218.6921051,6.297,2011,6,22,2,4,542295.37,2065377.15,503295.29,876551.9349999999,1012798.6491666666
9,2011-06-03,587004.29,0,85.8,3.699,218.8784768,6.38,2011,6,22,2,4,929222.16,329183.92,578209.63,941007.0275,1041425.9208333334
10,2011-06-03,1792210.89,0,81.87,3.893,129.0490323,8.494,2011,6,22,2,4,587004.29,1705506.29,308442.49,962683.1775,1138195.8158333334
11,2011-06-03,1343637.0,0,86.14,3.699,218.6449369,7.574,2011,6,22,2,4,1792210.89,542295.37,817653.25,1163018.585,1169304.8425
13,2011-06-03,1935593.87,0,52.76,3.752,129.0490323,7.193,2011,6,22,2,4,1343637.0,929222.16,507086.75,1414611.5125,1266114.45
14,2011-06-03,2079899.47,0,76.38,3.922,185.7545,8.521,2011,6,22,2,4,1935593.87,587004.29,850708.6,1787835.3074999999,1303182.8716666668
15,2011-06-03,695396.19,0,69.8,4.069,134.8551613,7.658,2011,6,22,2,4,2079899.47,1792210.89,941311.83,1513631.6325,1199986.2033333334
16,2011-06-03,531080.31,0,54.08,3.763,192.8418131,6.339,2011,6,22,2,4,695396.19,1343637.0,239431.85,1310492.46,1211367.2425
17,2011-06-03,895020.48,0,49.61,3.752,129.0490323,6.774,2011,6,22,2,4,531080.31,1935593.87,1175447.49,1050349.1125,1113837.5199999998
18,2011-06-03,1178039.0,0,70.9,3.973,134.8551613,8.975,2011,6,22,2,4,895020.48,2079899.47,348655.2,824883.9950000001,1184575.4433333334
19,2011-06-03,1457345.75,0,66.01,4.069,134.8551613,7.658,2011,6,22,2,4,1178039.0,695396.19,429305.82,1015371.385,1163895.3983333334
20,2011-06-03,2182246.69,0,73.51,3.922,208.3551116,7.287,2011,6,22,2,4,1457345.75,531080.31,1342273.64,1428162.98,1300558.0083333333
22,2011-06-03,1125169.92,0,70.09,3.973,138.7694608,8.252,2011,6,22,2,4,2182246.69,895020.48,1361945.18,1485700.3399999999,1316886.9883333335
45,2011-06-03,877423.45,0,76.38,3.922,185.7545,8.521,2011,6,22,2,4,1125169.92,1178039.0,1311153.72,1410546.4525,1341088.585
21,2011-06-10,794397.89,0,84.71,3.648,214.6964908,7.931,2011,6,23,2,4,877423.45,1457345.75,718373.94,1244809.4874999998,1257937.5016666667
43,2011-06-10,643041.71,0,85.81,3.648,206.8958203,10.581,2011,6,23,2,4,794397.89,2182246.69,1021568.34,860008.2424999999,1199554.5608333333
18,2011-06-10,1044079.2,0,69.49,3.924,134.9425484,8.975,2011,6,23,2,4,643041.71,1125169.92,1820723.17,839735.5625,1125261.6716666666
17,2011-06-10,881190.46,0,54.57,3.732,129.0357097,6.774,2011,6,23,2,4,1044079.2,877423.45,1160043.98,840677.315,1025369.2541666665
16,2011-06-10,600952.06,0,55.78,3.735,192.8470612,6.339,2011,6,23,2,4,881190.46,794397.89,550735.64,792315.8575,1017498.91
15,2011-06-10,642679.81,0,69.86,4.025,134.9425484,7.658,2011,6,23,2,4,600952.06,643041.71,996723.58,792225.3825000001,1026798.8683333333
14,2011-06-10,2132446.0,0,73.88,3.881,185.6486923,8.521,2011,6,23,2,4,642679.81,1044079.2,744389.81,1064317.0825,1129917.6616666669
13,2011-06-10,1997816.98,0,61.39,3.732,129.0357097,7.193,2011,6,23,2,4,2132446.0,881190.46,1167757.0,1343473.7125,1198232.4933333334
12,2011-06-10,996937.95,0,78.72,3.981,129.0357097,13.736,2011,6,23,2,4,1997816.98,600952.06,1554837.62,1442470.185,1159865.1766666668
11,2011-06-10,1314626.75,0,85.79,3.648,218.4037974,7.574,2011,6,23,2,4,996937.95,642679.81,737551.74,1610456.92,1087563.515
10,2011-06-10,1740063.1,0,84.57,3.981,129.0357097,8.494,2011,6,23,2,4,1314626.75,2132446.0,1054454.4,1512361.195,1138804.6133333333
9,2011-06-10,550076.32,0,85.81,3.648,218.6365747,6.38,2011,6,23,2,4,1740063.1,1997816.98,2053708.01,1150426.03,1111525.6858333333
8,2011-06-10,897309.41,0,82.21,3.648,218.4508115,6.297,2011,6,23,2,4,550076.32,996937.95,1403779.25,1125518.895,1120101.6458333333
7,2011-06-10,621099.95,0,53.3,3.735,192.8470612,8.595,2011,6,23,2,4,897309.41,1314626.75,598251.57,952137.195,1118273.1658333333
6,2011-06-10,1598643.65,0,84.49,3.648,216.5840732,6.855,2011,6,23,2,4,621099.95,1740063.1,432808.48,916782.3325,1164486.8699999999
5,2011-06-10,304984.14,0,83.61,3.648,215.6064555,6.489,2011,6,23,2,4,1598643.65,550076.32,1430348.1,855509.2875,1116469.6766666668
4,2011-06-10,2073951.38,0,80.05,3.64,129.0357097,5.946,2011,6,23,2,4,304984.14,897309.41,308950.04,1149669.7799999998,1239219.6199999999
3,2011-06-10,391638.75,0,84.84,3.648,218.4037974,7.574,2011,6,23,2,4,2073951.38,621099.95,947229.24,1092304.48,1218299.5316666665
2,2011-06-10,1929153.16,0,83.4,3.648,214.6964908,7.931,2011,6,23,2,4,391638.75,1598643.65,955466.84,1174931.8575,1201358.4616666667
1,2011-06-10,1588948.32,0,83.13,3.648,215.0435229,7.682,2011,6,23,2,4,1929153.16,304984.14,373703.95,1495922.9024999999,1167286.0733333332
45,2011-06-10,814395.17,0,73.88,3.881,185.6486923,8.521,2011,6,23,2,4,1588948.32,2073951.38,500381.23,1181033.85,1152074.175
19,2011-06-10,1467473.63,0,68.26,4.025,134.9425484,7.658,2011,6,23,2,4,814395.17,391638.75,396826.06,1449992.5699999998,1164811.415
20,2011-06-10,2135062.04,0,73.64,3.881,208.1535092,7.287,2011,6,23,2,4,1467473.63,1929153.16,1541745.59,1501469.79,1197727.9933333334
44,2011-06-10,308770.42,0,61.39,3.732,129.0357097,6.906,2011,6,23,2,4,2135062.04,1588948.32,1075687.74,1181425.315,1177619.1683333332
23,2011-06-10,1447028.06,0,65.23,3.924,134.9425484,4.781,2011,6,23,2,4,308770.42,814395.17,1297584.95,1339583.5375,1223429.0558333334
42,2011-06-10,616701.99,0,84.57,3.981,129.0357097,8.494,2011,6,23,2,4,1447028.06,1467473.63,545109.3,1126890.6275,1223062.5591666668
41,2011-06-10,1311690.11,0,61.1,3.735,192.8470612,6.934,2011,6,23,2,4,616701.99,2135062.04,1562161.97,921047.645,1199149.7641666667
40,2011-06-10,984336.04,0,64.19,3.924,134.9425484,4.781,2011,6,23,2,4,1311690.11,308770.42,243477.03,1089939.05,1255762.4225
39,2011-06-10,1442092.08,0,82.75,3.648,213.7917147,8.3,2011,6,23,2,4,984336.04,1447028.06,630972.15,1088705.0550000002,1203107.4808333332
38,2011-06-10,381763.02,0,78.72,3.981,129.0357097,13.736,2011,6,23,2,4,1442092.08,616701.99,970328.68,1029970.3125,1202284.5033333334
22,2011-06-10,1060868.49,0,69.53,3.924,138.8606382,8.252,2011,6,23,2,4,381763.02,1311690.11,773878.58,967264.9075,1129927.4475
36,2011-06-10,374182.04,0,82.41,3.633,213.7917147,8.3,2011,6,23,2,4,1060868.49,984336.04,1635078.41,814726.4075,1028696.9241666667
35,2011-06-10,855130.21,0,73.26,3.881,138.8606382,8.512,2011,6,23,2,4,374182.04,1442092.08,1933756.21,667985.94,1032091.5108333334
34,2011-06-10,943912.77,0,74.57,3.64,129.0357097,10.581,2011,6,23,2,4,855130.21,381763.02,394507.84,808523.3775,988461.4391666666
37,2011-06-10,509647.25,0,82.41,3.648,213.7917147,8.3,2011,6,23,2,4,943912.77,1060868.49,2065377.15,670718.0674999999,853010.2066666667
32,2011-06-10,1239741.34,0,65.49,3.735,192.8470612,8.595,2011,6,23,2,4,509647.25,374182.04,329183.92,887107.8925000001,930591.1166666667
33,2011-06-10,258427.39,0,87.02,3.981,129.0357097,8.687,2011,6,23,2,4,1239741.34,855130.21,1705506.29,737932.1875000001,831541.0608333334
25,2011-06-10,740259.63,0,71.45,3.881,208.1535092,7.287,2011,6,23,2,4,258427.39,943912.77,542295.37,687018.9025000001,841837.5308333333
26,2011-06-10,1094058.68,0,59.85,3.924,134.9425484,7.818,2011,6,23,2,4,740259.63,509647.25,929222.16,833121.76,823701.5783333333
27,2011-06-10,1817914.71,0,73.26,4.025,138.8606382,7.725,2011,6,23,2,4,1094058.68,1239741.34,587004.29,977665.1025,893166.4674999999
24,2011-06-10,1373841.91,0,70.02,4.025,134.9425484,8.212,2011,6,23,2,4,1817914.71,258427.39,1792210.89,1256518.7325,887478.9533333335
29,2011-06-10,558431.44,0,69.53,3.924,134.9425484,9.966,2011,6,23,2,4,1373841.91,740259.63,1343637.0,1211061.685,902201.3216666667
30,2011-06-10,424697.05,0,84.71,3.648,214.6964908,7.931,2011,6,23,2,4,558431.44,1094058.68,1935593.87,1043721.2775,849187.035
31,2011-06-10,1425299.37,0,84.71,3.648,214.6964908,7.931,2011,6,23,2,4,424697.05,1817914.71,2079899.47,945567.4424999999,936780.1458333334
28,2011-06-10,1339972.83,0,78.72,3.981,129.0357097,13.736,2011,6,23,2,4,1425299.37,1373841.91,695396.19,937100.1725000001,977183.6974999999
17,2011-06-17,894686.67,0,56.61,3.704,129.0432,6.774,2011,6,24,2,4,1339972.83,558431.44,531080.31,1021163.9800000001,973081.5225
16,2011-06-17,581546.23,0,58.34,3.697,192.9034759,6.339,2011,6,24,2,4,894686.67,424697.05,895020.48,1060376.2750000001,979073.1041666666
15,2011-06-17,639928.85,0,63.9,3.989,135.0837333,7.658,2011,6,24,2,4,581546.23,1425299.37,1178039.0,864033.645,929088.73
14,2011-06-17,2082083.34,0,69.32,3.842,185.6719333,8.521,2011,6,24,2,4,639928.85,1339972.83,1457345.75,1049561.2725,1081060.0591666666
13,2011-06-17,2086433.49,0,63.35,3.704,129.0432,7.193,2011,6,24,2,4,2082083.34,894686.67,2182246.69,1347497.9775,1193241.2141666666
12,2011-06-17,986504.93,0,86.84,3.935,129.0432,13.736,2011,6,24,2,4,2086433.49,581546.23,1125169.92,1448737.6525,1184278.4016666666
11,2011-06-17,1337506.74,0,87.9,3.637,218.3551748,7.574,2011,6,24,2,4,986504.93,639928.85,877423.45,1623132.125,1144244.4041666666
10,2011-06-17,1817934.76,0,87.96,3.935,129.0432,8.494,2011,6,24,2,4,1337506.74,2082083.34,794397.89,1557094.98,1181252.1416666666
45,2011-06-17,811153.67,0,69.32,3.842,185.6719333,8.521,2011,6,24,2,4,1817934.76,2086433.49,643041.71,1238275.025,1202312.3275
8,2011-06-17,922048.41,0,84.73,3.637,218.4021448,6.297,2011,6,24,2,4,811153.67,986504.93,1044079.2,1222160.895,1243758.2741666667
7,2011-06-17,610991.35,0,48.79,3.697,192.9034759,8.595,2011,6,24,2,4,922048.41,1337506.74,881190.46,1040532.0475,1175899.2725000002
6,2011-06-17,1622150.33,0,87.08,3.637,216.5371616,6.855,2011,6,24,2,4,610991.35,1817934.76,600952.06,991585.94,1199414.0641666667
5,2011-06-17,304811.82,0,86.84,3.637,215.560463,6.489,2011,6,24,2,4,1622150.33,811153.67,642679.81,865000.4774999999,1150257.8266666667
4,2011-06-17,2141210.62,0,83.51,3.618,129.0432,5.946,2011,6,24,2,4,304811.82,922048.41,2132446.0,1169791.03,1280229.8591666666
3,2011-06-17,403423.34,0,86.96,3.637,218.3551748,7.574,2011,6,24,2,4,2141210.62,610991.35,1997816.98,1117899.0275,1260521.0666666667
2,2011-06-17,1953771.99,0,86.53,3.637,214.6513538,7.931,2011,6,24,2,4,403423.34,1622150.33,996937.95,1200804.4425,1249828.4541666668
1,2011-06-17,1532114.86,0,86.41,3.637,214.9980596,7.682,2011,6,24,2,4,1953771.99,304811.82,1314626.75,1507630.2025,1203635.235
18,2011-06-17,1045859.39,0,63.23,3.873,135.0837333,8.975,2011,6,24,2,4,1532114.86,2141210.62,1740063.1,1233792.395,1208581.4400000002
9,2011-06-17,558671.14,0,89.15,3.637,218.5877333,6.38,2011,6,24,2,4,1045859.39,403423.34,550076.32,1272604.3450000002,1143678.4733333334
19,2011-06-17,1418973.62,0,64.02,3.989,135.0837333,7.658,2011,6,24,2,4,558671.14,1953771.99,897309.41,1138904.7525,1110431.7116666667
29,2011-06-17,536914.17,0,63.97,3.873,135.0837333,9.966,2011,6,24,2,4,1418973.62,1532114.86,621099.95,890104.58,1087578.4200000002
21,2011-06-17,823220.43,0,87.54,3.637,214.6513538,7.931,2011,6,24,2,4,536914.17,1045859.39,1598643.65,834444.8400000001,1079342.7550000001
40,2011-06-17,971422.67,0,59.16,3.873,135.0837333,4.781,2011,6,24,2,4,823220.43,558671.14,304984.14,937632.7225,1109378.6983333332
41,2011-06-17,1289151.84,0,62.3,3.697,192.9034759,6.934,2011,6,24,2,4,971422.67,1418973.62,2073951.38,905177.2775000001,1081628.8241666667
42,2011-06-17,546675.65,0,87.96,3.935,129.0432,8.494,2011,6,24,2,4,1289151.84,536914.17,391638.75,907617.6475000001,1101784.1433333333
38,2011-06-17,356797.0,0,86.84,3.935,129.0432,13.736,2011,6,24,2,4,546675.65,823220.43,1929153.16,791011.79,953083.0083333333
37,2011-06-17,525132.36,0,84.43,3.637,213.7481256,8.3,2011,6,24,2,4,356797.0,971422.67,1588948.32,679439.2125000001,963225.4266666668
36,2011-06-17,394645.25,0,84.43,3.599,213.7481256,8.3,2011,6,24,2,4,525132.36,1289151.84,814395.17,455812.565,833298.1983333334
35,2011-06-17,828594.86,0,67.03,3.842,139.0028333,8.512,2011,6,24,2,4,394645.25,546675.65,1467473.63,526292.3674999999,774671.5316666667
34,2011-06-17,968258.09,0,76.58,3.618,129.0432,10.581,2011,6,24,2,4,828594.86,356797.0,2135062.04,679157.6399999999,768204.7566666667
33,2011-06-17,238172.66,0,91.11,3.935,129.0432,8.687,2011,6,24,2,4,968258.09,525132.36,308770.42,607417.715,741496.5500000002
32,2011-06-17,1192031.38,0,67.38,3.697,192.9034759,8.595,2011,6,24,2,4,238172.66,394645.25,1447028.06,806764.2474999999,722584.6966666667
31,2011-06-17,1491039.14,0,87.54,3.637,214.6513538,7.931,2011,6,24,2,4,1192031.38,828594.86,616701.99,972375.3174999999,802095.1108333333
30,2011-06-17,435481.03,0,87.54,3.637,214.6513538,7.931,2011,6,24,2,4,1491039.14,968258.09,1311690.11,839181.0525,769783.4941666666
28,2011-06-17,1268503.49,0,86.84,3.935,129.0432,13.736,2011,6,24,2,4,435481.03,238172.66,984336.04,1096763.76,794540.2291666666
27,2011-06-17,1814740.09,0,67.03,3.989,139.0028333,7.725,2011,6,24,2,4,1268503.49,1192031.38,1442092.08,1252440.9375,838339.25
26,2011-06-17,981646.46,0,54.5,3.873,135.0837333,7.818,2011,6,24,2,4,1814740.09,1491039.14,381763.02,1125092.7675,874586.8174999999
25,2011-06-17,717373.43,0,63.58,3.842,208.1265604,7.287,2011,6,24,2,4,981646.46,435481.03,1060868.49,1195565.8675,904634.8533333334
24,2011-06-17,1320359.23,0,64.34,3.989,135.0837333,8.212,2011,6,24,2,4,717373.43,1268503.49,374182.04,1208529.8025,970903.7591666667
23,2011-06-17,1470520.83,0,61.06,3.873,135.0837333,4.781,2011,6,24,2,4,1320359.23,1814740.09,855130.21,1122474.9875,1060560.0574999999
22,2011-06-17,1042454.61,0,63.97,3.873,139.0028333,8.252,2011,6,24,2,4,1470520.83,981646.46,943912.77,1137677.0250000001,1078381.7033333334
20,2011-06-17,2065191.27,0,66.41,3.842,208.1265604,7.287,2011,6,24,2,4,1042454.61,717373.43,509647.25,1474631.4849999999,1169792.8016666668
39,2011-06-17,1451392.67,0,85.21,3.637,213.7481256,8.3,2011,6,24,2,4,2065191.27,1320359.23,1239741.34,1507389.8449999997,1270894.4691666667
44,2011-06-17,300255.87,0,63.35,3.704,129.0432,6.906,2011,6,24,2,4,1451392.67,1470520.83,258427.39,1214823.6049999997,1196579.8433333333
43,2011-06-17,665781.74,0,88.49,3.637,206.8560238,10.581,2011,6,24,2,4,300255.87,1042454.61,740259.63,1120655.3875,1127808.3933333333
43,2011-06-24,604925.08,0,88.3,3.594,206.9424405,10.581,2011,6,25,2,4,665781.74,2065191.27,1094058.68,755588.84,1141928.7308333332
24,2011-06-24,1304850.67,0,68.88,3.964,135.2652667,8.212,2011,6,25,2,4,604925.08,1451392.67,1817914.71,718953.34,1144957.6624999999
25,2011-06-24,699270.1,0,70.71,3.804,208.2306018,7.287,2011,6,25,2,4,1304850.67,300255.87,1373841.91,818706.8975,1052001.8299999998
26,2011-06-24,997474.93,0,56.94,3.851,135.2652667,7.818,2011,6,25,2,4,699270.1,665781.74,558431.44,901630.1950000001,1053320.8691666666
27,2011-06-24,1811455.15,0,72.02,3.964,139.1832917,7.725,2011,6,25,2,4,997474.93,604925.08,424697.05,1203262.7125,1144494.3458333332
28,2011-06-24,1208809.34,0,88.95,3.898,129.0663,13.736,2011,6,25,2,4,1811455.15,1304850.67,1425299.37,1179252.38,1135198.5216666667
29,2011-06-24,545368.17,0,68.53,3.851,135.2652667,9.966,2011,6,25,2,4,1208809.34,699270.1,1339972.83,1140776.8975,1058102.4666666666
30,2011-06-24,422715.74,0,85.72,3.594,214.7441108,7.931,2011,6,25,2,4,545368.17,997474.93,894686.67,997087.1000000001,1006457.5608333332
31,2011-06-24,1375962.46,0,85.72,3.594,214.7441108,7.931,2011,6,25,2,4,422715.74,1811455.15,581546.23,888213.9275,949021.8266666667
32,2011-06-24,1163869.52,0,65.06,3.661,192.9982655,8.595,2011,6,25,2,4,1375962.46,1208809.34,639928.85,876978.9725,925061.5641666666
33,2011-06-24,238433.53,0,94.11,3.807,129.0663,8.687,2011,6,25,2,4,1163869.52,545368.17,2082083.34,800245.3125,919909.7025
34,2011-06-24,923795.04,0,77.16,3.57,129.0663,10.581,2011,6,25,2,4,238433.53,422715.74,2086433.49,925515.1375,941410.8108333334
35,2011-06-24,849397.57,0,72.02,3.804,139.1832917,8.512,2011,6,25,2,4,923795.04,1375962.46,986504.93,793873.915,961783.5183333334
36,2011-06-24,360009.94,0,83.95,3.569,213.8402689,8.3,2011,6,25,2,4,849397.57,1163869.52,1337506.74,592909.02,883046.7908333334
37,2011-06-24,509276.22,0,83.95,3.594,213.8402689,8.3,2011,6,25,2,4,360009.94,238433.53,1817934.76,660619.6925,867213.9675000001
38,2011-06-24,354078.95,0,88.95,3.898,129.0663,13.736,2011,6,25,2,4,509276.22,923795.04,811153.67,518190.67,813597.6358333334
39,2011-06-24,1363167.95,0,84.06,3.594,213.8402689,8.3,2011,6,25,2,4,354078.95,849397.57,922048.41,646633.2649999999,776240.3691666666
40,2011-06-24,977103.64,0,62.59,3.851,135.2652667,4.781,2011,6,25,2,4,1363167.95,360009.94,610991.35,800906.69,756931.5608333334
41,2011-06-24,1244381.98,0,59.54,3.661,192.9982655,6.934,2011,6,25,2,4,977103.64,509276.22,1622150.33,984683.13,815182.7116666668
44,2011-06-24,296765.59,0,66.38,3.668,129.0663,6.906,2011,6,25,2,4,1244381.98,354078.95,304811.82,970354.7899999999,804686.8658333333
45,2011-06-24,762861.78,0,74.85,3.804,185.7919609,8.521,2011,6,25,2,4,296765.59,1363167.95,2141210.62,820278.2475,753595.1425
23,2011-06-24,1434036.18,0,63.8,3.851,135.2652667,4.781,2011,6,25,2,4,762861.78,977103.64,403423.34,934511.3825000001,776109.0308333333
22,2011-06-24,1012584.2,0,68.53,3.851,139.1832917,8.252,2011,6,25,2,4,1434036.18,1244381.98,1953771.99,876561.9375,840621.5866666668
42,2011-06-24,501780.66,0,90.69,3.807,129.0663,8.494,2011,6,25,2,4,1012584.2,296765.59,1532114.86,927815.7050000001,805453.7216666667
20,2011-06-24,1950826.32,0,72.4,3.804,208.2306018,7.287,2011,6,25,2,4,501780.66,762861.78,1045859.39,1224806.8399999999,897239.4508333333
21,2011-06-24,771298.98,0,85.72,3.594,214.7441108,7.931,2011,6,25,2,4,1950826.32,1434036.18,558671.14,1059122.54,931513.5375
1,2011-06-24,1438830.15,0,83.58,3.594,215.0910982,7.682,2011,6,25,2,4,771298.98,1012584.2,1418973.62,1165684.0274999999,1008976.3649999999
2,2011-06-24,1790925.8,0,85.17,3.594,214.7441108,7.931,2011,6,25,2,4,1438830.15,501780.66,536914.17,1487970.3125,1128713.6025
4,2011-06-24,2008344.92,0,81.85,3.57,129.0663,5.946,2011,6,25,2,4,1790925.8,1950826.32,823220.43,1502349.9625,1182478.35
5,2011-06-24,302881.64,0,84.76,3.594,215.6539583,6.489,2011,6,25,2,4,2008344.92,771298.98,971422.67,1385245.6275,1126293.1833333333
6,2011-06-24,1543365.9,0,85.51,3.594,216.6314502,6.855,2011,6,25,2,4,302881.64,1438830.15,1289151.84,1411379.565,1151208.51
7,2011-06-24,640043.97,0,46.85,3.661,192.9982655,8.595,2011,6,25,2,4,1543365.9,1790925.8,546675.65,1123659.1075,1179815.0416666667
8,2011-06-24,864881.24,0,83.94,3.594,218.4979481,6.297,2011,6,25,2,4,640043.97,2008344.92,356797.0,837793.1875,1188316.6633333333
9,2011-06-24,538745.93,0,86.74,3.594,218.6836874,6.38,2011,6,25,2,4,864881.24,302881.64,525132.36,896759.26,1113709.1425
3,2011-06-24,385520.71,0,84.94,3.594,218.45094,7.574,2011,6,25,2,4,538745.93,1543365.9,394645.25,607297.9625,1061453.8516666666
11,2011-06-24,1254587.84,0,86.13,3.594,218.45094,7.574,2011,6,25,2,4,385520.71,640043.97,828594.86,760933.93,1124187.7833333332
12,2011-06-24,997282.75,0,88.95,3.898,129.0663,13.736,2011,6,25,2,4,1254587.84,864881.24,968258.09,794034.3075000001,1044725.8191666665
13,2011-06-24,2009163.08,0,66.38,3.668,129.0663,7.193,2011,6,25,2,4,997282.75,538745.93,238172.66,1161638.5950000002,1147881.1608333334
14,2011-06-24,2069523.52,0,74.85,3.804,185.7919609,8.521,2011,6,25,2,4,2009163.08,385520.71,1192031.38,1582639.2975,1200438.9416666667
15,2011-06-24,656594.95,0,69.96,3.964,135.2652667,7.658,2011,6,25,2,4,2069523.52,1254587.84,1491039.14,1433141.075,1105911.3708333333
16,2011-06-24,569105.03,0,54.36,3.661,192.9982655,6.339,2011,6,25,2,4,656594.95,997282.75,435481.03,1326096.645,985974.7133333333
19,2011-06-24,1440785.7,0,68.4,3.964,135.2652667,7.658,2011,6,25,2,4,569105.03,2009163.08,1268503.49,1184002.3,1080800.0516666668
10,2011-06-24,1711813.13,0,90.69,3.807,129.0663,8.494,2011,6,25,2,4,1440785.7,2069523.52,1814740.09,1094574.7025,1094837.3208333333
18,2011-06-24,1056478.65,0,67.41,3.851,135.2652667,8.975,2011,6,25,2,4,1711813.13,656594.95,981646.46,1194545.6275,1129540.2108333332
17,2011-06-24,920719.98,0,60.99,3.668,129.0663,6.774,2011,6,25,2,4,1056478.65,569105.03,717373.43,1282449.365,1134193.4391666667
15,2011-07-01,674669.16,0,67.43,3.916,135.4468,7.806,2011,7,26,3,4,920719.98,1440785.7,1320359.23,1090920.23,1145520.375
16,2011-07-01,608737.56,0,63.59,3.597,193.0930552,6.338,2011,7,26,3,4,674669.16,1711813.13,1470520.83,815151.3375,1164121.7791666666
18,2011-07-01,1087051.26,0,69.75,3.815,135.4468,8.89,2011,7,26,3,4,608737.56,1056478.65,1042454.61,822794.4900000001,1150160.3975
14,2011-07-01,2074668.19,0,74.04,3.748,185.9119885,8.625,2011,7,26,3,4,1087051.26,920719.98,2065191.27,1111281.5425,1239942.5175
19,2011-07-01,1462731.93,0,67.64,3.916,135.4468,7.806,2011,7,26,3,4,2074668.19,674669.16,1451392.67,1308297.235,1194406.5883333334
20,2011-07-01,2053165.41,0,69.66,3.748,208.3346432,7.274,2011,7,26,3,4,1462731.93,608737.56,300255.87,1669404.1974999998,1193043.4124999999
21,2011-07-01,784639.12,0,87.57,3.524,214.8368678,7.852,2011,7,26,3,4,2053165.41,1087051.26,665781.74,1593801.1624999999,1203713.76
17,2011-07-01,940554.34,0,67.39,3.613,129.0894,6.745,2011,7,26,3,4,784639.12,2074668.19,604925.08,1310272.6999999997,1234667.8691666666
13,2011-07-01,2048035.74,0,74.29,3.613,129.0894,6.877,2011,7,26,3,4,940554.34,1462731.93,1304850.67,1456598.6524999999,1285272.0391666666
9,2011-07-01,537064.03,0,89.14,3.524,218.7796415,6.404,2011,7,26,3,4,2048035.74,2053165.41,699270.1,1077573.3075,1187376.2808333335
11,2011-07-01,1297472.06,0,86.43,3.524,218.5467052,7.567,2011,7,26,3,4,537064.03,784639.12,997474.93,1205781.5425,1207459.065
10,2011-07-01,1751369.75,0,95.36,3.842,129.0894,8.257,2011,7,26,3,4,1297472.06,940554.34,1811455.15,1408485.395,1276679.8791666667
8,2011-07-01,883683.35,0,87.26,3.524,218.5937514,6.425,2011,7,26,3,4,1751369.75,2048035.74,1208809.34,1117397.2974999999,1294097.7283333333
7,2011-07-01,704344.21,0,58.54,3.597,193.0930552,8.622,2011,7,26,3,4,883683.35,537064.03,545368.17,1159217.3425,1302064.9491666667
6,2011-07-01,1694551.15,0,87.0,3.524,216.7257388,6.925,2011,7,26,3,4,704344.21,1297472.06,422715.74,1258487.115,1352689.94
22,2011-07-01,1077491.68,0,70.8,3.815,139.36375,8.023,2011,7,26,3,4,1694551.15,1751369.75,1375962.46,1090017.5975,1269591.8975
5,2011-07-01,327093.89,0,85.81,3.524,215.7474537,6.529,2011,7,26,3,4,1077491.68,883683.35,1163869.52,950870.2324999999,1174955.3941666668
4,2011-07-01,2051533.53,0,84.54,3.504,129.0894,5.644,2011,7,26,3,4,327093.89,704344.21,238433.53,1287667.5625,1174819.4041666666
3,2011-07-01,368962.72,0,85.1,3.524,218.5467052,7.567,2011,7,26,3,4,2051533.53,1694551.15,923795.04,956270.4550000001,1140179.7041666668
12,2011-07-01,961993.34,0,89.85,3.842,129.0894,13.503,2011,7,26,3,4,368962.72,1077491.68,849397.57,927395.8700000001,1141966.2875
23,2011-07-01,1492507.44,0,65.65,3.815,135.4468,4.584,2011,7,26,3,4,961993.34,327093.89,360009.94,1218749.2575,1095672.2625
34,2011-07-01,911106.22,0,81.96,3.504,129.0894,10.641,2011,7,26,3,4,1492507.44,2051533.53,509276.22,933642.4299999999,1126842.445
25,2011-07-01,706206.86,0,66.61,3.748,208.3346432,7.274,2011,7,26,3,4,911106.22,368962.72,354078.95,1017953.4650000001,1077570.345
45,2011-07-01,791495.25,0,74.04,3.748,185.9119885,8.625,2011,7,26,3,4,706206.86,961993.34,1363167.95,975328.9425,997580.8033333333
43,2011-07-01,586781.78,0,91.36,3.524,207.0288571,10.641,2011,7,26,3,4,791495.25,1492507.44,977103.64,748897.5275,972839.0058333334
44,2011-07-01,315273.08,0,74.29,3.613,129.0894,6.56,2011,7,26,3,4,586781.78,911106.22,1244381.98,599939.2425,940416.4116666666
1,2011-07-01,1488538.09,0,85.55,3.524,215.1841368,7.962,2011,7,26,3,4,315273.08,706206.86,296765.59,795522.05,923248.6566666666
42,2011-07-01,506343.83,0,95.36,3.842,129.0894,8.257,2011,7,26,3,4,1488538.09,791495.25,762861.78,724234.1950000001,875653.0025
41,2011-07-01,1333347.78,0,67.01,3.597,193.0930552,6.901,2011,7,26,3,4,506343.83,586781.78,1434036.18,910875.6950000001,959507.4933333333
40,2011-07-01,1048866.3,0,65.25,3.815,135.4468,4.584,2011,7,26,3,4,1333347.78,315273.08,1012584.2,1094274.0,875951.8908333333
39,2011-07-01,1429829.36,0,84.93,3.524,213.9324122,8.177,2011,7,26,3,4,1048866.3,1488538.09,501780.66,1079596.8175000001,964357.4441666667
38,2011-07-01,387334.04,0,89.85,3.842,129.0894,13.503,2011,7,26,3,4,1429829.36,506343.83,1950826.32,1049844.37,916469.1691666666
24,2011-07-01,1445596.61,0,70.27,3.916,135.4468,8.358,2011,7,26,3,4,387334.04,1333347.78,771298.98,1077906.5775000001,912559.9333333335
37,2011-07-01,517021.3,0,85.33,3.524,213.9324122,8.177,2011,7,26,3,4,1445596.61,1048866.3,1438830.15,944945.3275,879719.5233333333
35,2011-07-01,874453.88,0,73.76,3.748,139.36375,8.684,2011,7,26,3,4,517021.3,1429829.36,1790925.8,806101.4575,893740.1083333334
33,2011-07-01,226702.36,0,98.43,3.842,129.0894,8.442,2011,7,26,3,4,874453.88,387334.04,2008344.92,765943.5375000001,846674.0341666667
32,2011-07-01,1199845.29,0,72.86,3.597,193.0930552,8.622,2011,7,26,3,4,226702.36,1445596.61,302881.64,704505.7075,897762.6600000001
31,2011-07-01,1371889.27,0,87.57,3.524,214.8368678,7.852,2011,7,26,3,4,1199845.29,517021.3,1543365.9,918222.7000000001,985814.0091666668
30,2011-07-01,428782.38,0,87.57,3.524,214.8368678,7.852,2011,7,26,3,4,1371889.27,874453.88,640043.97,806804.825,897501.0333333333
29,2011-07-01,567114.6,0,70.8,3.815,135.4468,9.863,2011,7,26,3,4,428782.38,226702.36,864881.24,891907.885,902565.2641666668
28,2011-07-01,1319054.57,0,89.85,3.842,129.0894,13.503,2011,7,26,3,4,567114.6,1199845.29,538745.93,921710.2050000001,901374.1633333332
27,2011-07-01,1949983.93,0,73.76,3.916,139.36375,7.85,2011,7,26,3,4,1319054.57,1371889.27,385520.71,1066233.87,976467.2991666667
26,2011-07-01,1070119.09,0,59.89,3.815,135.4468,7.767,2011,7,26,3,4,1949983.93,428782.38,1254587.84,1226568.0475,946491.4433333334
36,2011-07-01,354270.77,0,85.33,3.502,213.9324122,8.177,2011,7,26,3,4,1070119.09,567114.6,997282.75,1173357.0899999999,943736.1708333334
2,2011-07-01,1866243.0,0,85.69,3.524,214.8368678,7.852,2011,7,26,3,4,354270.77,1319054.57,2009163.08,1310154.1975,978790.0366666666
2,2011-07-08,1853161.99,0,87.7,3.48,214.9296249,7.852,2011,7,27,3,4,1866243.0,1949983.93,2069523.52,1285948.7125,1090135.0941666667
1,2011-07-08,1534849.64,0,85.83,3.48,215.2771754,7.962,2011,7,27,3,4,1853161.99,1070119.09,656594.95,1402131.35,1145168.0741666665
45,2011-07-08,768718.11,0,77.49,3.711,186.032016,8.625,2011,7,27,3,4,1534849.64,354270.77,569105.03,1505743.1849999998,1190336.0533333335
33,2011-07-08,262717.71,0,96.44,3.793,129.1125,8.442,2011,7,27,3,4,768718.11,1866243.0,1440785.7,1104861.8624999998,1112242.0883333334
25,2011-07-08,698529.64,0,71.64,3.711,208.4386847,7.274,2011,7,27,3,4,262717.71,1853161.99,1711813.13,816203.7749999999,1056128.7858333334
26,2011-07-08,1133807.03,0,63.34,3.784,135.6283333,7.767,2011,7,27,3,4,698529.64,1534849.64,1056478.65,715943.1225,1114880.84
28,2011-07-08,1459655.85,0,89.9,3.705,129.1125,13.503,2011,7,27,3,4,1133807.03,768718.11,920719.98,888677.5575000001,1189259.2775
29,2011-07-08,547586.07,0,74.22,3.784,135.6283333,9.863,2011,7,27,3,4,1459655.85,262717.71,674669.16,959894.6475000001,1124970.2358333333
30,2011-07-08,419764.37,0,89.16,3.48,214.9296249,7.852,2011,7,27,3,4,547586.07,698529.64,608737.56,890203.3300000001,997451.9391666666
31,2011-07-08,1423144.47,0,89.16,3.48,214.9296249,7.852,2011,7,27,3,4,419764.37,1133807.03,1087051.26,962537.69,1026870.7208333332
32,2011-07-08,1110244.52,0,72.56,3.54,193.1878448,8.622,2011,7,27,3,4,1423144.47,1459655.85,2074668.19,875184.8575,1089868.5333333334
44,2011-07-08,295339.01,0,77.3,3.563,129.1125,6.56,2011,7,27,3,4,1110244.52,547586.07,1462731.93,812123.0925,958959.8675
24,2011-07-08,1567340.07,0,72.56,3.886,135.6283333,8.358,2011,7,27,3,4,295339.01,419764.37,2053165.41,1099017.0175,935141.3741666666
34,2011-07-08,926934.57,0,80.84,3.469,129.1125,10.641,2011,7,27,3,4,1567340.07,1423144.47,784639.12,974964.5425,884481.785
36,2011-07-08,377464.62,0,84.71,3.44,214.0245556,8.177,2011,7,27,3,4,926934.57,1110244.52,940554.34,791769.5675,851877.3275
37,2011-07-08,489059.93,0,84.71,3.48,214.0245556,8.177,2011,7,27,3,4,377464.62,295339.01,2048035.74,840199.7975,870739.1791666667
38,2011-07-08,399699.17,0,89.9,3.705,129.1125,13.503,2011,7,27,3,4,489059.93,1567340.07,537064.03,548289.5725,845836.64
39,2011-07-08,1414564.53,0,84.33,3.48,214.0245556,8.177,2011,7,27,3,4,399699.17,926934.57,1297472.06,670197.0625,869233.0983333333
40,2011-07-08,1107366.06,0,67.86,3.784,135.6283333,4.584,2011,7,27,3,4,1414564.53,377464.62,1751369.75,852672.4225,839875.6158333332
41,2011-07-08,1338862.58,0,68.49,3.54,193.1878448,6.901,2011,7,27,3,4,1107366.06,489059.93,883683.35,1065123.085,905815.3250000001
42,2011-07-08,593234.27,0,88.57,3.793,129.1125,8.257,2011,7,27,3,4,1338862.58,399699.17,704344.21,1113506.8599999999,920271.15
43,2011-07-08,651147.83,0,87.02,3.48,207.1152738,10.641,2011,7,27,3,4,593234.27,1414564.53,1694551.15,922652.685,855938.0966666667
35,2011-07-08,827717.85,0,76.87,3.711,139.5442083,8.684,2011,7,27,3,4,651147.83,1107366.06,1077491.68,852740.6325000001,832394.2075
23,2011-07-08,1379488.05,0,69.92,3.784,135.6283333,4.584,2011,7,27,3,4,827717.85,1338862.58,327093.89,862897.0,922739.9608333333
27,2011-07-08,2000055.27,0,76.87,3.886,139.5442083,7.85,2011,7,27,3,4,1379488.05,593234.27,2051533.53,1214602.25,958799.5608333334
21,2011-07-08,734099.4,0,89.16,3.48,214.9296249,7.852,2011,7,27,3,4,2000055.27,651147.83,368962.72,1235340.1425,942729.9633333334
3,2011-07-08,395146.24,0,85.38,3.48,218.6424704,7.567,2011,7,27,3,4,734099.4,827717.85,961993.34,1127197.24,944203.4316666666
4,2011-07-08,2066541.86,0,84.59,3.469,129.1125,5.644,2011,7,27,3,4,395146.24,1379488.05,1492507.44,1298960.6925,1075660.2591666665
5,2011-07-08,310804.93,0,86.64,3.48,215.8409491,6.529,2011,7,27,3,4,2066541.86,2000055.27,911106.22,876648.1075,1068252.4058333335
6,2011-07-08,1709373.62,0,88.36,3.48,216.8200275,6.925,2011,7,27,3,4,310804.93,734099.4,706206.86,1120466.6625,1092819.8299999998
7,2011-07-08,761793.94,0,59.08,3.54,193.1878448,8.622,2011,7,27,3,4,1709373.62,395146.24,791495.25,1212128.5875,1064022.1533333333
22,2011-07-08,1017050.65,0,74.22,3.784,139.5442083,8.023,2011,7,27,3,4,761793.94,2066541.86,586781.78,949755.785,1037204.4925
9,2011-07-08,535983.13,0,89.04,3.48,218.8755955,6.404,2011,7,27,3,4,1017050.65,310804.93,315273.08,1006050.335,1032433.5641666668
10,2011-07-08,1699708.38,0,88.57,3.793,129.1125,8.257,2011,7,27,3,4,535983.13,1709373.62,1488538.09,1003634.0249999999,1119813.61
11,2011-07-08,1334627.96,0,87.17,3.48,218.6424704,7.567,2011,7,27,3,4,1699708.38,761793.94,506343.83,1146842.53,1162056.1191666666
8,2011-07-08,861965.12,0,83.57,3.48,218.6895548,6.425,2011,7,27,3,4,1334627.96,1017050.65,1333347.78,1108071.1475,1118929.2083333333
13,2011-07-08,2021699.38,0,77.3,3.563,129.1125,6.877,2011,7,27,3,4,861965.12,535983.13,1048866.3,1479500.21,1120732.8841666668
12,2011-07-08,943717.38,0,89.9,3.705,129.1125,13.503,2011,7,27,3,4,2021699.38,1699708.38,1429829.36,1290502.46,1138201.0491666666
19,2011-07-08,1465489.75,0,73.2,3.886,135.6283333,7.806,2011,7,27,3,4,943717.38,1334627.96,387334.04,1323217.9075,1227396.3416666666
18,2011-07-08,1048802.62,0,73.12,3.784,135.6283333,8.89,2011,7,27,3,4,1465489.75,861965.12,1445596.61,1369927.2825,1142584.7383333333
20,2011-07-08,2123787.79,0,74.69,3.711,208.4386847,7.274,2011,7,27,3,4,1048802.62,2021699.38,517021.3,1395449.385,1293666.6433333333
16,2011-07-08,634634.66,0,65.0,3.54,193.1878448,6.338,2011,7,27,3,4,2123787.79,943717.38,874453.88,1318178.705,1204105.0633333332
15,2011-07-08,635118.48,0,73.47,3.886,135.6283333,7.806,2011,7,27,3,4,634634.66,1465489.75,226702.36,1110585.8875,1193548.7750000001
14,2011-07-08,2063401.06,0,77.49,3.711,186.032016,8.625,2011,7,27,3,4,635118.48,1048802.62,1199845.29,1364235.4975,1280744.6425
17,2011-07-08,915064.22,0,70.6,3.563,129.1125,6.745,2011,7,27,3,4,2063401.06,2123787.79,1371889.27,1062054.605,1312334.7333333332
32,2011-07-15,1144254.26,0,70.55,3.532,193.3125484,8.622,2011,7,28,3,4,915064.22,634634.66,428782.38,1189459.505,1266046.89
25,2011-07-15,680510.23,0,72.67,3.76,208.5309337,7.274,2011,7,28,3,4,1144254.26,635118.48,567114.6,1200807.4425,1211537.0791666666
26,2011-07-15,1021534.7,0,64.43,3.827,135.7837419,7.767,2011,7,28,3,4,680510.23,2063401.06,1319054.57,940340.8525,1224834.5441666667
27,2011-07-15,1762155.79,0,77.83,3.915,139.7006325,7.85,2011,7,28,3,4,1021534.7,915064.22,1949983.93,1152113.745,1203205.9116666666
28,2011-07-15,1197373.13,0,88.1,3.692,129.1338387,13.503,2011,7,28,3,4,1762155.79,1144254.26,1070119.09,1165393.4625,1224343.8908333334
29,2011-07-15,505246.15,0,75.2,3.827,135.7837419,9.863,2011,7,28,3,4,1197373.13,680510.23,354270.77,1121577.4425,1144323.5908333333
30,2011-07-15,420515.63,0,91.05,3.575,215.0134426,7.852,2011,7,28,3,4,505246.15,1021534.7,1866243.0,971322.6749999999,1091966.3416666666
31,2011-07-15,1415473.91,0,91.05,3.575,215.0134426,7.852,2011,7,28,3,4,420515.63,1762155.79,1853161.99,884652.2050000001,1032940.185
33,2011-07-15,265003.47,0,92.83,3.779,129.1338387,8.442,2011,7,28,3,4,1415473.91,1197373.13,1534849.64,651559.79,1002137.5858333334
24,2011-07-15,1356938.95,0,74.43,3.915,135.7837419,8.358,2011,7,28,3,4,265003.47,505246.15,768718.11,864482.99,1062289.2916666667
35,2011-07-15,813845.5,0,77.83,3.76,139.7006325,8.684,2011,7,28,3,4,1356938.95,420515.63,262717.71,962815.4575,958159.6616666666
36,2011-07-15,385631.48,0,85.63,3.55,214.1083654,8.177,2011,7,28,3,4,813845.5,1415473.91,698529.64,705354.8499999999,914040.2666666667
37,2011-07-15,498749.62,0,85.63,3.575,214.1083654,8.177,2011,7,28,3,4,385631.48,265003.47,1133807.03,763791.3875,860248.2133333334
38,2011-07-15,367181.71,0,88.1,3.692,129.1338387,13.503,2011,7,28,3,4,498749.62,1356938.95,1459655.85,516352.0775,834137.5033333334
39,2011-07-15,1380257.12,0,85.96,3.575,214.1083654,8.177,2011,7,28,3,4,367181.71,813845.5,547586.07,657954.9825,864031.0383333332
40,2011-07-15,953252.14,0,68.9,3.827,135.7837419,4.584,2011,7,28,3,4,1380257.12,385631.48,419764.37,799860.1475000001,796622.4008333334
41,2011-07-15,1245772.7,0,68.18,3.532,193.3125484,6.901,2011,7,28,3,4,953252.14,498749.62,1423144.47,986615.9175,800655.6983333334
42,2011-07-15,591703.82,0,86.01,3.779,129.1338387,8.257,2011,7,28,3,4,1245772.7,367181.71,1110244.52,1042746.445,807860.5041666668
43,2011-07-15,631827.38,0,84.67,3.575,207.1940691,10.641,2011,7,28,3,4,591703.82,1380257.12,295339.01,855639.01,825469.8166666668
34,2011-07-15,903882.96,0,78.09,3.563,129.1338387,10.641,2011,7,28,3,4,631827.38,953252.14,1567340.07,843296.7149999999,782837.2375000002
23,2011-07-15,1360520.56,0,69.8,3.827,135.7837419,4.584,2011,7,28,3,4,903882.96,1245772.7,926934.57,871983.6799999999,874130.3283333333
2,2011-07-15,1785187.29,0,89.83,3.575,215.0134426,7.852,2011,7,28,3,4,1360520.56,591703.82,377464.62,1170354.5475,909817.6900000001
21,2011-07-15,728311.15,0,91.05,3.575,215.0134426,7.852,2011,7,28,3,4,1785187.29,631827.38,489059.93,1194475.49,902689.8275000001
1,2011-07-15,1455119.97,0,88.54,3.575,215.3611087,7.962,2011,7,28,3,4,728311.15,903882.96,399699.17,1332284.7425000002,991813.8683333333
44,2011-07-15,289201.21,0,75.59,3.553,129.1338387,6.56,2011,7,28,3,4,1455119.97,1360520.56,1414564.53,1064454.905,974351.5008333334
3,2011-07-15,373454.33,0,87.14,3.575,218.7275216,7.567,2011,7,28,3,4,289201.21,1785187.29,1107366.06,711521.6649999999,974874.2191666667
4,2011-07-15,2049046.95,0,83.27,3.563,129.1338387,5.644,2011,7,28,3,4,373454.33,728311.15,1338862.58,1041705.615,1030606.705
5,2011-07-15,283248.62,0,88.64,3.575,215.9250696,6.529,2011,7,28,3,4,2049046.95,1455119.97,593234.27,748737.7775,974773.0783333335
6,2011-07-15,1526801.24,0,88.93,3.575,216.9044732,6.925,2011,7,28,3,4,283248.62,289201.21,651147.83,1058137.7850000001,998192.1233333334
7,2011-07-15,642748.21,0,54.37,3.532,193.3125484,8.622,2011,7,28,3,4,1526801.24,373454.33,827717.85,1125461.255,1002445.8224999999
8,2011-07-15,849925.37,0,84.26,3.575,218.7746217,6.425,2011,7,28,3,4,642748.21,2049046.95,1379488.05,825680.86,1020620.6549999999
9,2011-07-15,512834.04,0,90.45,3.575,218.9607242,6.404,2011,7,28,3,4,849925.37,283248.62,2000055.27,883077.2150000001,988033.245
22,2011-07-15,961953.57,0,75.2,3.827,139.7006325,8.023,2011,7,28,3,4,512834.04,1526801.24,734099.4,741865.2975,954819.3291666667
10,2011-07-15,1775068.4,0,86.01,3.779,129.1338387,8.257,2011,7,28,3,4,961953.57,642748.21,395146.24,1024945.345,953976.0883333333
12,2011-07-15,936001.98,0,88.1,3.692,129.1338387,13.503,2011,7,28,3,4,1775068.4,849925.37,2066541.86,1046464.4974999999,971283.6574999999
13,2011-07-15,1956813.31,0,75.59,3.553,129.1338387,6.877,2011,7,28,3,4,936001.98,512834.04,310804.93,1407459.315,1013091.4358333334
14,2011-07-15,1953544.76,0,78.47,3.76,186.1399808,8.625,2011,7,28,3,4,1956813.31,961953.57,1709373.62,1655357.1124999998,1151786.7316666667
15,2011-07-15,624114.56,0,73.34,3.915,135.7837419,7.806,2011,7,28,3,4,1953544.76,1775068.4,761793.94,1367618.6525,1172675.0841666667
16,2011-07-15,586841.77,0,65.16,3.532,193.3125484,6.338,2011,7,28,3,4,624114.56,936001.98,1017050.65,1280328.6,1050824.6525
17,2011-07-15,902727.76,0,67.93,3.553,129.1338387,6.745,2011,7,28,3,4,586841.77,1956813.31,535983.13,1016807.2125,1102447.9141666666
18,2011-07-15,974916.13,0,74.36,3.827,135.7837419,8.89,2011,7,28,3,4,902727.76,1953544.76,1699708.38,772150.0549999999,1056457.4883333335
19,2011-07-15,1391580.41,0,73.7,3.915,135.7837419,7.806,2011,7,28,3,4,974916.13,624114.56,1334627.96,964016.5175000001,1118860.1716666666
20,2011-07-15,2039875.75,0,74.88,3.76,208.5309337,7.274,2011,7,28,3,4,1391580.41,586841.77,861965.12,1327275.0125,1218022.7033333334
11,2011-07-15,1266546.73,0,88.3,3.575,218.7275216,7.567,2011,7,28,3,4,2039875.75,902727.76,2021699.38,1418229.755,1280832.0941666665
45,2011-07-15,748435.2,0,78.47,3.76,186.1399808,8.625,2011,7,28,3,4,1266546.73,974916.13,943717.38,1361609.5225,1263038.8966666667
43,2011-07-22,597354.39,0,88.58,3.651,207.2538111,10.641,2011,7,29,3,4,748435.2,1391580.41,1465489.75,1163053.0175,1164896.0625
2,2011-07-22,1743816.41,0,89.34,3.651,215.0749122,7.852,2011,7,29,3,4,597354.39,2039875.75,1048802.62,1089038.1825,1232213.9316666666
45,2011-07-22,741625.25,0,82.33,3.811,186.2177885,8.625,2011,7,29,3,4,1743816.41,1266546.73,2123787.79,957807.8125,1130948.26
26,2011-07-22,1017867.8,0,69.52,3.882,135.8738387,7.767,2011,7,29,3,4,741625.25,748435.2,634634.66,1025165.9624999999,1052975.18
27,2011-07-22,1754879.45,0,82.28,3.972,139.7969712,7.85,2011,7,29,3,4,1017867.8,597354.39,635118.48,1314547.2275,1147205.5875000001
28,2011-07-22,1165870.54,0,91.17,3.794,129.1507742,13.503,2011,7,29,3,4,1754879.45,1743816.41,2063401.06,1170060.76,1195457.985
29,2011-07-22,507335.75,0,77.79,3.882,135.8738387,9.863,2011,7,29,3,4,1165870.54,741625.25,915064.22,1111488.385,1162508.6508333334
30,2011-07-22,423441.76,0,90.27,3.651,215.0749122,7.852,2011,7,29,3,4,507335.75,1017867.8,1144254.26,962881.875,1116552.4533333334
31,2011-07-22,1401944.8,0,90.27,3.651,215.0749122,7.852,2011,7,29,3,4,423441.76,1754879.45,680510.23,874648.2125,1117416.1525
32,2011-07-22,1185674.48,0,76.0,3.545,193.5120367,8.622,2011,7,29,3,4,1401944.8,1165870.54,1021534.7,879599.1975,1046232.7133333333
24,2011-07-22,1357672.24,0,79.29,3.972,135.8738387,8.358,2011,7,29,3,4,1185674.48,507335.75,1762155.79,1092183.32,1053826.5058333331
33,2011-07-22,238915.05,0,97.17,3.697,129.1507742,8.442,2011,7,29,3,4,1357672.24,423441.76,1197373.13,1046051.6425000001,1011366.4933333333
35,2011-07-22,820188.42,0,82.28,3.811,139.7969712,8.684,2011,7,29,3,4,238915.05,1401944.8,505246.15,900612.5475,1029935.9958333332
36,2011-07-22,361311.41,0,83.31,3.637,214.1713416,8.177,2011,7,29,3,4,820188.42,1185674.48,420515.63,694521.78,914727.2458333332
37,2011-07-22,505543.53,0,83.31,3.651,214.1713416,8.177,2011,7,29,3,4,361311.41,1357672.24,1415473.91,481489.6025,895053.7691666665
38,2011-07-22,365562.67,0,91.17,3.794,129.1507742,13.503,2011,7,29,3,4,505543.53,238915.05,265003.47,513151.50749999995,840695.0083333333
39,2011-07-22,1416005.59,0,84.6,3.651,214.1713416,8.177,2011,7,29,3,4,365562.67,820188.42,1356938.95,662105.8,812455.52
40,2011-07-22,980642.1,0,73.34,3.882,135.8738387,4.584,2011,7,29,3,4,1416005.59,361311.41,813845.5,816938.4725,797019.8166666665
41,2011-07-22,1292830.93,0,74.11,3.545,193.5120367,6.901,2011,7,29,3,4,980642.1,505543.53,385631.48,1013760.3225,862477.7483333334
42,2011-07-22,511316.29,0,88.59,3.697,129.1507742,8.257,2011,7,29,3,4,1292830.93,365562.67,498749.62,1050198.7275,869800.6258333334
34,2011-07-22,913236.62,0,80.75,3.627,129.1507742,10.641,2011,7,29,3,4,511316.29,1416005.59,367181.71,924506.4849999999,829074.9441666667
44,2011-07-22,303108.81,0,78.5,3.563,129.1507742,6.56,2011,7,29,3,4,913236.62,980642.1,1380257.12,755123.1624999999,755527.805
23,2011-07-22,1362144.0,0,76.74,3.882,135.8738387,4.584,2011,7,29,3,4,303108.81,1292830.93,953252.14,772451.4299999999,755900.4516666667
21,2011-07-22,784490.67,0,90.27,3.651,215.0749122,7.852,2011,7,29,3,4,1362144.0,511316.29,1245772.7,840745.025,801365.0866666668
3,2011-07-22,360617.37,0,86.19,3.651,218.7857881,7.567,2011,7,29,3,4,784490.67,913236.62,591703.82,702590.2125000001,763067.4991666666
4,2011-07-22,2036231.39,0,82.84,3.627,129.1507742,5.644,2011,7,29,3,4,360617.37,303108.81,631827.38,1135870.8575,902644.1641666667
5,2011-07-22,292539.73,0,86.97,3.651,215.985753,6.529,2011,7,29,3,4,2036231.39,1362144.0,903882.96,868469.79,884893.8475
6,2011-07-22,1526506.08,0,88.06,3.651,216.964312,6.925,2011,7,29,3,4,292539.73,784490.67,1360520.56,1053973.6425,981639.1316666667
7,2011-07-22,688043.96,0,56.22,3.545,193.5120367,8.622,2011,7,29,3,4,1526506.08,360617.37,1785187.29,1135830.29,920975.6625
8,2011-07-22,829902.42,0,85.46,3.651,218.8328475,6.425,2011,7,29,3,4,688043.96,2036231.39,728311.15,834248.0475,908414.0225
9,2011-07-22,491449.94,0,89.08,3.651,219.0187895,6.404,2011,7,29,3,4,829902.42,292539.73,1455119.97,883975.6,841632.2733333334
10,2011-07-22,1774342.61,0,88.59,3.697,129.1507742,8.257,2011,7,29,3,4,491449.94,1526506.08,289201.21,945934.7325,946884.4666666667
22,2011-07-22,964683.8,0,77.79,3.882,139.7969712,8.023,2011,7,29,3,4,1774342.61,688043.96,373454.33,1015094.6925000001,951171.7316666668
11,2011-07-22,1290576.44,0,87.8,3.651,218.7857881,7.567,2011,7,29,3,4,964683.8,829902.42,2049046.95,1130263.1975,1033460.7008333333
13,2011-07-22,1987089.36,0,78.5,3.563,129.1507742,6.877,2011,7,29,3,4,1290576.44,491449.94,283248.62,1504173.0525000002,1085539.4808333332
14,2011-07-22,1882070.88,0,82.33,3.811,186.2177885,8.625,2011,7,29,3,4,1987089.36,1774342.61,1526801.24,1531105.12,1177004.4983333333
15,2011-07-22,607475.44,0,79.97,3.972,135.8738387,7.806,2011,7,29,3,4,1882070.88,964683.8,642748.21,1441803.03,1197576.0041666667
16,2011-07-22,581758.22,0,65.36,3.545,193.5120367,6.338,2011,7,29,3,4,607475.44,1290576.44,849925.37,1264598.4749999999,1076369.9066666667
17,2011-07-22,899044.34,0,69.82,3.563,129.1507742,6.745,2011,7,29,3,4,581758.22,1987089.36,512834.04,992587.22,1126911.9575
18,2011-07-22,991262.46,0,78.68,3.882,135.8738387,8.89,2011,7,29,3,4,899044.34,1882070.88,961953.57,769885.115,1082308.3225
19,2011-07-22,1377119.45,0,79.37,3.972,135.8738387,7.806,2011,7,29,3,4,991262.46,607475.44,1775068.4,962296.1174999999,1139731.28
20,2011-07-22,1950904.84,0,78.89,3.811,208.5937018,7.274,2011,7,29,3,4,1377119.45,581758.22,936001.98,1304582.7725,1233148.1483333334
12,2011-07-22,922231.92,0,91.17,3.794,129.1507742,13.503,2011,7,29,3,4,1950904.84,899044.34,1956813.31,1310379.6675,1269046.6466666667
25,2011-07-22,670854.96,0,78.1,3.811,208.5937018,7.274,2011,7,29,3,4,922231.92,991262.46,1953544.76,1230277.7925,1177089.3425
1,2011-07-22,1396926.82,0,85.77,3.651,215.4222784,7.962,2011,7,29,3,4,670854.96,1377119.45,624114.56,1235229.635,1213109.5941666665
14,2011-07-29,1871021.01,0,81.31,3.829,186.2955962,8.625,2011,7,30,3,4,1396926.82,1950904.84,586841.77,1215258.6775,1261479.9749999999
27,2011-07-29,1744879.06,0,79.41,4.004,139.8933099,7.85,2011,7,30,3,4,1871021.01,922231.92,902727.76,1420920.4625,1241295.7833333334
28,2011-07-29,1114530.29,0,93.29,3.805,129.1677097,13.503,2011,7,30,3,4,1744879.06,670854.96,974916.13,1531839.295,1177334.0675
29,2011-07-29,474653.06,0,75.32,3.898,135.9639355,9.863,2011,7,30,3,4,1114530.29,1396926.82,1391580.41,1301270.855,1166265.5358333334
30,2011-07-29,414245.96,0,91.56,3.682,215.1363819,7.852,2011,7,30,3,4,474653.06,1871021.01,2039875.75,937077.0925,1152306.1808333334
31,2011-07-29,1308122.15,0,91.56,3.682,215.1363819,7.852,2011,7,30,3,4,414245.96,1744879.06,1266546.73,827887.865,1186395.9983333333
32,2011-07-29,1169988.62,0,75.91,3.547,193.711525,8.622,2011,7,30,3,4,1308122.15,1114530.29,748435.2,841752.4475,1201289.845
33,2011-07-29,224806.96,0,95.28,3.694,129.1677097,8.442,2011,7,30,3,4,1169988.62,474653.06,597354.39,779290.9225,1105263.8041666667
34,2011-07-29,851461.9,0,78.04,3.659,129.1677097,10.641,2011,7,30,3,4,224806.96,414245.96,1743816.41,888594.9075,1013643.5591666666
35,2011-07-29,770820.27,0,79.41,3.829,139.8933099,8.684,2011,7,30,3,4,851461.9,1308122.15,741625.25,754269.4375,1001025.9216666665
36,2011-07-29,354361.08,0,84.99,3.66,214.2343177,8.177,2011,7,30,3,4,770820.27,1169988.62,1017867.8,550362.5525,974651.4316666666
37,2011-07-29,504974.95,0,84.99,3.682,214.2343177,8.177,2011,7,30,3,4,354361.08,224806.96,1754879.45,620404.55,900322.1091666667
38,2011-07-29,355131.33,0,93.29,3.805,129.1677097,13.503,2011,7,30,3,4,504974.95,851461.9,1165870.54,496321.90750000003,773997.9691666667
39,2011-07-29,1426418.53,0,86.24,3.682,214.2343177,8.177,2011,7,30,3,4,355131.33,770820.27,507335.75,660221.4724999999,747459.5916666667
40,2011-07-29,929096.9,0,67.45,3.898,135.9639355,4.584,2011,7,30,3,4,1426418.53,354361.08,423441.76,803905.4275,732006.8091666666
41,2011-07-29,1248330.1,0,71.3,3.547,193.711525,6.901,2011,7,30,3,4,929096.9,504974.95,1401944.8,989744.2150000001,796479.8958333334
42,2011-07-29,479256.8,0,86.75,3.694,129.1677097,8.257,2011,7,30,3,4,1248330.1,355131.33,1185674.48,1020775.5825,801897.4658333333
43,2011-07-29,533917.52,0,83.43,3.682,207.313553,10.641,2011,7,30,3,4,479256.8,1426418.53,1357672.24,797650.3300000001,737380.4133333334
44,2011-07-29,279677.0,0,77.62,3.574,129.1677097,6.56,2011,7,30,3,4,533917.52,929096.9,238915.05,635295.355,663187.7783333333
45,2011-07-29,704680.97,0,81.31,3.829,186.2955962,8.625,2011,7,30,3,4,279677.0,1248330.1,820188.42,499383.0725,703177.2791666667
26,2011-07-29,1005360.5,0,63.32,3.898,135.9639355,7.767,2011,7,30,3,4,704680.97,479256.8,361311.41,630908.9975,716002.1625000001
25,2011-07-29,668390.82,0,74.72,3.829,208.6564699,7.274,2011,7,30,3,4,1005360.5,533917.52,505543.53,664527.3225,707466.375
24,2011-07-29,1310973.06,0,74.84,4.004,135.9639355,8.358,2011,7,30,3,4,668390.82,279677.0,365562.67,922351.3375,787184.04
12,2011-07-29,890547.07,0,93.29,3.805,129.1677097,13.503,2011,7,30,3,4,1310973.06,704680.97,1416005.59,968817.8624999999,819315.0500000002
1,2011-07-29,1352219.79,0,86.83,3.682,215.4834482,7.962,2011,7,30,3,4,890547.07,1005360.5,980642.1,1055532.685,902405.755
2,2011-07-29,1680693.06,0,90.07,3.682,215.1363819,7.852,2011,7,30,3,4,1352219.79,668390.82,1292830.93,1308608.245,923595.2991666667
4,2011-07-29,1989674.07,0,84.36,3.659,129.1677097,5.644,2011,7,30,3,4,1680693.06,1310973.06,511316.29,1478283.4975,1011976.7300000001
5,2011-07-29,275142.17,0,89.42,3.682,216.0464364,6.529,2011,7,30,3,4,1989674.07,890547.07,913236.62,1324432.2725,930877.7358333333
6,2011-07-29,1483991.05,0,90.22,3.682,217.0241507,6.925,2011,7,30,3,4,275142.17,1352219.79,303108.81,1357375.0875,1014605.59
7,2011-07-29,653382.62,0,56.66,3.547,193.711525,8.622,2011,7,30,3,4,1483991.05,1680693.06,1362144.0,1100547.4775,1024561.015
8,2011-07-29,807082.19,0,86.46,3.682,218.8910733,6.425,2011,7,30,3,4,653382.62,1989674.07,784490.67,804899.5075,1068511.4475
9,2011-07-29,471449.98,0,91.1,3.682,219.0768548,6.404,2011,7,30,3,4,807082.19,275142.17,360617.37,853976.46,1049075.5316666667
10,2011-07-29,1745841.33,0,86.75,3.694,129.1677097,8.257,2011,7,30,3,4,471449.98,1483991.05,2036231.39,919439.03,1110782.2675
11,2011-07-29,1212938.67,0,89.46,3.682,218.8440545,7.567,2011,7,30,3,4,1745841.33,653382.62,292539.73,1059328.0425,1156161.2550000001
3,2011-07-29,345381.29,0,88.07,3.682,218.8440545,7.567,2011,7,30,3,4,1212938.67,807082.19,1526506.08,943902.8175,1075695.2741666667
13,2011-07-29,1880785.69,0,77.62,3.574,129.1677097,6.877,2011,7,30,3,4,345381.29,471449.98,688043.96,1296236.745,1158215.1591666667
15,2011-07-29,577511.02,0,74.67,4.004,135.9639355,7.806,2011,7,30,3,4,1880785.69,1745841.33,829902.42,1004154.1675,1093656.095
16,2011-07-29,582381.95,0,66.84,3.547,193.711525,6.338,2011,7,30,3,4,577511.02,1212938.67,491449.94,846514.9875,1002130.1691666666
17,2011-07-29,861894.77,0,68.59,3.574,129.1677097,6.745,2011,7,30,3,4,582381.95,345381.29,1774342.61,975643.3574999999,908148.5608333332
18,2011-07-29,954148.64,0,73.85,3.898,135.9639355,8.89,2011,7,30,3,4,861894.77,1880785.69,964683.8,743984.095,964732.4333333332
19,2011-07-29,1298775.8,0,74.86,4.004,135.9639355,7.806,2011,7,30,3,4,954148.64,577511.02,1290576.44,924300.29,949297.8291666667
20,2011-07-29,1858440.92,0,77.47,3.829,208.6564699,7.274,2011,7,30,3,4,1298775.8,582381.95,1987089.36,1243315.0325,1049719.3541666667
21,2011-07-29,751167.12,0,91.56,3.682,215.1363819,7.852,2011,7,30,3,4,1858440.92,861894.77,1882070.88,1215633.12,1045059.765
22,2011-07-29,944958.69,0,75.32,3.898,139.8933099,8.023,2011,7,30,3,4,751167.12,954148.64,607475.44,1213335.6325,1084518.8241666665
23,2011-07-29,1319767.55,0,69.55,3.898,135.9639355,4.584,2011,7,30,3,4,944958.69,1298775.8,581758.22,1218583.5699999998,1049012.6758333333
3,2011-08-05,409981.25,0,88.45,3.684,218.9023209,7.567,2011,8,31,3,4,1319767.55,1858440.92,899044.34,856468.6525,982099.5575
1,2011-08-05,1624383.75,0,91.65,3.684,215.544618,7.962,2011,8,31,3,4,409981.25,751167.12,991262.46,1074772.81,1088683.0958333334
2,2011-08-05,1876704.26,0,93.34,3.684,215.1978515,7.852,2011,8,31,3,4,1624383.75,944958.69,1377119.45,1307709.2025,1088342.9766666668
4,2011-08-05,2160057.39,0,86.09,3.662,129.1846452,5.644,2011,8,31,3,4,1876704.26,1319767.55,1950904.84,1517781.6625,1220221.8408333333
23,2011-08-05,1416344.68,0,69.53,3.903,136.0540323,4.584,2011,8,31,3,4,2160057.39,409981.25,922231.92,1769372.52,1289718.735
22,2011-08-05,983232.96,0,75.33,3.903,139.9896486,8.023,2011,8,31,3,4,1416344.68,1624383.75,670854.96,1609084.8225,1299830.2508333335
21,2011-08-05,783614.89,0,94.22,3.684,215.1978515,7.852,2011,8,31,3,4,983232.96,1876704.26,1396926.82,1335812.4800000002,1285619.105
20,2011-08-05,2189353.63,0,77.8,3.842,208.719238,7.274,2011,8,31,3,4,783614.89,2160057.39,1871021.01,1343136.54,1359833.9241666666
19,2011-08-05,1408968.55,0,73.84,4.02,136.0540323,7.806,2011,8,31,3,4,2189353.63,1416344.68,1744879.06,1341292.5075,1322377.8933333333
18,2011-08-05,1002806.39,0,74.58,3.903,136.0540323,8.89,2011,8,31,3,4,1408968.55,983232.96,1114530.29,1346185.865,1343347.8325
17,2011-08-05,866184.92,0,65.71,3.595,129.1846452,6.745,2011,8,31,3,4,1002806.39,783614.89,474653.06,1366828.3724999998,1336783.3516666668
16,2011-08-05,592981.33,0,63.96,3.554,193.9110133,6.338,2011,8,31,3,4,866184.92,2189353.63,414245.96,967735.2975,1276217.8333333333
24,2011-08-05,1417616.81,0,74.64,4.02,136.0540323,8.358,2011,8,31,3,4,592981.33,1408968.55,1308122.15,969897.3624999999,1360187.4633333334
15,2011-08-05,607961.21,0,73.63,4.02,136.0540323,7.806,2011,8,31,3,4,1417616.81,1002806.39,1169988.62,871186.0675,1275485.585
13,2011-08-05,2076231.8,0,75.56,3.595,129.1846452,6.877,2011,8,31,3,4,607961.21,866184.92,224806.96,1173697.7874999999,1292112.8800000001
12,2011-08-05,988712.52,0,90.61,3.803,129.1846452,13.503,2011,8,31,3,4,2076231.8,592981.33,851461.9,1272630.585,1194500.8074999999
11,2011-08-05,1403198.94,0,90.04,3.684,218.9023209,7.567,2011,8,31,3,4,988712.52,1417616.81,770820.27,1269026.1175,1193405.3291666666
10,2011-08-05,1886299.98,0,89.8,3.803,129.1846452,8.257,2011,8,31,3,4,1403198.94,607961.21,354361.08,1588610.81,1268660.9141666666
9,2011-08-05,554879.67,0,91.52,3.684,219.1349201,6.404,2011,8,31,3,4,1886299.98,2076231.8,504974.95,1208272.7775,1249599.6458333333
8,2011-08-05,892393.77,0,85.15,3.684,218.9492991,6.425,2011,8,31,3,4,554879.67,988712.52,355131.33,1184193.0899999999,1141519.6575
7,2011-08-05,695392.84,0,55.91,3.554,193.9110133,8.622,2011,8,31,3,4,892393.77,1403198.94,1426418.53,1007241.5650000001,1082055.015
6,2011-08-05,1601584.57,0,91.46,3.684,217.0839894,6.925,2011,8,31,3,4,695392.84,1886299.98,929096.9,936062.7125000001,1131953.1966666665
14,2011-08-05,2066020.69,0,78.22,3.842,186.3734038,8.625,2011,8,31,3,4,1601584.57,554879.67,1248330.1,1313847.9675,1231939.5108333335
5,2011-08-05,317738.56,0,91.07,3.684,216.1071198,6.529,2011,8,31,3,4,2066020.69,892393.77,479256.8,1170184.165,1209002.6133333333
25,2011-08-05,679706.01,0,74.0,3.842,208.719238,7.274,2011,8,31,3,4,317738.56,695392.84,533917.52,1166262.4575,1147510.0466666666
27,2011-08-05,1747289.53,0,78.14,4.02,139.9896486,7.85,2011,8,31,3,4,679706.01,1601584.57,279677.0,1202688.6975,1242454.0733333335
45,2011-08-05,765996.92,0,78.22,3.842,186.3734038,8.625,2011,8,31,3,4,1747289.53,2066020.69,704680.97,877682.7550000001,1133267.8333333333
44,2011-08-05,298080.45,0,75.56,3.595,129.1846452,6.56,2011,8,31,3,4,765996.92,317738.56,1005360.5,872768.2275,1075715.1608333334
43,2011-08-05,605956.59,0,87.47,3.684,207.3732949,10.641,2011,8,31,3,4,298080.45,679706.01,668390.82,854330.8725,1009278.2983333333
42,2011-08-05,572603.33,0,89.8,3.803,129.1846452,8.257,2011,8,31,3,4,605956.59,1747289.53,1310973.06,560659.3225,899803.5775
41,2011-08-05,1402233.69,0,72.19,3.554,193.9110133,6.901,2011,8,31,3,4,572603.33,765996.92,890547.07,719718.515,970416.4125
40,2011-08-05,1063818.2,0,68.1,3.903,136.0540323,4.584,2011,8,31,3,4,1402233.69,298080.45,1352219.79,911152.9524999999,984701.7816666667
39,2011-08-05,1518790.89,0,87.73,3.684,214.2972939,8.177,2011,8,31,3,4,1063818.2,605956.59,1680693.06,1139361.5274999999,1053318.2858333334
38,2011-08-05,437631.44,0,90.61,3.803,129.1846452,13.503,2011,8,31,3,4,1518790.89,572603.33,1989674.07,1105618.555,956322.1916666668
26,2011-08-05,1107552.43,0,63.16,3.903,136.0540323,7.767,2011,8,31,3,4,437631.44,1402233.69,275142.17,1031948.24,876449.8366666666
37,2011-08-05,510787.46,0,86.71,3.684,214.2972939,8.177,2011,8,31,3,4,1107552.43,1063818.2,1483991.05,893690.5549999999,892537.245
35,2011-08-05,826820.71,0,78.14,3.842,139.9896486,8.684,2011,8,31,3,4,510787.46,1518790.89,653382.62,720698.01,904796.8033333333
34,2011-08-05,942236.45,0,76.71,3.662,129.1846452,10.641,2011,8,31,3,4,826820.71,437631.44,807082.19,846849.2625,837709.0466666665
33,2011-08-05,242456.39,0,96.93,3.803,129.1846452,8.442,2011,8,31,3,4,942236.45,1107552.43,471449.98,630575.2525000001,794080.6691666666
32,2011-08-05,1201694.14,0,74.83,3.554,193.9110133,8.622,2011,8,31,3,4,242456.39,510787.46,1745841.33,803301.9224999999,869381.8099999999
31,2011-08-05,1428993.33,0,94.22,3.684,215.1978515,7.852,2011,8,31,3,4,1201694.14,826820.71,1212938.67,953845.0774999999,937968.2050000001
30,2011-08-05,431798.64,0,94.22,3.684,215.1978515,7.852,2011,8,31,3,4,1428993.33,942236.45,345381.29,826235.6249999999,926234.4808333333
29,2011-08-05,503486.37,0,75.33,3.903,136.0540323,9.863,2011,8,31,3,4,431798.64,242456.39,1880785.69,891493.12,851338.8708333332
28,2011-08-05,1523870.89,0,90.61,3.803,129.1846452,13.503,2011,8,31,3,4,503486.37,1201694.14,577511.02,972037.3074999999,889676.5949999999
36,2011-08-05,381017.75,0,86.71,3.652,214.2972939,8.177,2011,8,31,3,4,1523870.89,1428993.33,582381.95,710043.4124999999,794862.1666666666
3,2011-08-12,380376.85,0,88.88,3.638,218.9605873,7.567,2011,8,32,3,4,381017.75,431798.64,861894.77,697187.9649999999,790090.9508333332
4,2011-08-12,2105668.74,0,82.98,3.617,129.2015806,5.644,2011,8,32,3,4,380376.85,503486.37,954148.64,1097733.5574999999,873267.3099999999
1,2011-08-12,1525147.09,0,90.76,3.638,215.6057878,7.962,2011,8,32,3,4,2105668.74,1523870.89,1298775.8,1098052.6075,957797.2791666668
22,2011-08-12,991779.2,0,74.69,3.88,140.0859873,8.023,2011,8,32,3,4,1525147.09,381017.75,1858440.92,1250742.97,971543.82
21,2011-08-12,776933.37,0,92.32,3.638,215.2593211,7.852,2011,8,32,3,4,991779.2,380376.85,751167.12,1349882.1,957768.5633333334
20,2011-08-12,2052246.4,0,73.52,3.812,208.7820061,7.274,2011,8,32,3,4,776933.37,2105668.74,944958.69,1336526.515,1108584.3975
19,2011-08-12,1360969.45,0,70.92,3.995,136.144129,7.806,2011,8,32,3,4,2052246.4,1525147.09,1319767.55,1295482.105,1121857.34
18,2011-08-12,928470.83,0,73.57,3.88,136.144129,8.89,2011,8,32,3,4,1360969.45,991779.2,409981.25,1279655.0125,1080147.1316666666
17,2011-08-12,800819.79,0,64.79,3.606,129.2015806,6.745,2011,8,32,3,4,928470.83,776933.37,1624383.75,1285626.6175,1110898.8941666668
16,2011-08-12,563884.47,0,67.09,3.542,194.1105017,6.338,2011,8,32,3,4,800819.79,2052246.4,1876704.26,913536.1349999999,1115932.0691666666
15,2011-08-12,590836.37,0,70.63,3.995,136.144129,7.806,2011,8,32,3,4,563884.47,1360969.45,2160057.39,721002.865,1038179.1925
2,2011-08-12,1812768.26,0,91.58,3.638,215.2593211,7.852,2011,8,32,3,4,590836.37,928470.83,1416344.68,942077.2224999999,1157491.735
14,2011-08-12,1928773.82,0,77.0,3.812,186.4512115,8.625,2011,8,32,3,4,1812768.26,800819.79,983232.96,1224065.73,1286524.8158333334
12,2011-08-12,955913.68,0,91.04,3.701,129.2015806,13.503,2011,8,32,3,4,1928773.82,563884.47,783614.89,1322073.0325,1190711.8941666668
11,2011-08-12,1354188.43,0,90.3,3.638,218.9605873,7.567,2011,8,32,3,4,955913.68,590836.37,2189353.63,1512911.0474999999,1176465.3391666666
10,2011-08-12,1917397.63,0,85.61,3.794,129.2015806,8.257,2011,8,32,3,4,1354188.43,1812768.26,1408968.55,1539068.3900000001,1253600.2083333333
9,2011-08-12,520284.79,0,91.63,3.638,219.1929854,6.404,2011,8,32,3,4,1917397.63,1928773.82,1002806.39,1186946.1324999998,1232212.8266666667
8,2011-08-12,856796.1,0,86.05,3.638,219.0075249,6.425,2011,8,32,3,4,520284.79,955913.68,866184.92,1162166.7374999998,1132591.9683333335
7,2011-08-12,670670.46,0,54.56,3.542,194.1105017,8.622,2011,8,32,3,4,856796.1,1354188.43,592981.33,991287.2449999999,1075067.0525
6,2011-08-12,1484995.38,0,90.49,3.638,217.1438281,6.925,2011,8,32,3,4,670670.46,1917397.63,1417616.81,883186.6824999999,1121444.0983333334
5,2011-08-12,289886.16,0,90.16,3.638,216.1678032,6.529,2011,8,32,3,4,1484995.38,520284.79,607961.21,825587.0249999998,1078866.2958333334
13,2011-08-12,1970341.38,0,75.95,3.606,129.2015806,6.877,2011,8,32,3,4,289886.16,856796.1,2076231.8,1103973.3449999997,1196071.0383333333
45,2011-08-12,724180.89,0,77.0,3.812,186.4512115,8.625,2011,8,32,3,4,1970341.38,670670.46,988712.52,1117350.9524999997,1207183.0816666668
24,2011-08-12,1402818.01,0,72.52,3.995,136.144129,8.358,2011,8,32,3,4,724180.89,1484995.38,1403198.94,1096806.6099999999,1173020.5608333333
26,2011-08-12,1087644.5,0,62.99,3.88,136.144129,7.767,2011,8,32,3,4,1402818.01,289886.16,1886299.98,1296246.1949999998,1102926.4508333334
44,2011-08-12,290399.66,0,75.95,3.606,129.2015806,6.56,2011,8,32,3,4,1087644.5,1970341.38,554879.67,876260.7649999999,1047466.9491666667
43,2011-08-12,595626.56,0,86.64,3.638,207.4330369,10.641,2011,8,32,3,4,290399.66,724180.89,892393.77,844122.1824999999,984253.46
42,2011-08-12,603147.26,0,85.61,3.794,129.2015806,8.257,2011,8,32,3,4,595626.56,1402818.01,695392.84,644204.4949999999,874732.5958333332
41,2011-08-12,1356689.88,0,67.65,3.542,194.1105017,6.901,2011,8,32,3,4,603147.26,1087644.5,1601584.57,711465.8399999999,944433.02
40,2011-08-12,955506.95,0,68.3,3.88,136.144129,4.584,2011,8,32,3,4,1356689.88,290399.66,2066020.69,877742.6624999999,952658.9241666665
39,2011-08-12,1514055.97,0,88.27,3.638,214.3602701,8.177,2011,8,32,3,4,955506.95,595626.56,317738.56,1107350.015,1022941.0499999999
38,2011-08-12,387844.05,0,91.04,3.701,129.2015806,13.503,2011,8,32,3,4,1514055.97,603147.26,679706.01,1053524.2125,931511.7725
37,2011-08-12,502504.39,0,87.64,3.638,214.3602701,8.177,2011,8,32,3,4,387844.05,1356689.88,1747289.53,839977.8399999999,949229.9583333331
25,2011-08-12,667130.48,0,70.93,3.812,208.7820061,7.274,2011,8,32,3,4,502504.39,955506.95,765996.92,767883.7224999998,840629.0499999999
36,2011-08-12,380188.69,0,87.64,3.608,214.3602701,8.177,2011,8,32,3,4,667130.48,1514055.97,298080.45,484416.90249999985,811963.0333333332
34,2011-08-12,956251.18,0,80.23,3.617,129.2015806,10.641,2011,8,32,3,4,380188.69,387844.05,605956.59,626518.6849999998,774749.1308333334
33,2011-08-12,274721.85,0,96.0,3.794,129.2015806,8.442,2011,8,32,3,4,956251.18,502504.39,572603.33,569573.0499999999,707005.5766666667
32,2011-08-12,1206795.74,0,74.2,3.542,194.1105017,8.622,2011,8,32,3,4,274721.85,667130.48,1402233.69,704489.3649999999,783371.9166666666
31,2011-08-12,1443311.49,0,92.32,3.638,215.2593211,7.852,2011,8,32,3,4,1206795.74,380188.69,1063818.2,970270.065,854012.3275
30,2011-08-12,412224.67,0,92.32,3.638,215.2593211,7.852,2011,8,32,3,4,1443311.49,956251.18,1518790.89,834263.4374999999,838102.1116666667
29,2011-08-12,471311.5,0,74.69,3.88,136.144129,9.863,2011,8,32,3,4,412224.67,274721.85,437631.44,883410.8499999999,764320.5800000001
28,2011-08-12,1218764.94,0,91.04,3.701,129.2015806,13.503,2011,8,32,3,4,471311.5,1206795.74,1107552.43,886403.1499999999,786258.7458333332
27,2011-08-12,1758437.96,0,76.67,3.995,140.0859873,7.85,2011,8,32,3,4,1218764.94,1443311.49,510787.46,965184.7674999998,806623.9116666666
35,2011-08-12,819911.89,0,76.67,3.812,140.0859873,8.684,2011,8,32,3,4,1758437.96,412224.67,826820.71,1067106.5724999998,842629.565
23,2011-08-12,1380952.05,0,69.86,3.88,136.144129,4.584,2011,8,32,3,4,819911.89,471311.5,942236.45,1294516.71,915833.5366666667
1,2011-08-19,1530761.43,0,89.94,3.554,215.6693107,7.962,2011,8,33,3,4,1380952.05,1218764.94,242456.39,1372515.8325,987802.7825000001
36,2011-08-19,373267.58,0,87.24,3.534,214.4239935,8.177,2011,8,33,3,4,1530761.43,1758437.96,1201694.14,1026223.2374999999,987226.0233333334
25,2011-08-19,688958.75,0,68.09,3.747,208.8424359,7.274,2011,8,33,3,4,373267.58,819911.89,1428993.33,993484.9524999999,964951.6541666668
26,2011-08-19,1021766.75,0,60.58,3.82,136.183129,7.767,2011,8,33,3,4,688958.75,1380952.05,431798.64,903688.6275,1027205.3958333334
27,2011-08-19,1781905.24,0,72.97,3.942,140.1289205,7.85,2011,8,33,3,4,1021766.75,1530761.43,503486.37,966474.5799999998,1075131.1875
28,2011-08-19,1200019.74,0,91.74,3.743,129.2405806,13.503,2011,8,33,3,4,1781905.24,373267.58,1523870.89,1173162.6199999999,1054856.875
29,2011-08-19,498056.0,0,71.3,3.82,136.183129,9.863,2011,8,33,3,4,1200019.74,688958.75,381017.75,1125436.9324999999,1062009.4858333333
30,2011-08-19,414450.61,0,90.11,3.554,215.3229307,7.852,2011,8,33,3,4,498056.0,1021766.75,380376.85,973607.8974999998,1057271.0783333334
31,2011-08-19,1487542.53,0,90.11,3.554,215.3229307,7.852,2011,8,33,3,4,414450.61,1781905.24,2105668.74,900017.22,1079669.2108333332
32,2011-08-19,1221318.17,0,73.72,3.499,194.2500634,8.622,2011,8,33,3,4,1487542.53,1200019.74,1525147.09,905341.8274999999,1034909.2283333334
24,2011-08-19,1352039.88,0,69.93,3.942,136.183129,8.358,2011,8,33,3,4,1221318.17,498056.0,991779.2,1118837.7974999999,1079253.2275
33,2011-08-19,242771.37,0,95.89,3.743,129.2405806,8.442,2011,8,33,3,4,1352039.88,414450.61,776933.37,1075917.9874999998,984404.8374999999
35,2011-08-19,820288.35,0,72.97,3.747,140.1289205,8.684,2011,8,33,3,4,242771.37,1487542.53,2052246.4,909104.4424999999,925198.7474999999
37,2011-08-19,506897.98,0,87.24,3.554,214.4239935,8.177,2011,8,33,3,4,820288.35,1221318.17,1360969.45,730499.3949999998,936334.6141666666
38,2011-08-19,362224.7,0,91.74,3.743,129.2405806,13.503,2011,8,33,3,4,506897.98,1352039.88,928470.83,483045.59999999986,909106.7766666665
39,2011-08-19,1629066.9,0,87.93,3.554,214.4239935,8.177,2011,8,33,3,4,362224.7,242771.37,800819.79,829619.4824999998,959715.1224999999
40,2011-08-19,943237.12,0,64.05,3.82,136.183129,4.584,2011,8,33,3,4,1629066.9,820288.35,563884.47,860356.6749999998,889826.1124999999
41,2011-08-19,1412959.97,0,70.55,3.499,194.2500634,6.901,2011,8,33,3,4,943237.12,506897.98,590836.37,1086872.1724999999,907571.1316666667
42,2011-08-19,526641.23,0,87.4,3.743,129.2405806,8.257,2011,8,33,3,4,1412959.97,362224.7,1812768.26,1127976.3049999997,909953.2341666667
43,2011-08-19,663396.32,0,82.08,3.554,207.4953088,10.641,2011,8,33,3,4,526641.23,1629066.9,1928773.82,886558.6599999998,930698.71
34,2011-08-19,960418.54,0,77.08,3.55,129.2405806,10.641,2011,8,33,3,4,663396.32,943237.12,955913.68,890854.0149999998,886771.7108333333
44,2011-08-19,290909.69,0,76.68,3.578,129.2405806,6.56,2011,8,33,3,4,960418.54,1412959.97,1354188.43,610341.4449999998,809237.6708333333
23,2011-08-19,1453416.53,0,67.09,3.82,136.183129,4.584,2011,8,33,3,4,290909.69,526641.23,1917397.63,842035.2699999999,817685.725
21,2011-08-19,855546.5,0,90.11,3.554,215.3229307,7.852,2011,8,33,3,4,1453416.53,663396.32,520284.79,890072.815,868750.3191666667
2,2011-08-19,1844094.59,0,89.86,3.554,215.3229307,7.852,2011,8,33,3,4,855546.5,960418.54,856796.1,1110991.8275,954067.5058333332
3,2011-08-19,379716.91,0,88.44,3.554,219.023271,7.567,2011,8,33,3,4,1844094.59,290909.69,670670.46,1133193.6325,943469.0833333334
4,2011-08-19,2232892.1,0,82.77,3.55,129.2405806,5.644,2011,8,33,3,4,379716.91,1453416.53,1484995.38,1328062.525,1099358.0333333332
5,2011-08-19,303643.84,0,89.35,3.554,216.2311855,6.529,2011,8,33,3,4,2232892.1,855546.5,289886.16,1190086.8599999999,988906.1116666668
6,2011-08-19,1493544.04,0,89.26,3.554,217.2069662,6.925,2011,8,33,3,4,303643.84,1844094.59,1970341.38,1102449.2225,1034765.0216666666
7,2011-08-19,645156.21,0,56.06,3.499,194.2500634,8.622,2011,8,33,3,4,1493544.04,379716.91,724180.89,1168809.0474999999,970781.375
8,2011-08-19,895066.5,0,82.92,3.554,219.0701968,6.425,2011,8,33,3,4,645156.21,2232892.1,1402818.01,834352.6475,1001483.4808333335
9,2011-08-19,540819.44,0,85.8,3.554,219.2556109,6.404,2011,8,33,3,4,895066.5,303643.84,1087644.5,893646.5474999999,991268.7408333333
22,2011-08-19,973004.91,0,71.3,3.82,140.1289205,8.023,2011,8,33,3,4,540819.44,1493544.04,290399.66,763511.7649999999,992317.605
10,2011-08-19,1954849.68,0,87.4,3.743,129.2405806,8.257,2011,8,33,3,4,973004.91,645156.21,595626.56,1090935.1324999998,1130979.2708333333
12,2011-08-19,966817.24,0,91.74,3.743,129.2405806,13.503,2011,8,33,3,4,1954849.68,895066.5,603147.26,1108872.8175,1090429.33
13,2011-08-19,2090340.98,0,76.68,3.578,129.2405806,6.877,2011,8,33,3,4,966817.24,540819.44,1356689.88,1496253.2025,1193328.87
14,2011-08-19,1896873.99,0,72.98,3.747,186.5093071,8.625,2011,8,33,3,4,2090340.98,973004.91,955506.95,1727220.4724999997,1197727.1533333333
15,2011-08-19,599488.98,0,70.41,3.942,136.183129,7.806,2011,8,33,3,4,1896873.99,1954849.68,1514055.97,1388380.2974999999,1216041.4925
16,2011-08-19,554630.42,0,68.83,3.499,194.2500634,6.338,2011,8,33,3,4,599488.98,966817.24,387844.05,1285333.5924999998,1076186.3524999998
17,2011-08-19,797523.04,0,67.59,3.578,129.2405806,6.745,2011,8,33,3,4,554630.42,2090340.98,502504.39,962129.1074999999,1117342.9525
18,2011-08-19,932679.79,0,69.24,3.82,136.183129,8.89,2011,8,33,3,4,797523.04,1896873.99,667130.48,721080.5574999999,1070604.265
19,2011-08-19,1391792.69,0,71.14,3.942,136.183129,7.806,2011,8,33,3,4,932679.79,599488.98,380188.69,919156.4849999999,1132823.9716666667
20,2011-08-19,1990017.93,0,71.25,3.747,208.8424359,7.274,2011,8,33,3,4,1391792.69,554630.42,956251.18,1278003.3624999998,1224069.9241666666
11,2011-08-19,1484169.74,0,89.51,3.554,219.023271,7.567,2011,8,33,3,4,1990017.93,797523.04,274721.85,1449665.0374999999,1302682.4491666667
45,2011-08-19,712362.72,0,72.98,3.747,186.5093071,8.625,2011,8,33,3,4,1484169.74,932679.79,1206795.74,1394585.7699999998,1280962.2666666666
45,2011-08-26,833979.01,0,72.55,3.704,186.5641172,8.625,2011,8,34,3,4,712362.72,1391792.69,1443311.49,1255132.3499999999,1187556.3775
44,2011-08-26,324174.79,0,81.53,3.57,129.2832581,6.56,2011,8,34,3,4,833979.01,1990017.93,412224.67,838671.565,1134002.84
1,2011-08-26,1464693.46,0,87.96,3.523,215.7332258,7.962,2011,8,34,3,4,324174.79,1484169.74,471311.5,833802.4949999999,1081865.5466666666
25,2011-08-26,726422.55,0,66.8,3.704,208.902476,7.274,2011,8,34,3,4,1464693.46,712362.72,1218764.94,837317.4524999999,984327.9266666668
26,2011-08-26,1064617.62,0,61.1,3.796,136.2136129,7.767,2011,8,34,3,4,726422.55,833979.01,1758437.96,894977.105,1023088.6466666666
27,2011-08-26,2034400.78,0,72.88,3.906,140.1629528,7.85,2011,8,34,3,4,1064617.62,324174.79,819911.89,1322533.6025,1146402.8433333335
28,2011-08-26,1166479.51,0,94.61,3.74,129.2832581,13.503,2011,8,34,3,4,2034400.78,1464693.46,1380952.05,1247980.115,1177149.2158333333
29,2011-08-26,608294.98,0,72.22,3.796,136.2136129,9.863,2011,8,34,3,4,1166479.51,726422.55,1530761.43,1218448.2225,1150117.1483333334
30,2011-08-26,387944.83,0,92.07,3.523,215.386897,7.852,2011,8,34,3,4,608294.98,1064617.62,373267.58,1049280.025,1066463.16
31,2011-08-26,1417267.07,0,92.07,3.523,215.386897,7.852,2011,8,34,3,4,387944.83,2034400.78,688958.75,894996.5974999999,1018733.9216666665
33,2011-08-26,237095.82,0,99.66,3.663,129.2832581,8.442,2011,8,34,3,4,1417267.07,1166479.51,1021766.75,662650.6749999999,914811.0950000001
24,2011-08-26,1402372.09,0,69.94,3.906,136.2136129,8.358,2011,8,34,3,4,237095.82,608294.98,1781905.24,861169.9524999999,972311.8758333335
34,2011-08-26,871404.6,0,77.27,3.523,129.2832581,10.641,2011,8,34,3,4,1402372.09,387944.83,1200019.74,982034.8949999999,975430.6750000002
36,2011-08-26,344964.2,0,86.02,3.501,214.4878416,8.177,2011,8,34,3,4,871404.6,1417267.07,498056.0,713959.1775,977163.1258333334
37,2011-08-26,527947.21,0,86.02,3.523,214.4878416,8.177,2011,8,34,3,4,344964.2,237095.82,414450.61,786672.0249999999,899100.9383333335
38,2011-08-26,365672.55,0,94.61,3.74,129.2832581,13.503,2011,8,34,3,4,527947.21,1402372.09,1487542.53,527497.1399999999,869038.4383333334
39,2011-08-26,1573898.63,0,86.49,3.523,214.4878416,8.177,2011,8,34,3,4,365672.55,871404.6,1221318.17,703120.6474999998,911478.5225000001
40,2011-08-26,969611.3,0,65.01,3.796,136.2136129,4.584,2011,8,34,3,4,1573898.63,344964.2,1352039.88,859282.4224999999,822746.0658333333
41,2011-08-26,1328740.71,0,71.61,3.485,194.3796374,6.901,2011,8,34,3,4,969611.3,527947.21,242771.37,1059480.7974999999,836267.8325
42,2011-08-26,503720.98,0,91.59,3.663,129.2832581,8.257,2011,8,34,3,4,1328740.71,365672.55,820288.35,1093992.9049999998,827553.3325
43,2011-08-26,561573.08,0,87.43,3.523,207.5580023,10.641,2011,8,34,3,4,503720.98,1573898.63,506897.98,840911.5174999998,842022.3533333334
35,2011-08-26,897037.25,0,72.88,3.704,140.1629528,8.684,2011,8,34,3,4,561573.08,969611.3,362224.7,822768.0049999999,798669.8683333335
23,2011-08-26,1637266.29,0,67.04,3.796,136.2136129,4.584,2011,8,34,3,4,897037.25,1328740.71,1629066.9,899899.3999999999,915350.7408333333
32,2011-08-26,1183740.91,0,75.64,3.485,194.3796374,8.622,2011,8,34,3,4,1637266.29,503720.98,943237.12,1069904.3824999998,897131.4758333334
21,2011-08-26,821127.53,0,92.07,3.523,215.386897,7.852,2011,8,34,3,4,1183740.91,561573.08,1412959.97,1134792.9949999999,892941.7199999999
22,2011-08-26,1181815.31,0,72.22,3.796,140.1629528,8.023,2011,8,34,3,4,821127.53,897037.25,526641.23,1205987.5099999998,962679.3125
3,2011-08-26,366367.55,0,87.67,3.523,219.0866908,7.567,2011,8,34,3,4,1181815.31,1637266.29,663396.32,888262.8249999998,949214.3408333333
4,2011-08-26,1988490.21,0,81.47,3.523,129.2832581,5.644,2011,8,34,3,4,366367.55,1183740.91,960418.54,1089450.15,1084449.1458333333
5,2011-08-26,310338.17,0,89.18,3.523,216.2950176,6.529,2011,8,34,3,4,1988490.21,821127.53,290909.69,961752.8099999998,979152.4408333333
6,2011-08-26,1420405.41,0,90.07,3.523,217.2706543,6.925,2011,8,34,3,4,310338.17,1181815.31,1453416.53,1021400.3349999997,1016718.6166666667
7,2011-08-26,629994.47,0,57.6,3.485,194.3796374,8.622,2011,8,34,3,4,1420405.41,366367.55,855546.5,1087307.065,958489.7633333333
8,2011-08-26,912542.82,0,84.69,3.523,219.1336097,6.425,2011,8,34,3,4,629994.47,1988490.21,1844094.59,818320.2174999998,992558.2499999999
9,2011-08-26,542663.53,0,88.95,3.523,219.3189965,6.404,2011,8,34,3,4,912542.82,310338.17,379716.91,876401.5574999998,990982.4541666666
10,2011-08-26,1728399.07,0,91.59,3.663,129.2832581,8.257,2011,8,34,3,4,542663.53,1420405.41,2232892.1,953399.9724999998,1060262.6058333332
11,2011-08-26,1304706.75,0,89.09,3.523,219.0866908,7.567,2011,8,34,3,4,1728399.07,629994.47,303643.84,1122078.0424999997,1032549.3108333334
2,2011-08-26,1821139.91,0,90.45,3.523,215.386897,7.852,2011,8,34,3,4,1304706.75,912542.82,1493544.04,1349227.3149999997,1085665.8941666668
13,2011-08-26,2035244.54,0,81.53,3.57,129.2832581,6.877,2011,8,34,3,4,1821139.91,542663.53,645156.21,1722372.5674999997,1186842.3116666668
14,2011-08-26,2273470.62,0,72.55,3.704,186.5641172,8.625,2011,8,34,3,4,2035244.54,1728399.07,895066.5,1858640.4549999998,1277813.5875000001
15,2011-08-26,605413.17,0,69.19,3.906,136.2136129,7.806,2011,8,34,3,4,2273470.62,1304706.75,540819.44,1683817.0599999996,1297734.0558333334
16,2011-08-26,557312.01,0,67.51,3.485,194.3796374,6.338,2011,8,34,3,4,605413.17,1821139.91,973004.91,1367860.0849999997,1178469.2058333333
17,2011-08-26,837390.79,0,72.04,3.57,129.2832581,6.745,2011,8,34,3,4,557312.01,2035244.54,1954849.68,1068396.6474999997,1222390.2575
18,2011-08-26,1147906.46,0,70.32,3.796,136.2136129,8.89,2011,8,34,3,4,837390.79,2273470.62,966817.24,787005.6074999998,1199682.0116666667
19,2011-08-26,1547729.24,0,69.34,3.906,136.2136129,7.806,2011,8,34,3,4,1147906.46,605413.17,2090340.98,1022584.6249999998,1276159.9091666667
20,2011-08-26,1933577.2,0,70.15,3.704,208.902476,7.274,2011,8,34,3,4,1547729.24,557312.01,1896873.99,1366650.9224999999,1361246.1075000002
12,2011-08-26,1017593.47,0,94.61,3.74,129.2832581,13.503,2011,8,34,3,4,1933577.2,837390.79,599488.98,1411701.5924999998,1400823.6025
20,2011-09-02,2141765.98,0,70.82,3.703,208.9625161,7.274,2011,9,35,3,4,1017593.47,1147906.46,554630.42,1660166.4724999997,1435270.845
13,2011-09-02,1953628.82,0,77.0,3.58,129.3259355,6.877,2011,9,35,3,4,2141765.98,1547729.24,797523.04,1761641.3674999997,1489347.6841666668
14,2011-09-02,1750891.47,0,70.63,3.703,186.6189274,8.625,2011,9,35,3,4,1953628.82,1933577.2,932679.79,1715969.9349999998,1483493.6475
15,2011-09-02,649159.68,0,67.63,3.879,136.2440968,7.806,2011,9,35,3,4,1750891.47,1017593.47,1391792.69,1623861.4874999996,1367986.5758333334
19,2011-09-02,1609951.02,0,69.27,3.879,136.2440968,7.806,2011,9,35,3,4,649159.68,2141765.98,1990017.93,1490907.7474999998,1312693.2758333331
17,2011-09-02,847380.07,0,69.31,3.58,129.3259355,6.745,2011,9,35,3,4,1609951.02,1953628.82,1484169.74,1214345.5599999998,1332857.1841666666
18,2011-09-02,540922.94,0,68.23,3.784,136.2440968,8.89,2011,9,35,3,4,847380.07,1750891.47,712362.72,911853.4274999998,1331491.4283333335
12,2011-09-02,1052051.45,0,93.66,3.798,129.3259355,13.503,2011,9,35,3,4,540922.94,649159.68,833979.01,1012576.3699999998,1349379.8166666667
16,2011-09-02,580805.33,0,63.44,3.511,194.5092113,6.338,2011,9,35,3,4,1052051.45,1609951.02,324174.79,755289.9474999998,1302121.3891666667
11,2011-09-02,1297792.41,0,91.44,3.533,219.1501106,7.567,2011,9,35,3,4,580805.33,847380.07,1464693.46,867893.0324999997,1281293.32
6,2011-09-02,1481618.74,0,91.22,3.533,217.3343423,6.925,2011,9,35,3,4,1297792.41,540922.94,726422.55,1103066.9824999997,1243630.115
9,2011-09-02,544643.33,0,89.33,3.533,219.382382,6.404,2011,9,35,3,4,1481618.74,1052051.45,1064617.62,976214.9524999997,1204217.6033333333
8,2011-09-02,891387.14,0,84.77,3.533,219.1970226,6.425,2011,9,35,3,4,544643.33,580805.33,2034400.78,1053860.4049999998,1100019.3666666667
7,2011-09-02,592355.24,0,53.4,3.511,194.5092113,8.622,2011,9,35,3,4,891387.14,1297792.41,1166479.51,877501.1124999998,986579.9016666667
5,2011-09-02,315645.53,0,90.38,3.533,216.3588498,6.529,2011,9,35,3,4,592355.24,1481618.74,608294.98,586007.8099999998,866976.0733333332
4,2011-09-02,2078420.31,0,77.99,3.533,129.3259355,5.644,2011,9,35,3,4,315645.53,544643.33,387944.83,969452.0549999997,986081.1258333334
3,2011-09-02,375988.69,0,89.12,3.533,219.1501106,7.567,2011,9,35,3,4,2078420.31,891387.14,1417267.07,840602.4424999999,883250.9316666666
2,2011-09-02,1809119.7,0,89.64,3.533,215.4508632,7.852,2011,9,35,3,4,375988.69,592355.24,237095.82,1144793.5574999996,963395.9008333334
1,2011-09-02,1550229.22,0,87.83,3.533,215.7971409,7.962,2011,9,35,3,4,1809119.7,315645.53,1402372.09,1453439.4799999997,1047504.7575
10,2011-09-02,1758587.35,0,91.61,3.798,129.3259355,8.257,2011,9,35,3,4,1550229.22,2078420.31,871404.6,1373481.2399999998,1106382.7491666668
21,2011-09-02,705557.8,0,91.94,3.533,215.4508632,7.852,2011,9,35,3,4,1758587.35,375988.69,344964.2,1455873.5174999996,1116778.7883333333
44,2011-09-02,309543.52,0,77.0,3.58,129.3259355,6.56,2011,9,35,3,4,705557.8,1809119.7,527947.21,1080979.4724999997,1034424.7141666667
23,2011-09-02,1464295.69,0,65.33,3.784,136.2440968,4.584,2011,9,35,3,4,309543.52,1550229.22,365672.55,1059496.0899999999,1032981.1266666666
22,2011-09-02,912762.76,0,69.16,3.784,140.196985,8.023,2011,9,35,3,4,1464295.69,1758587.35,1573898.63,848039.9424999997,1063657.7458333333
43,2011-09-02,594224.9,0,87.84,3.533,207.6206959,10.641,2011,9,35,3,4,912762.76,705557.8,969611.3,820206.7174999998,1038894.2258333334
42,2011-09-02,537124.76,0,91.61,3.798,129.3259355,8.257,2011,9,35,3,4,594224.9,309543.52,1328740.71,877102.0274999997,1034291.6858333334
41,2011-09-02,1283849.38,0,70.37,3.511,194.5092113,6.901,2011,9,35,3,4,537124.76,1464295.69,503720.98,831990.4499999997,1114975.3399999999
40,2011-09-02,957298.26,0,63.79,3.784,136.2440968,4.584,2011,9,35,3,4,1283849.38,912762.76,561573.08,843124.3249999997,1021548.5025000001
39,2011-09-02,1465089.85,0,88.65,3.533,214.5516896,8.177,2011,9,35,3,4,957298.26,594224.9,897037.25,1060840.5624999998,1112306.9324999999
38,2011-09-02,416953.51,0,93.66,3.798,129.3259355,13.503,2011,9,35,3,4,1465089.85,537124.76,1637266.29,1030797.7499999998,996293.0833333334
37,2011-09-02,530367.83,0,87.5,3.533,214.5516896,8.177,2011,9,35,3,4,416953.51,1283849.38,1183740.91,842427.3624999998,911304.6341666668
36,2011-09-02,350276.29,0,87.5,3.481,214.5516896,8.177,2011,9,35,3,4,530367.83,957298.26,821127.53,690671.8699999999,793945.3791666665
35,2011-09-02,813486.55,0,71.44,3.703,140.196985,8.684,2011,9,35,3,4,350276.29,1465089.85,1181815.31,527771.0449999997,802939.4416666668
45,2011-09-02,726482.39,0,70.63,3.703,186.6189274,8.625,2011,9,35,3,4,813486.55,416953.51,366367.55,605153.2649999998,837684.3475
33,2011-09-02,239198.36,0,99.2,3.798,129.3259355,8.442,2011,9,35,3,4,726482.39,530367.83,1988490.21,532360.8974999997,735592.9033333333
32,2011-09-02,1152117.5,0,74.6,3.511,194.5092113,8.622,2011,9,35,3,4,239198.36,350276.29,310338.17,732821.1999999997,755539.1316666667
31,2011-09-02,1385769.03,0,91.94,3.533,215.4508632,7.852,2011,9,35,3,4,1152117.5,813486.55,1420405.41,875891.8199999998,821501.1425
30,2011-09-02,369722.32,0,91.94,3.533,215.4508632,7.852,2011,9,35,3,4,1385769.03,726482.39,629994.47,786701.8024999998,807550.9391666666
29,2011-09-02,497085.91,0,69.16,3.784,136.2440968,9.863,2011,9,35,3,4,369722.32,239198.36,912542.82,851173.6899999997,741987.3166666668
28,2011-09-02,1468871.49,0,93.66,3.798,129.3259355,13.503,2011,9,35,3,4,497085.91,1152117.5,542663.53,930362.1874999998,784618.4191666668
27,2011-09-02,1511717.53,0,71.44,3.879,140.196985,7.85,2011,9,35,3,4,1468871.49,1385769.03,1728399.07,961849.3124999998,788504.0591666666
26,2011-09-02,1040143.14,0,59.67,3.784,136.2440968,7.767,2011,9,35,3,4,1511717.53,369722.32,1304706.75,1129454.5174999998,840436.5283333333
25,2011-09-02,699779.0,0,67.2,3.703,208.9625161,7.274,2011,9,35,3,4,1040143.14,497085.91,1821139.91,1180127.7899999998,854554.1258333334
24,2011-09-02,1196105.44,0,68.14,3.879,136.2440968,8.358,2011,9,35,3,4,699779.0,1468871.49,2035244.54,1111936.2774999999,925039.8883333333
34,2011-09-02,926455.64,0,78.24,3.533,129.3259355,10.641,2011,9,35,3,4,1196105.44,1511717.53,2273470.62,965620.8049999998,934453.9791666666
36,2011-09-09,352960.64,1,77.94,3.499,214.6155376,8.177,2011,9,36,3,4,926455.64,1040143.14,605413.17,793825.1799999997,903327.1666666666
35,2011-09-09,922440.64,1,70.93,3.738,140.2310173,8.684,2011,9,36,3,4,352960.64,699779.0,557312.01,849490.5899999997,960264.0233333333
34,2011-09-09,930506.14,1,70.05,3.554,129.3686129,10.641,2011,9,36,3,4,922440.64,1196105.44,837390.79,783090.7649999998,941796.41
30,2011-09-09,370897.82,1,78.87,3.546,215.5148295,7.852,2011,9,36,3,4,930506.14,926455.64,1147906.46,644201.3099999997,857223.8091666667
32,2011-09-09,1128237.3,1,61.24,3.566,194.6387853,8.622,2011,9,36,3,4,370897.82,352960.64,1547729.24,838020.4749999997,920433.3908333335
31,2011-09-09,1376670.27,1,78.87,3.546,215.5148295,7.852,2011,9,36,3,4,1128237.3,922440.64,1933577.2,951577.8824999998,993732.0875
37,2011-09-09,506273.74,1,77.94,3.546,214.6155376,8.177,2011,9,36,3,4,1376670.27,930506.14,1017593.47,845519.7824999997,913515.6083333334
33,2011-09-09,281842.28,1,96.22,3.771,129.3686129,8.442,2011,9,36,3,4,506273.74,370897.82,2141765.98,823255.8974999998,811026.0041666668
38,2011-09-09,397771.68,1,88.0,3.913,129.3686129,13.503,2011,9,36,3,4,281842.28,1128237.3,1953628.82,640639.4924999998,757495.0491666667
43,2011-09-09,649128.23,1,79.29,3.546,207.6833894,10.641,2011,9,36,3,4,397771.68,1376670.27,1750891.47,458753.98249999975,753274.1516666667
40,2011-09-09,1021391.99,1,64.83,3.809,136.2745806,4.584,2011,9,36,3,4,649128.23,506273.74,649159.68,587533.5449999997,738714.6975000001
41,2011-09-09,1280958.97,1,58.31,3.566,194.6387853,6.901,2011,9,36,3,4,1021391.99,281842.28,1609951.02,837312.7174999998,768256.6416666666
42,2011-09-09,608390.94,1,89.06,3.771,129.3686129,8.257,2011,9,36,3,4,1280958.97,397771.68,847380.07,889967.5324999997,789542.5
44,2011-09-09,295811.25,1,70.19,3.619,129.3686129,6.56,2011,9,36,3,4,608390.94,649128.23,540922.94,801638.2874999999,737323.3841666668
45,2011-09-09,746129.56,1,71.48,3.738,186.6737376,8.625,2011,9,36,3,4,295811.25,1021391.99,1052051.45,732822.6799999997,721958.6691666666
3,2011-09-09,377347.49,1,81.72,3.546,219.2135305,7.567,2011,9,36,3,4,746129.56,1280958.97,580805.33,506919.80999999976,722496.1416666666
2,2011-09-09,1748000.65,1,77.97,3.546,215.5148295,7.852,2011,9,36,3,4,377347.49,608390.94,1297792.41,791822.2374999998,774143.0875
29,2011-09-09,505406.72,1,69.14,3.809,136.2745806,9.863,2011,9,36,3,4,1748000.65,295811.25,1481618.74,844221.1049999997,701537.7916666666
39,2011-09-09,1429345.86,1,79.15,3.546,214.6155376,8.177,2011,9,36,3,4,505406.72,746129.56,544643.33,1015025.1799999997,778460.4683333334
28,2011-09-09,1310087.0,1,88.0,3.913,129.3686129,13.503,2011,9,36,3,4,1429345.86,377347.49,891387.14,1248210.0574999996,864147.5283333333
17,2011-09-09,1161900.18,1,61.94,3.619,129.3686129,6.745,2011,9,36,3,4,1310087.0,1748000.65,592355.24,1101684.94,927824.9033333333
26,2011-09-09,1069710.97,1,60.98,3.809,136.2745806,7.767,2011,9,36,3,4,1161900.18,505406.72,315645.53,1242761.0024999997,962873.465
6,2011-09-09,1483574.38,1,80.21,3.546,217.3980304,6.925,2011,9,36,3,4,1069710.97,1429345.86,2078420.31,1256318.1324999996,1001388.6641666667
7,2011-09-09,613135.23,1,45.61,3.566,194.6387853,8.622,2011,9,36,3,4,1483574.38,1310087.0,375988.69,1082080.1899999997,945736.6858333334
8,2011-09-09,848358.09,1,69.01,3.546,219.2604355,6.425,2011,9,36,3,4,613135.23,1161900.18,1809119.7,1003694.6674999997,965733.9483333334
9,2011-09-09,528784.86,1,75.65,3.546,219.4457675,6.404,2011,9,36,3,4,848358.09,1069710.97,1550229.22,868463.1399999998,985148.4158333334
10,2011-09-09,1670579.82,1,89.06,3.771,129.3686129,8.257,2011,9,36,3,4,528784.86,1483574.38,1758587.35,915214.4999999998,1062185.9375
11,2011-09-09,1249439.95,1,84.91,3.546,219.2135305,7.567,2011,9,36,3,4,1670579.82,613135.23,705557.8,1074290.6799999997,1134860.3091666666
12,2011-09-09,922850.57,1,88.0,3.913,129.3686129,13.503,2011,9,36,3,4,1249439.95,848358.09,309543.52,1092913.7999999998,1066097.8025
13,2011-09-09,1872921.31,1,70.19,3.619,129.3686129,6.877,2011,9,36,3,4,922850.57,528784.86,1464295.69,1428947.9124999996,1180057.3516666668
14,2011-09-09,2202742.9,1,71.48,3.738,186.6737376,8.625,2011,9,36,3,4,1872921.31,1670579.82,912762.76,1561988.6824999996,1244507.1049999997
27,2011-09-09,1911470.84,1,70.93,3.93,140.2310173,7.85,2011,9,36,3,4,2202742.9,1249439.95,594224.9,1727496.4049999998,1294622.425
15,2011-09-09,607593.51,1,67.59,3.93,136.2745806,7.806,2011,9,36,3,4,1911470.84,922850.57,537124.76,1648682.14,1248430.2025
5,2011-09-09,321110.22,1,79.04,3.546,216.4226819,6.529,2011,9,36,3,4,607593.51,1872921.31,1283849.38,1260729.3674999997,1186046.8066666666
18,2011-09-09,951549.61,1,68.11,3.809,136.2745806,8.89,2011,9,36,3,4,321110.22,2202742.9,957298.26,947931.0449999998,1141711.4091666667
19,2011-09-09,1566712.79,1,68.28,3.93,136.2745806,7.806,2011,9,36,3,4,951549.61,1911470.84,1465089.85,861741.5324999997,1221176.2058333333
20,2011-09-09,2050542.56,1,68.74,3.738,209.0225562,7.274,2011,9,36,3,4,1566712.79,607593.51,416953.51,1222478.795,1321358.2449999999
21,2011-09-09,653989.65,1,78.87,3.546,215.5148295,7.852,2011,9,36,3,4,2050542.56,321110.22,530367.83,1305698.6524999996,1331791.9775
22,2011-09-09,1004434.54,1,69.14,3.809,140.2310173,8.023,2011,9,36,3,4,653989.65,951549.61,350276.29,1318919.8849999998,1276279.8708333333
23,2011-09-09,1423289.9,1,66.04,3.809,136.2745806,4.584,2011,9,36,3,4,1004434.54,1566712.79,813486.55,1283064.1624999999,1290767.3666666667
24,2011-09-09,1527455.19,1,68.32,3.93,136.2745806,8.358,2011,9,36,3,4,1423289.9,2050542.56,726482.39,1152292.3199999998,1341151.085
25,2011-09-09,673248.48,1,67.51,3.738,209.0225562,7.274,2011,9,36,3,4,1527455.19,653989.65,239198.36,1157107.0274999999,1241178.3491666666
16,2011-09-09,574622.56,1,56.99,3.566,194.6387853,6.338,2011,9,36,3,4,673248.48,1004434.54,1152117.5,1049654.0324999997,1105501.6541666666
1,2011-09-09,1540471.24,1,76.0,3.546,215.861056,7.962,2011,9,36,3,4,574622.56,1423289.9,1385769.03,1078949.3675,1074585.0208333333
4,2011-09-09,2093139.01,1,73.34,3.554,129.3686129,5.644,2011,9,36,3,4,1540471.24,1527455.19,369722.32,1220370.3224999998,1198380.4791666667
22,2011-09-16,937420.65,0,68.08,3.809,140.2735,8.023,2011,9,37,3,4,2093139.01,673248.48,497085.91,1286413.3649999998,1249739.6816666669
23,2011-09-16,1253329.17,0,60.52,3.809,136.3145,4.584,2011,9,37,3,4,937420.65,574622.56,1468871.49,1456090.0174999998,1274887.9783333333
24,2011-09-16,1227535.97,0,65.56,3.937,136.3145,8.358,2011,9,37,3,4,1253329.17,1540471.24,1511717.53,1377856.1999999997,1246623.2433333334
25,2011-09-16,628720.46,0,62.05,3.742,209.1893892,7.274,2011,9,37,3,4,1227535.97,2093139.01,1040143.14,1011751.5624999998,1128138.0683333334
26,2011-09-16,951569.84,0,55.19,3.809,136.3145,7.767,2011,9,37,3,4,628720.46,937420.65,699779.0,1015288.8599999999,1152936.4175
27,2011-09-16,1613773.9,0,69.65,3.937,140.2735,7.85,2011,9,37,3,4,951569.84,1253329.17,1196105.44,1105400.0425,1203714.6975
28,2011-09-16,1159212.1,0,76.36,3.918,129.4306,13.503,2011,9,37,3,4,1613773.9,1227535.97,926455.64,1088319.075,1181708.2141666666
29,2011-09-16,474129.35,0,68.08,3.809,136.3145,9.863,2011,9,37,3,4,1159212.1,628720.46,352960.64,1049671.2974999999,1093931.0608333333
30,2011-09-16,382914.66,0,80.62,3.526,215.6944378,7.852,2011,9,37,3,4,474129.35,951569.84,922440.64,907507.5024999998,1069736.5758333334
43,2011-09-16,618877.13,0,77.17,3.526,207.8527143,10.641,2011,9,37,3,4,382914.66,1613773.9,930506.14,658783.3099999998,1073424.4566666665
31,2011-09-16,1363460.86,0,80.62,3.526,215.6944378,7.852,2011,9,37,3,4,618877.13,1159212.1,370897.82,709845.4999999999,1058673.5916666666
32,2011-09-16,1142499.25,0,60.88,3.596,194.7419707,8.622,2011,9,37,3,4,1363460.86,474129.35,1128237.3,876937.9749999999,979453.6116666667
33,2011-09-16,262407.57,0,85.79,3.784,129.4306,8.442,2011,9,37,3,4,1142499.25,382914.66,1376670.27,846811.2024999999,923202.5216666666
34,2011-09-16,927249.61,0,64.94,3.532,129.4306,10.641,2011,9,37,3,4,262407.57,618877.13,506273.74,923904.3225,896029.225
35,2011-09-16,738792.11,0,69.65,3.742,140.2735,8.684,2011,9,37,3,4,927249.61,1363460.86,281842.28,767737.1349999999,855300.57
36,2011-09-16,343108.12,0,82.06,3.473,214.7934111,8.177,2011,9,37,3,4,738792.11,1142499.25,397771.68,567889.3524999998,831499.5416666666
37,2011-09-16,513341.94,0,82.06,3.526,214.7934111,8.177,2011,9,37,3,4,343108.12,262407.57,649128.23,630622.9449999998,794980.5499999999
38,2011-09-16,408188.88,0,76.36,3.918,129.4306,13.503,2011,9,37,3,4,513341.94,927249.61,1021391.99,500857.7624999999,694515.1316666667
39,2011-09-16,1372500.63,0,83.11,3.526,214.7934111,8.177,2011,9,37,3,4,408188.88,738792.11,1280958.97,659284.8924999998,712289.1758333333
40,2011-09-16,890661.79,0,58.28,3.809,136.3145,4.584,2011,9,37,3,4,1372500.63,343108.12,608390.94,796173.3099999998,747000.2125
45,2011-09-16,711367.56,0,69.17,3.742,186.8024,8.625,2011,9,37,3,4,890661.79,513341.94,295811.25,845679.7149999999,774371.2875
42,2011-09-16,576837.09,0,77.49,3.784,129.4306,8.257,2011,9,37,3,4,711367.56,408188.88,746129.56,887841.7674999998,770867.9508333333
21,2011-09-16,653525.84,0,80.62,3.526,215.6944378,7.852,2011,9,37,3,4,576837.09,1372500.63,377347.49,708098.0699999998,711706.6991666666
20,2011-09-16,1979009.46,0,64.02,3.742,209.1893892,7.274,2011,9,37,3,4,653525.84,890661.79,1748000.65,980184.9874999998,781415.8833333333
1,2011-09-16,1514259.78,0,79.94,3.526,216.0410526,7.962,2011,9,37,3,4,1979009.46,711367.56,505406.72,1180908.0425,885736.9008333333
2,2011-09-16,1691439.52,0,78.85,3.526,215.6944378,7.852,2011,9,37,3,4,1514259.78,576837.09,1429345.86,1459558.65,949419.3933333332
3,2011-09-16,375629.51,0,83.63,3.526,219.3972867,7.567,2011,9,37,3,4,1691439.52,653525.84,1310087.0,1390084.5675,919155.8433333334
4,2011-09-16,2075577.33,0,72.76,3.532,129.4306,5.644,2011,9,37,3,4,375629.51,1979009.46,1161900.18,1414226.535,1063528.2775
5,2011-09-16,278529.71,0,83.55,3.526,216.6033083,6.529,2011,9,37,3,4,2075577.33,1514259.78,1069710.97,1105294.0174999998,1043960.5916666667
6,2011-09-16,1351407.79,0,84.94,3.526,217.5797506,6.925,2011,9,37,3,4,278529.71,1691439.52,1483574.38,1020286.085,1122562.1675000002
7,2011-09-16,558981.45,0,43.67,3.596,194.7419707,8.622,2011,9,37,3,4,1351407.79,375629.51,613135.23,1066124.0699999998,1054768.9025
8,2011-09-16,870971.82,0,69.09,3.526,219.4442443,6.425,2011,9,37,3,4,558981.45,2075577.33,848358.09,764972.6924999999,1053128.0716666665
44,2011-09-16,303974.28,0,67.54,3.641,129.4306,6.56,2011,9,37,3,4,870971.82,278529.71,528784.86,771333.8349999998,1019178.6316666667
9,2011-09-16,500274.03,0,77.95,3.526,219.6297841,6.404,2011,9,37,3,4,303974.28,1351407.79,1670579.82,558550.3949999999,1012798.3766666668
11,2011-09-16,1270816.01,0,85.11,3.526,219.3972867,7.567,2011,9,37,3,4,500274.03,558981.45,1249439.95,736509.0349999999,1064239.2241666669
12,2011-09-16,889290.23,0,76.36,3.918,129.4306,13.503,2011,9,37,3,4,1270816.01,870971.82,922850.57,741088.6375,973429.2883333334
13,2011-09-16,1923223.82,0,67.54,3.641,129.4306,6.877,2011,9,37,3,4,889290.23,303974.28,1872921.31,1145901.0225,1007509.625
14,2011-09-16,1864637.89,0,69.17,3.742,186.8024,8.625,2011,9,37,3,4,1923223.82,500274.03,2202742.9,1486991.9874999998,1021942.8225000001
15,2011-09-16,545052.34,0,62.1,3.937,136.3145,7.806,2011,9,37,3,4,1864637.89,1270816.01,1911470.84,1305551.0699999998,1036061.3916666666
16,2011-09-16,539081.09,0,53.68,3.596,194.7419707,6.338,2011,9,37,3,4,545052.34,889290.23,607593.51,1217998.7849999997,908020.0383333332
17,2011-09-16,1051116.95,0,61.48,3.641,129.4306,6.745,2011,9,37,3,4,539081.09,1923223.82,321110.22,999972.0674999997,972402.3083333332
18,2011-09-16,845715.37,0,66.23,3.809,136.3145,8.89,2011,9,37,3,4,1051116.95,1864637.89,951549.61,745241.4374999998,930261.2733333333
19,2011-09-16,1365633.53,0,62.76,3.937,136.3145,7.806,2011,9,37,3,4,845715.37,545052.34,1566712.79,950386.7349999999,997482.2799999999
10,2011-09-16,1650894.3,0,77.49,3.784,129.4306,8.257,2011,9,37,3,4,1365633.53,539081.09,2050542.56,1228340.0374999999,1062475.82
41,2011-09-16,1197019.39,0,54.82,3.596,194.7419707,6.901,2011,9,37,3,4,1650894.3,1051116.95,653989.65,1264815.6475,1136896.2458333333
42,2011-09-23,528486.45,0,82.51,3.789,129.5183333,8.257,2011,9,38,3,4,1197019.39,845715.37,1004434.54,1185508.4174999997,1139247.2808333333
45,2011-09-23,714106.42,0,63.75,3.711,187.0295321,8.625,2011,9,38,3,4,528486.45,1365633.53,1423289.9,1022626.6399999999,1092854.815
43,2011-09-23,586108.13,0,78.98,3.467,208.1642143,10.641,2011,9,38,3,4,714106.42,1650894.3,1527455.19,756430.0974999999,1067589.64
1,2011-09-23,1380020.27,0,75.8,3.467,216.3758246,7.962,2011,9,38,3,4,586108.13,1197019.39,673248.48,802180.3174999999,1022322.6775000001
25,2011-09-23,620885.93,0,60.28,3.711,209.4986126,7.274,2011,9,38,3,4,1380020.27,528486.45,574622.56,825280.1874999999,918676.6808333333
26,2011-09-23,923644.6,0,50.72,3.758,136.367,7.767,2011,9,38,3,4,620885.93,714106.42,1540471.24,877664.7324999999,950226.0358333333
27,2011-09-23,1606208.68,0,63.61,3.899,140.32725,7.85,2011,9,38,3,4,923644.6,586108.13,2093139.01,1132689.8699999999,1039153.335
28,2011-09-23,1109105.92,0,82.95,3.789,129.5183333,13.503,2011,9,38,3,4,1606208.68,1380020.27,937420.65,1064961.2824999997,1043985.7491666666
29,2011-09-23,475696.37,0,62.36,3.758,136.367,9.863,2011,9,38,3,4,1109105.92,620885.93,1253329.17,1028663.8924999998,1013150.8325
30,2011-09-23,391837.56,0,75.68,3.467,216.0282356,7.852,2011,9,38,3,4,475696.37,923644.6,1227535.97,895712.1325,932001.1683333333
31,2011-09-23,1347607.74,0,75.68,3.467,216.0282356,7.852,2011,9,38,3,4,391837.56,1606208.68,628720.46,831061.8974999998,906727.2883333332
32,2011-09-23,1116140.29,0,58.66,3.581,194.8099713,8.622,2011,9,38,3,4,1347607.74,1109105.92,951569.84,832820.4899999999,899987.3633333334
24,2011-09-23,1232376.49,0,60.61,3.899,136.367,8.358,2011,9,38,3,4,1116140.29,475696.37,1613773.9,1021990.5199999998,958644.8666666667
33,2011-09-23,234793.12,0,88.93,3.789,129.5183333,8.442,2011,9,38,3,4,1232376.49,391837.56,1159212.1,982729.4099999998,918702.0916666667
35,2011-09-23,705802.45,0,63.61,3.711,140.32725,8.684,2011,9,38,3,4,234793.12,1347607.74,474129.35,822278.0874999999,928676.6183333332
36,2011-09-23,322405.13,0,78.35,3.441,215.1233185,8.177,2011,9,38,3,4,705802.45,1116140.29,382914.66,623844.2974999999,840542.0233333333
37,2011-09-23,516556.94,0,78.35,3.467,215.1233185,8.177,2011,9,38,3,4,322405.13,1232376.49,618877.13,444889.40999999986,831847.9408333333
38,2011-09-23,394665.28,0,82.95,3.789,129.5183333,13.503,2011,9,38,3,4,516556.94,234793.12,1363460.86,484857.4499999999,787766.3308333334
39,2011-09-23,1338657.95,0,78.75,3.467,215.1233185,8.177,2011,9,38,3,4,394665.28,705802.45,1142499.25,643071.325,765470.4366666666
40,2011-09-23,876583.98,0,54.09,3.758,136.367,4.584,2011,9,38,3,4,1338657.95,322405.13,262407.57,781616.0374999999,746093.6083333334
41,2011-09-23,1173059.79,0,55.06,3.581,194.8099713,6.901,2011,9,38,3,4,876583.98,516556.94,927249.61,945741.7499999998,804207.2266666666
44,2011-09-23,307409.13,0,63.6,3.648,129.5183333,6.56,2011,9,38,3,4,1173059.79,394665.28,738792.11,923927.7124999999,797171.5241666668
34,2011-09-23,902852.73,0,66.23,3.473,129.5183333,10.641,2011,9,38,3,4,307409.13,1338657.95,343108.12,814976.4074999999,760108.6066666668
23,2011-09-23,1289082.81,0,57.14,3.758,136.367,4.584,2011,9,38,3,4,902852.73,876583.98,513341.94,918101.1149999999,774520.4833333333
12,2011-09-23,871692.74,0,82.95,3.789,129.5183333,13.503,2011,9,38,3,4,1289082.81,1173059.79,408188.88,842759.3525,744463.5041666668
21,2011-09-23,681913.29,0,75.68,3.467,216.0282356,7.852,2011,9,38,3,4,871692.74,307409.13,1372500.63,936385.3924999998,781723.5183333332
22,2011-09-23,899834.75,0,62.36,3.758,140.32725,8.023,2011,9,38,3,4,681913.29,902852.73,890661.79,935630.8975,797892.8766666666
2,2011-09-23,1669299.78,0,75.58,3.467,216.0282356,7.852,2011,9,38,3,4,899834.75,1289082.81,711367.56,1030685.1399999999,910134.0975000001
4,2011-09-23,2031406.41,0,69.23,3.473,129.5183333,5.644,2011,9,38,3,4,1669299.78,871692.74,576837.09,1320613.5574999999,1036371.5533333332
5,2011-09-23,291024.98,0,78.01,3.467,216.9396605,6.529,2011,9,38,3,4,2031406.41,681913.29,653525.84,1222891.4799999997,1027734.8616666667
6,2011-09-23,1336044.75,0,78.49,3.467,217.9188471,6.925,2011,9,38,3,4,291024.98,899834.75,1979009.46,1331943.9799999997,1027517.0950000001
7,2011-09-23,536144.81,0,43.67,3.581,194.8099713,8.622,2011,9,38,3,4,1336044.75,1669299.78,1514259.78,1048655.2374999998,999147.1641666667
8,2011-09-23,806444.29,0,68.72,3.467,219.788581,6.425,2011,9,38,3,4,536144.81,2031406.41,1691439.52,742414.7074999998,968595.8724999999
9,2011-09-23,506743.78,0,74.42,3.467,219.9746423,6.404,2011,9,38,3,4,806444.29,291024.98,375629.51,796344.4075,985207.0933333334
10,2011-09-23,1685910.53,0,82.51,3.789,129.5183333,8.257,2011,9,38,3,4,506743.78,1336044.75,2075577.33,883810.8524999999,1050461.91
3,2011-09-23,365248.94,0,80.19,3.467,219.7414914,7.567,2011,9,38,3,4,1685910.53,536144.81,278529.71,841086.8849999999,973475.7541666665
13,2011-09-23,1847430.96,0,63.6,3.648,129.5183333,6.877,2011,9,38,3,4,365248.94,806444.29,1351407.79,1101333.5524999998,1054787.2725
14,2011-09-23,1871555.64,0,63.75,3.711,187.0295321,8.625,2011,9,38,3,4,1847430.96,506743.78,558981.45,1442536.5174999998,1153924.135
15,2011-09-23,545570.86,0,59.0,3.899,136.367,7.806,2011,9,38,3,4,1871555.64,1685910.53,870971.82,1157451.5999999999,1124402.1441666668
16,2011-09-23,504856.97,0,50.39,3.581,194.8099713,6.338,2011,9,38,3,4,545570.86,365248.94,303974.28,1192353.6074999997,1027365.2433333332
17,2011-09-23,895535.31,0,56.96,3.648,129.5183333,6.745,2011,9,38,3,4,504856.97,1847430.96,500274.03,954379.6949999998,932709.3183333334
18,2011-09-23,853073.17,0,60.44,3.758,136.367,8.89,2011,9,38,3,4,895535.31,1871555.64,1270816.01,699759.0774999999,979546.6675
11,2011-09-23,1235775.15,0,82.14,3.467,219.7414914,7.567,2011,9,38,3,4,853073.17,545570.86,889290.23,872310.1499999999,971190.8675
20,2011-09-23,1888119.7,0,62.15,3.711,209.4986126,7.274,2011,9,38,3,4,1235775.15,504856.97,1923223.82,1218125.8324999998,1083855.4416666667
19,2011-09-23,1300375.76,0,61.32,3.899,136.367,7.806,2011,9,38,3,4,1888119.7,895535.31,1864637.89,1319335.9449999998,1125016.3975
33,2011-09-30,229731.98,0,89.1,3.877,129.6060667,8.442,2011,9,39,3,4,1300375.76,853073.17,545052.34,1163500.6475,1101932.0808333333
32,2011-09-30,1088943.98,0,65.04,3.538,194.8779718,8.622,2011,9,39,3,4,229731.98,1235775.15,539081.09,1126792.855,1052184.8683333334
29,2011-09-30,446516.26,0,69.78,3.684,136.4195,9.863,2011,9,39,3,4,1088943.98,1888119.7,1051116.95,766391.9949999999,1058957.145
30,2011-09-30,387001.13,0,78.91,3.355,216.3620333,7.852,2011,9,39,3,4,446516.26,1300375.76,845715.37,538048.3374999999,937254.6591666667
34,2011-09-30,871847.85,0,69.44,3.371,129.6060667,10.641,2011,9,39,3,4,387001.13,229731.98,1365633.53,698577.3049999999,853945.6766666666
28,2011-09-30,1120731.76,0,83.26,3.877,129.6060667,13.503,2011,9,39,3,4,871847.85,1088943.98,1650894.3,706524.2499999999,901875.7516666666
27,2011-09-30,1599626.26,0,70.92,3.858,140.381,7.85,2011,9,39,3,4,1120731.76,446516.26,1197019.39,994801.7499999998,993106.5258333334
31,2011-09-30,1285534.74,0,78.91,3.355,216.3620333,7.852,2011,9,39,3,4,1599626.26,387001.13,528486.45,1219435.1524999999,1025606.4783333334
35,2011-09-30,749676.95,0,70.92,3.645,140.381,8.684,2011,9,39,3,4,1285534.74,871847.85,714106.42,1188892.4275,1016990.1266666666
39,2011-09-30,1311775.83,0,81.51,3.355,215.4532259,8.177,2011,9,39,3,4,749676.95,1120731.76,586108.13,1236653.4449999998,1023323.5166666666
37,2011-09-30,516402.1,0,81.52,3.355,215.4532259,8.177,2011,9,39,3,4,1311775.83,1599626.26,1380020.27,965847.4049999999,909013.7166666668
38,2011-09-30,366819.84,0,83.26,3.877,129.6060667,13.503,2011,9,39,3,4,516402.1,1285534.74,620885.93,736168.6799999999,831217.39
40,2011-09-30,912857.1,0,63.45,3.684,136.4195,4.584,2011,9,39,3,4,366819.84,749676.95,923644.6,776963.7174999998,888144.4833333334
41,2011-09-30,1160619.61,0,61.77,3.538,194.8779718,6.901,2011,9,39,3,4,912857.1,1311775.83,1606208.68,739174.6624999999,894117.4525
42,2011-09-30,510243.79,0,82.27,3.877,129.6060667,8.257,2011,9,39,3,4,1160619.61,516402.1,1109105.92,737635.0849999998,899428.0800000001
26,2011-09-30,959339.51,0,59.42,3.684,136.4195,7.767,2011,9,39,3,4,510243.79,366819.84,475696.37,885765.0025,947122.945
43,2011-09-30,555183.72,0,78.97,3.355,208.4757143,10.641,2011,9,39,3,4,959339.51,912857.1,391837.56,796346.6575,920734.2675000001
44,2011-09-30,299757.75,0,68.28,3.623,129.6060667,6.56,2011,9,39,3,4,555183.72,1160619.61,1347607.74,581131.1924999999,852319.7666666666
45,2011-09-30,698986.34,0,70.66,3.645,187.2566641,8.625,2011,9,39,3,4,299757.75,510243.79,1116140.29,628316.8299999998,777266.4400000001
36,2011-09-30,314910.37,0,81.52,3.328,215.4532259,8.177,2011,9,39,3,4,698986.34,959339.51,1232376.49,467209.54499999987,696381.0758333333
25,2011-09-30,639160.24,0,60.7,3.645,209.807836,7.274,2011,9,39,3,4,314910.37,555183.72,234793.12,488203.6749999999,687171.35
15,2011-09-30,521297.31,0,64.87,3.858,136.4195,7.806,2011,9,39,3,4,639160.24,299757.75,705802.45,543588.5649999998,621298.14
23,2011-09-30,1275597.85,0,64.76,3.684,136.4195,4.584,2011,9,39,3,4,521297.31,698986.34,322405.13,687741.4424999999,684564.4525
1,2011-09-30,1394561.83,0,79.69,3.355,216.7105965,7.962,2011,9,39,3,4,1275597.85,314910.37,516556.94,957654.3074999999,770209.6183333333
2,2011-09-30,1650394.44,0,78.14,3.355,216.3620333,7.852,2011,9,39,3,4,1394561.83,639160.24,394665.28,1210462.8575,831671.0633333334
3,2011-09-30,368477.93,0,82.58,3.355,220.085696,7.567,2011,9,39,3,4,1650394.44,521297.31,1338657.95,1172258.0125,765659.2566666667
5,2011-09-30,292315.38,0,81.16,3.355,217.2760127,6.529,2011,9,39,3,4,368477.93,1275597.85,876583.98,926437.3949999998,747498.5558333333
6,2011-09-30,1307551.92,0,82.51,3.355,218.2579435,6.925,2011,9,39,3,4,292315.38,1394561.83,1173059.79,904684.9174999997,776516.2566666667
7,2011-09-30,488880.26,0,47.34,3.538,194.8779718,8.622,2011,9,39,3,4,1307551.92,1650394.44,307409.13,614306.3724999998,770990.9683333333
8,2011-09-30,809049.37,0,72.2,3.355,220.1329176,6.425,2011,9,39,3,4,488880.26,368477.93,902852.73,724449.2324999999,813431.9366666666
9,2011-09-30,508567.04,0,78.45,3.355,220.3195004,6.404,2011,9,39,3,4,809049.37,292315.38,1289082.81,778512.1475,797563.6616666666
10,2011-09-30,1627707.31,0,82.27,3.877,129.6060667,8.257,2011,9,39,3,4,508567.04,1307551.92,871692.74,858550.9949999999,906963.4066666667
24,2011-09-30,1246242.61,0,68.0,3.858,136.4195,8.358,2011,9,39,3,4,1627707.31,488880.26,681913.29,1047891.5825,957553.6041666666
11,2011-09-30,1190515.83,0,84.4,3.355,220.085696,7.567,2011,9,39,3,4,1246242.61,809049.37,899834.75,1143258.1975,1013321.8141666666
13,2011-09-30,1835662.69,0,68.28,3.623,129.6060667,6.877,2011,9,39,3,4,1190515.83,508567.04,1669299.78,1475032.1099999999,1059993.8841666665
14,2011-09-30,1809989.29,0,70.66,3.645,187.2566641,8.625,2011,9,39,3,4,1835662.69,1627707.31,2031406.41,1520602.6049999997,1094612.8391666666
16,2011-09-30,450075.31,0,57.61,3.538,194.8779718,6.338,2011,9,39,3,4,1809989.29,1246242.61,291024.98,1321560.78,994586.245
17,2011-09-30,868191.05,0,61.4,3.623,129.6060667,6.745,2011,9,39,3,4,450075.31,1190515.83,1336044.75,1240979.585,1036229.005
18,2011-09-30,847348.08,0,69.01,3.684,136.4195,8.89,2011,9,39,3,4,868191.05,1835662.69,536144.81,993900.9324999999,1082481.73
19,2011-09-30,1330757.22,0,64.99,3.858,136.4195,7.806,2011,9,39,3,4,847348.08,1809989.29,806444.29,874092.9149999998,1084415.5050000001
20,2011-09-30,1945808.26,0,63.44,3.645,209.807836,7.274,2011,9,39,3,4,1330757.22,450075.31,506743.78,1248026.1524999999,1205826.1716666666
21,2011-09-30,651970.48,0,78.91,3.355,216.3620333,7.852,2011,9,39,3,4,1945808.26,868191.05,1685910.53,1193971.0099999998,1192736.264166667
22,2011-09-30,953314.16,0,69.78,3.684,140.381,8.023,2011,9,39,3,4,651970.48,847348.08,365248.94,1220462.5299999998,1229798.5241666667
12,2011-09-30,866401.45,0,83.26,3.877,129.6060667,13.503,2011,9,39,3,4,953314.16,1330757.22,1847430.96,1104373.5875,1166356.3691666666
4,2011-09-30,1929486.63,0,72.15,3.371,129.6060667,5.644,2011,9,39,3,4,866401.45,1945808.26,1871555.64,1100293.18,1223293.3708333333
44,2011-10-07,312577.36,0,60.62,3.592,129.6938,6.078,2011,10,40,4,4,1929486.63,651970.48,545570.86,1015444.8999999998,1150131.8316666668
24,2011-10-07,1405914.39,0,53.87,3.775,136.472,8.454,2011,10,40,4,4,312577.36,953314.16,504856.97,1128594.9575,1114319.4733333334
28,2011-10-07,1557314.58,0,70.44,3.827,129.6938,12.89,2011,10,40,4,4,1405914.39,866401.45,895535.31,1301323.2399999998,1093263.2474999998
29,2011-10-07,514993.0,0,56.44,3.633,136.472,9.357,2011,10,40,4,4,1557314.58,1929486.63,853073.17,947699.8324999999,1098673.055
30,2011-10-07,417528.26,0,71.64,3.285,216.6958311,7.441,2011,10,40,4,4,514993.0,312577.36,1235775.15,973937.5574999999,1061117.8225
31,2011-10-07,1427383.24,0,71.64,3.285,216.6958311,7.441,2011,10,40,4,4,417528.26,1405914.39,1888119.7,979304.7699999999,1109454.0858333334
32,2011-10-07,1149448.02,0,62.62,3.498,194.9459724,8.513,2011,10,40,4,4,1427383.24,1557314.58,1300375.76,877338.1299999999,1094344.9858333333
33,2011-10-07,262159.13,0,81.16,3.827,129.6938,8.01,2011,10,40,4,4,1149448.02,514993.0,229731.98,814129.6624999999,954040.8916666666
34,2011-10-07,954069.45,0,60.42,3.299,129.6938,10.148,2011,10,40,4,4,262159.13,417528.26,1088943.98,948264.96,979215.8058333333
35,2011-10-07,791637.53,0,56.91,3.583,140.43475,8.745,2011,10,40,4,4,954069.45,1427383.24,446516.26,789328.5324999999,965742.7533333333
27,2011-10-07,1672339.27,0,56.91,3.775,140.43475,7.906,2011,10,40,4,4,791637.53,1149448.02,387001.13,920051.3449999999,1032904.2383333333
36,2011-10-07,346137.87,0,71.2,3.262,215.7831333,7.716,2011,10,40,4,4,1672339.27,262159.13,871847.85,941046.0299999999,900958.5083333334
38,2011-10-07,449516.29,0,70.44,3.827,129.6938,12.89,2011,10,40,4,4,346137.87,954069.45,1120731.76,814907.7399999999,912370.0858333333
39,2011-10-07,1443884.39,0,71.68,3.285,215.7831333,7.716,2011,10,40,4,4,449516.29,791637.53,1599626.26,977969.4549999998,915534.2525000001
40,2011-10-07,1070389.98,0,50.21,3.633,136.472,4.42,2011,10,40,4,4,1443884.39,1672339.27,1285534.74,827482.1324999998,874957.2025
41,2011-10-07,1277882.77,0,58.74,3.498,194.9459724,6.759,2011,10,40,4,4,1070389.98,346137.87,749676.95,1060418.3575,938531.35
42,2011-10-07,649111.23,0,75.01,3.827,129.6938,7.874,2011,10,40,4,4,1277882.77,449516.29,1311775.83,1110317.0924999998,957829.9308333332
43,2011-10-07,642828.62,0,74.17,3.285,208.7872143,10.148,2011,10,40,4,4,649111.23,1443884.39,516402.1,910053.1499999999,892450.3791666668
45,2011-10-07,753447.05,0,55.82,3.583,187.4837962,8.523,2011,10,40,4,4,642828.62,1070389.98,366819.84,830817.4174999999,859450.2983333333
3,2011-10-07,403342.4,0,75.54,3.285,220.4299007,7.197,2011,10,40,4,4,753447.05,1277882.77,912857.1,612182.325,871215.5708333333
37,2011-10-07,522816.85,0,71.2,3.285,215.7831333,7.716,2011,10,40,4,4,403342.4,649111.23,1160619.61,580608.7299999999,835277.8541666666
2,2011-10-07,1837553.43,0,69.92,3.285,216.6958311,7.441,2011,10,40,4,4,522816.85,642828.62,510243.79,879289.9324999999,922437.5125000001
26,2011-10-07,1130022.99,0,46.84,3.633,136.472,7.598,2011,10,40,4,4,1837553.43,753447.05,959339.51,973433.9175,877244.4891666668
1,2011-10-07,1630989.95,0,69.31,3.285,217.0453684,7.866,2011,10,40,4,4,1130022.99,403342.4,555183.72,1280345.8049999997,984315.4958333332
6,2011-10-07,1481739.2,0,74.1,3.285,218.59704,6.551,2011,10,40,4,4,1630989.95,522816.85,299757.75,1520076.3924999998,1070334.0716666665
7,2011-10-07,525866.36,0,40.65,3.498,194.9459724,8.513,2011,10,40,4,4,1481739.2,1837553.43,698986.34,1192154.6249999998,993832.5691666667
8,2011-10-07,929976.55,0,67.61,3.285,220.4772543,6.123,2011,10,40,4,4,525866.36,1130022.99,314910.37,1142143.015,982131.4500000001
9,2011-10-07,553836.98,0,72.62,3.285,220.6643585,6.054,2011,10,40,4,4,929976.55,1630989.95,639160.24,872854.7724999998,921794.3008333333
10,2011-10-07,1788227.6,0,75.01,3.827,129.6938,7.874,2011,10,40,4,4,553836.98,1481739.2,521297.31,949476.8724999998,1016720.6649999999
11,2011-10-07,1346271.06,0,76.97,3.285,220.4299007,7.197,2011,10,40,4,4,1788227.6,525866.36,1275597.85,1154578.0474999999,1075340.8683333334
12,2011-10-07,951244.66,0,70.44,3.827,129.6938,12.89,2011,10,40,4,4,1346271.06,929976.55,1394561.83,1159895.075,1091824.0025
13,2011-10-07,2067232.56,0,60.62,3.592,129.6938,6.392,2011,10,40,4,4,951244.66,553836.98,1650394.44,1538243.9699999997,1230481.5158333334
25,2011-10-07,671522.87,0,50.82,3.583,210.1170595,7.082,2011,10,40,4,4,2067232.56,1788227.6,368477.93,1259067.7874999999,1242873.6841666666
14,2011-10-07,2078796.76,0,55.82,3.583,187.4837962,8.523,2011,10,40,4,4,671522.87,1346271.06,292315.38,1442199.2125,1262977.295
16,2011-10-07,482926.93,0,48.91,3.498,194.9459724,6.232,2011,10,40,4,4,2078796.76,951244.66,1307551.92,1325119.7799999998,1209052.6233333333
17,2011-10-07,918006.9,0,54.4,3.592,129.6938,6.617,2011,10,40,4,4,482926.93,2067232.56,488880.26,1037813.3649999998,1149637.3691666666
18,2011-10-07,1019741.1,0,54.65,3.633,136.472,8.471,2011,10,40,4,4,918006.9,671522.87,809049.37,1124867.9224999996,1111137.5275
19,2011-10-07,1461718.87,0,53.1,3.775,136.472,7.866,2011,10,40,4,4,1019741.1,2078796.76,508567.04,970598.4499999998,1189125.2366666666
20,2011-10-07,2135982.79,0,52.42,3.583,210.1170595,7.082,2011,10,40,4,4,1461718.87,482926.93,1627707.31,1383862.4149999998,1289625.7566666668
21,2011-10-07,663452.46,0,71.64,3.285,216.6958311,7.441,2011,10,40,4,4,2135982.79,918006.9,1246242.61,1320223.805,1298760.3800000001
22,2011-10-07,993436.67,0,56.44,3.633,140.43475,7.706,2011,10,40,4,4,663452.46,1019741.1,1190515.83,1313647.6974999998,1232527.8025
23,2011-10-07,1463501.99,0,49.0,3.633,136.472,4.42,2011,10,40,4,4,993436.67,1461718.87,1835662.69,1314093.4774999998,1242297.0466666666
15,2011-10-07,579068.88,0,51.24,3.775,136.472,7.866,2011,10,40,4,4,1463501.99,2135982.79,1809989.29,924864.9999999998,1211282.3983333334
5,2011-10-07,309111.47,0,71.64,3.285,217.6123648,6.3,2011,10,40,4,4,579068.88,663452.46,450075.31,836279.7524999998,1064772.3074999999
4,2011-10-07,2166737.65,0,65.79,3.299,129.6938,5.143,2011,10,40,4,4,309111.47,993436.67,868191.05,1129604.9974999998,1189373.5391666668
41,2011-10-14,1247130.22,0,47.43,3.491,195.0261012,6.759,2011,10,41,4,4,2166737.65,1463501.99,847348.08,1075512.0549999997,1120067.9941666669
18,2011-10-14,953533.95,0,60.26,3.583,136.5150968,8.471,2011,10,41,4,4,1247130.22,579068.88,1330757.22,1169128.3224999998,1159285.2458333333
17,2011-10-14,884042.63,0,47.69,3.567,129.7706452,6.617,2011,10,41,4,4,953533.95,309111.47,1945808.26,1312861.1124999998,1156454.8900000001
16,2011-10-14,498241.06,0,39.97,3.491,195.0261012,6.232,2011,10,41,4,4,884042.63,2166737.65,651970.48,895736.9649999997,1112996.5533333335
15,2011-10-14,537300.94,0,61.3,3.744,136.5150968,7.866,2011,10,41,4,4,498241.06,1247130.22,953314.16,718279.6449999997,1035961.7258333334
14,2011-10-14,1890870.75,0,63.82,3.541,187.6917481,8.523,2011,10,41,4,4,537300.94,953533.95,866401.45,952613.8449999997,1015535.7225000001
13,2011-10-14,1929659.07,0,51.74,3.567,129.7706452,6.392,2011,10,41,4,4,1890870.75,884042.63,1929486.63,1214017.9549999998,1121052.94
12,2011-10-14,927600.01,0,67.31,3.805,129.7706452,12.89,2011,10,41,4,4,1929659.07,498241.06,312577.36,1321357.6924999997,1115566.5516666668
11,2011-10-14,1286388.96,0,75.56,3.274,220.7486167,7.197,2011,10,41,4,4,927600.01,537300.94,1405914.39,1508629.6974999998,1100807.1325
19,2011-10-14,1318905.53,0,61.86,3.744,136.5150968,7.866,2011,10,41,4,4,1286388.96,1890870.75,1557314.58,1365638.3924999998,1162460.1866666665
10,2011-10-14,1704753.02,0,70.27,3.698,129.7706452,7.874,2011,10,41,4,4,1318905.53,1929659.07,514993.0,1309411.8799999997,1278763.6491666667
8,2011-10-14,863188.26,0,61.74,3.274,220.7960935,6.123,2011,10,41,4,4,1704753.02,927600.01,417528.26,1293308.9425,1170134.5333333334
7,2011-10-14,501959.19,0,32.65,3.491,195.0261012,8.513,2011,10,41,4,4,863188.26,1286388.96,1427383.24,1097201.4999999998,1108036.9475
6,2011-10-14,1386520.99,0,71.24,3.274,218.9109844,6.551,2011,10,41,4,4,501959.19,1318905.53,1149448.02,1114105.3649999998,1144119.2008333334
5,2011-10-14,286117.72,0,72.36,3.274,217.9237458,6.3,2011,10,41,4,4,1386520.99,1704753.02,262159.13,759446.5399999998,1094292.125
4,2011-10-14,2074548.85,0,63.75,3.283,129.7706452,5.143,2011,10,41,4,4,286117.72,863188.26,954069.45,1062286.6874999998,1225651.1075000002
3,2011-10-14,368282.57,0,73.75,3.274,220.7486167,7.197,2011,10,41,4,4,2074548.85,501959.19,791637.53,1028867.5324999997,1211566.2433333334
2,2011-10-14,1743882.19,0,71.67,3.274,217.0048261,7.441,2011,10,41,4,4,368282.57,1386520.99,1672339.27,1118207.8324999998,1199317.1966666668
1,2011-10-14,1493525.93,0,71.74,3.274,217.3552733,7.866,2011,10,41,4,4,1743882.19,286117.72,346137.87,1420059.8849999998,1162972.7683333333
9,2011-10-14,529515.66,0,67.27,3.274,220.9836849,6.054,2011,10,41,4,4,1493525.93,2074548.85,449516.29,1033801.5874999998,1129799.0725
42,2011-10-14,613531.11,0,70.27,3.698,129.7706452,7.874,2011,10,41,4,4,529515.66,368282.57,1443884.39,1095113.7224999997,1073727.585
20,2011-10-14,2010107.68,0,62.54,3.541,210.4027602,7.082,2011,10,41,4,4,613531.11,1743882.19,1070389.98,1161670.0949999997,1131327.7641666667
22,2011-10-14,944337.32,0,62.63,3.583,140.4784194,7.706,2011,10,41,4,4,2010107.68,1493525.93,1277882.77,1024372.9424999998,1067959.7891666666
40,2011-10-14,936751.68,0,53.9,3.583,136.5150968,4.42,2011,10,41,4,4,944337.32,529515.66,649111.23,1126181.9474999998,1074090.0741666665
39,2011-10-14,1384721.84,0,73.79,3.274,216.0885258,7.716,2011,10,41,4,4,936751.68,613531.11,642828.62,1318979.63,1147653.6283333332
38,2011-10-14,400430.78,0,67.31,3.805,129.7706452,12.89,2011,10,41,4,4,1384721.84,2010107.68,753447.05,916560.4049999998,1065479.4441666666
37,2011-10-14,513636.01,0,74.16,3.274,216.0885258,7.716,2011,10,41,4,4,400430.78,944337.32,403342.4,808885.0774999998,1084439.3016666665
36,2011-10-14,342076.99,0,74.16,3.234,216.0885258,7.716,2011,10,41,4,4,513636.01,936751.68,522816.85,660216.4049999998,940066.6466666666
35,2011-10-14,772859.25,0,64.78,3.541,140.4784194,8.745,2011,10,41,4,4,342076.99,1384721.84,1837553.43,507250.7574999998,973781.37
34,2011-10-14,911788.79,0,54.72,3.283,129.7706452,10.148,2011,10,41,4,4,772859.25,400430.78,1130022.99,635090.2599999998,904440.2533333333
33,2011-10-14,272487.33,0,76.49,3.698,129.7706452,8.01,2011,10,41,4,4,911788.79,513636.01,1630989.95,574803.0899999997,802687.0366666666
45,2011-10-14,720946.99,0,63.82,3.541,187.6917481,8.523,2011,10,41,4,4,272487.33,342076.99,1481739.2,669520.5899999999,818639.6475
32,2011-10-14,1175420.26,0,50.15,3.491,195.0261012,8.513,2011,10,41,4,4,720946.99,772859.25,525866.36,770160.8424999998,865463.7433333333
30,2011-10-14,410711.99,0,69.79,3.274,217.0048261,7.441,2011,10,41,4,4,1175420.26,911788.79,929976.55,644891.6424999998,732180.7691666667
29,2011-10-14,475776.45,0,62.63,3.583,136.5150968,9.357,2011,10,41,4,4,410711.99,272487.33,553836.98,695713.9224999998,693134.03
28,2011-10-14,1220984.94,0,67.31,3.805,129.7706452,12.89,2011,10,41,4,4,475776.45,720946.99,1788227.6,820723.4099999997,716820.1349999999
27,2011-10-14,1682652.51,0,64.78,3.744,140.4784194,7.906,2011,10,41,4,4,1220984.94,1175420.26,1346271.06,947531.4724999998,741647.6908333333
26,2011-10-14,987886.08,0,53.91,3.583,136.5150968,7.598,2011,10,41,4,4,1682652.51,410711.99,951244.66,1091824.9949999996,790602.2991666667
25,2011-10-14,646915.47,0,58.95,3.541,210.4027602,7.082,2011,10,41,4,4,987886.08,475776.45,2067232.56,1134609.7499999998,801708.9208333333
24,2011-10-14,1333315.03,0,60.21,3.744,136.5150968,8.454,2011,10,41,4,4,646915.47,1220984.94,671522.87,1162692.2725,884312.0908333333
23,2011-10-14,1257778.34,0,56.79,3.583,136.5150968,4.42,2011,10,41,4,4,1333315.03,1682652.51,2078796.76,1056473.7299999997,924722.0150000001
31,2011-10-14,1378340.18,0,69.79,3.274,217.0048261,7.441,2011,10,41,4,4,1257778.34,987886.08,482926.93,1154087.255,963601.2975
43,2011-10-14,590984.56,0,68.09,3.274,209.0752166,10.148,2011,10,41,4,4,1378340.18,646915.47,918006.9,1140104.5274999999,990142.7333333334
21,2011-10-14,671379.44,0,69.79,3.274,217.0048261,7.441,2011,10,41,4,4,590984.56,1333315.03,1019741.1,974620.6299999998,986012.1041666666
44,2011-10-14,293031.78,0,51.74,3.567,129.7706452,6.078,2011,10,41,4,4,671379.44,1257778.34,1461718.87,733433.9899999998,912479.7308333333
27,2011-10-21,1689591.44,0,59.62,3.757,140.4616048,7.906,2011,10,42,4,4,293031.78,1378340.18,2135982.79,811246.8049999997,1019053.0183333332
28,2011-10-21,1203172.05,0,73.05,3.842,129.7821613,12.89,2011,10,42,4,4,1689591.44,590984.56,663452.46,964293.6774999998,1079669.3183333334
29,2011-10-21,505068.22,0,59.3,3.618,136.5017742,9.357,2011,10,42,4,4,1203172.05,671379.44,993436.67,922715.8724999998,1020009.5916666668
30,2011-10-21,428958.53,0,65.16,3.353,217.1650042,7.441,2011,10,42,4,4,505068.22,293031.78,1463501.99,956697.5599999997,915535.0933333333
31,2011-10-21,1409310.4,0,65.16,3.353,217.1650042,7.441,2011,10,42,4,4,428958.53,1689591.44,579068.88,886627.2999999997,950653.7866666667
32,2011-10-21,1151258.74,0,48.87,3.548,195.1789994,8.513,2011,10,42,4,4,1409310.4,1203172.05,309111.47,873648.9724999997,992682.3925000001
33,2011-10-21,233543.08,0,81.74,3.842,129.7821613,8.01,2011,10,42,4,4,1151258.74,505068.22,2166737.65,805767.6874999998,901034.73
34,2011-10-21,953693.23,0,58.93,3.361,129.7821613,10.148,2011,10,42,4,4,233543.08,428958.53,1247130.22,936951.3624999997,875694.3041666666
35,2011-10-21,811328.4,0,59.62,3.57,140.4616048,8.745,2011,10,42,4,4,953693.23,1409310.4,953533.95,787455.8624999998,828443.3224999999
36,2011-10-21,328633.34,0,67.89,3.308,216.2468287,7.716,2011,10,42,4,4,811328.4,1151258.74,884042.63,581799.5124999997,806580.7208333332
37,2011-10-21,522784.33,0,67.89,3.353,216.2468287,7.716,2011,10,42,4,4,328633.34,233543.08,498241.06,654109.8249999997,794197.7949999999
38,2011-10-21,402709.17,0,73.05,3.842,129.7821613,12.89,2011,10,42,4,4,522784.33,953693.23,537300.94,516363.80999999976,803337.5775
39,2011-10-21,1465283.29,0,67.65,3.353,216.2468287,7.716,2011,10,42,4,4,402709.17,811328.4,1890870.75,679852.5324999997,784645.2316666666
40,2011-10-21,942319.65,0,51.61,3.618,136.5017742,4.42,2011,10,42,4,4,1465283.29,328633.34,1929659.07,833274.1099999999,762907.5316666667
41,2011-10-21,1214944.29,0,45.62,3.548,195.1789994,6.759,2011,10,42,4,4,942319.65,522784.33,927600.01,1006314.0999999999,822063.8708333332
42,2011-10-21,537276.41,0,77.91,3.842,129.7821613,7.874,2011,10,42,4,4,1214944.29,402709.17,1286388.96,1039955.9099999999,831090.3608333333
43,2011-10-21,594625.96,0,70.3,3.353,209.2222327,10.148,2011,10,42,4,4,537276.41,1465283.29,1318905.53,822291.5774999999,763199.9908333332
44,2011-10-21,305969.81,0,54.66,3.579,129.7821613,6.078,2011,10,42,4,4,594625.96,942319.65,1704753.02,663204.1174999998,692759.2466666667
45,2011-10-21,771686.4,0,59.6,3.57,187.7846197,8.523,2011,10,42,4,4,305969.81,1214944.29,863188.26,552389.6449999998,737604.5233333334
26,2011-10-21,974907.28,0,45.23,3.618,136.5017742,7.598,2011,10,42,4,4,771686.4,537276.41,501959.19,661797.3624999998,739372.3608333333
25,2011-10-21,690675.5,0,50.22,3.57,210.5473252,7.082,2011,10,42,4,4,974907.28,594625.96,1386520.99,685809.7474999998,729317.9525
24,2011-10-21,1283563.43,0,56.6,3.757,136.5017742,8.454,2011,10,42,4,4,690675.5,305969.81,286117.72,930208.1524999997,808895.46
23,2011-10-21,1441032.59,0,52.12,3.618,136.5017742,4.42,2011,10,42,4,4,1283563.43,771686.4,2074548.85,1097544.6999999997,885416.1483333334
3,2011-10-21,394976.36,0,69.03,3.353,220.9144005,7.197,2011,10,42,4,4,1441032.59,974907.28,368282.57,952561.9699999997,884771.7475
4,2011-10-21,2207742.13,0,64.79,3.361,129.7821613,5.143,2011,10,42,4,4,394976.36,690675.5,1743882.19,1331828.6274999997,946643.3174999999
5,2011-10-21,306069.18,0,66.9,3.353,218.0852999,6.3,2011,10,42,4,4,2207742.13,1283563.43,1493525.93,1087455.0649999997,893622.445
6,2011-10-21,1417922.37,0,68.53,3.353,219.0740167,6.551,2011,10,42,4,4,306069.18,1441032.59,529515.66,1081677.5099999998,910537.285
7,2011-10-21,558691.43,0,37.49,3.548,195.1789994,8.513,2011,10,42,4,4,1417922.37,394976.36,613531.11,1122606.2774999999,912321.87
8,2011-10-21,905984.49,0,59.97,3.353,220.9619484,6.123,2011,10,42,4,4,558691.43,2207742.13,2010107.68,797166.8674999998,938268.4141666667
9,2011-10-21,557075.21,0,65.46,3.353,221.1498206,6.054,2011,10,42,4,4,905984.49,306069.18,944337.32,859918.3749999998,959193.8641666668
10,2011-10-21,1745928.56,0,77.91,3.842,129.7821613,7.874,2011,10,42,4,4,557075.21,1417922.37,936751.68,941919.9224999999,1040380.7108333334
11,2011-10-21,1325107.53,0,70.91,3.353,220.9144005,7.197,2011,10,42,4,4,1745928.56,558691.43,1384721.84,1133523.9474999998,1069564.0650000002
2,2011-10-21,1834680.25,0,64.53,3.353,217.1650042,7.441,2011,10,42,4,4,1325107.53,905984.49,400430.78,1365697.8874999997,1164897.7941666667
12,2011-10-21,938604.58,0,73.05,3.842,129.7821613,12.89,2011,10,42,4,4,1834680.25,557075.21,513636.01,1461080.2299999997,1136151.2233333334
14,2011-10-21,2009004.59,0,59.6,3.57,187.7846197,8.523,2011,10,42,4,4,938604.58,1745928.56,342076.99,1526849.2374999998,1183482.2233333334
15,2011-10-21,603318.89,0,51.67,3.757,136.5017742,7.866,2011,10,42,4,4,2009004.59,1325107.53,772859.25,1346402.0774999997,1200844.1008333333
16,2011-10-21,560104.16,0,46.99,3.548,195.1789994,6.232,2011,10,42,4,4,603318.89,1834680.25,911788.79,1027758.0549999997,1063540.9366666668
17,2011-10-21,877380.22,0,47.27,3.579,129.7821613,6.617,2011,10,42,4,4,560104.16,938604.58,272487.33,1012451.9649999999,1111150.19
18,2011-10-21,1048212.62,0,55.83,3.618,136.5017742,8.471,2011,10,42,4,4,877380.22,2009004.59,720946.99,772253.9724999998,1080341.0441666667
19,2011-10-21,1374863.1,0,52.05,3.757,136.5017742,7.866,2011,10,42,4,4,1048212.62,603318.89,1175420.26,965140.0249999998,1148355.35
20,2011-10-21,2104241.9,0,53.69,3.57,210.5473252,7.082,2011,10,42,4,4,1374863.1,560104.16,410711.99,1351174.46,1248210.1341666668
21,2011-10-21,729036.06,0,65.16,3.353,217.1650042,7.441,2011,10,42,4,4,2104241.9,877380.22,475776.45,1314088.4199999997,1262540.205
22,2011-10-21,981567.22,0,59.3,3.618,140.4616048,7.706,2011,10,42,4,4,729036.06,1048212.62,1220984.94,1297427.0699999998,1198843.4266666668
13,2011-10-21,1973544.27,0,54.66,3.579,129.7821613,6.392,2011,10,42,4,4,981567.22,1374863.1,1682652.51,1447097.3624999998,1252879.8216666665
1,2011-10-21,1502562.78,0,63.71,3.353,217.5159762,7.866,2011,10,42,4,4,1973544.27,2104241.9,987886.08,1296677.5824999998,1225203.3658333335
45,2011-10-28,781694.57,0,51.78,3.569,187.8774913,8.523,2011,10,43,4,4,1502562.78,729036.06,646915.47,1309842.21,1212127.5316666667
2,2011-10-28,1769296.25,0,65.87,3.372,217.3251824,7.441,2011,10,43,4,4,781694.57,981567.22,1333315.03,1506774.4674999998,1192151.8366666667
21,2011-10-28,738812.0,0,65.46,3.372,217.3251824,7.441,2011,10,43,4,4,1769296.25,1973544.27,1257778.34,1198091.4,1203442.9291666665
20,2011-10-28,2065421.52,0,49.36,3.569,210.6918901,7.082,2011,10,43,4,4,738812.0,1502562.78,1378340.18,1338806.0849999997,1328886.0425
19,2011-10-28,1396612.36,0,46.49,3.757,136.4884516,7.866,2011,10,43,4,4,2065421.52,781694.57,590984.56,1492535.5324999997,1372155.3875
18,2011-10-28,1106642.63,0,45.61,3.604,136.4884516,8.471,2011,10,43,4,4,1396612.36,1769296.25,671379.44,1326872.1274999997,1377024.555
17,2011-10-28,936508.43,0,41.89,3.567,129.7936774,6.617,2011,10,43,4,4,1106642.63,738812.0,293031.78,1376296.2349999999,1340494.9991666668
16,2011-10-28,505918.21,0,41.97,3.55,195.3318977,6.232,2011,10,43,4,4,936508.43,2065421.52,1689591.44,986420.4074999997,1207301.3583333332
15,2011-10-28,589842.69,0,45.54,3.757,136.4884516,7.866,2011,10,43,4,4,505918.21,1396612.36,1203172.05,784727.9899999998,1195701.9108333334
14,2011-10-28,2056846.12,0,51.78,3.569,187.8774913,8.523,2011,10,43,4,4,589842.69,1106642.63,505068.22,1022278.8624999998,1285308.4858333333
22,2011-10-28,1099351.68,0,49.31,3.604,140.4447903,7.706,2011,10,43,4,4,2056846.12,936508.43,428958.53,1062989.6749999998,1212459.1033333333
13,2011-10-28,1948733.81,0,47.41,3.567,129.7936774,6.392,2011,10,43,4,4,1099351.68,505918.21,1409310.4,1423693.5749999997,1249640.0225
11,2011-10-28,1310684.1,0,72.66,3.372,221.0801842,7.197,2011,10,43,4,4,1948733.81,589842.69,1151258.74,1603903.9275,1293722.4833333332
10,2011-10-28,1771792.97,0,72.79,3.843,129.7936774,7.874,2011,10,43,4,4,1310684.1,2056846.12,233543.08,1532640.64,1293930.5433333335
9,2011-10-28,548527.49,0,63.96,3.372,221.3159563,6.054,2011,10,43,4,4,1771792.97,1099351.68,953693.23,1394934.5924999998,1278073.5008333332
8,2011-10-28,876712.31,0,56.86,3.372,221.1278032,6.123,2011,10,43,4,4,548527.49,1948733.81,811328.4,1126929.2174999998,1179014.4000000001
7,2011-10-28,527339.52,0,28.82,3.55,195.3318977,8.513,2011,10,43,4,4,876712.31,1310684.1,328633.34,931093.0724999998,1106574.9966666668
6,2011-10-28,1419445.12,0,69.51,3.372,219.237049,6.551,2011,10,43,4,4,527339.52,1771792.97,522784.33,843006.1099999999,1132641.8708333333
5,2011-10-28,307035.11,0,69.27,3.372,218.2468539,6.3,2011,10,43,4,4,1419445.12,548527.49,402709.17,782633.0149999998,1080185.7608333335
4,2011-10-28,2151659.59,0,55.31,3.362,129.7936774,5.143,2011,10,43,4,4,307035.11,876712.31,1465283.29,1101369.8349999997,1217330.8758333335
12,2011-10-28,990926.38,0,67.41,3.727,129.7936774,12.89,2011,10,43,4,4,2151659.59,527339.52,942319.65,1217266.5499999998,1250754.5166666666
23,2011-10-28,1407191.96,0,42.57,3.604,136.4884516,4.42,2011,10,43,4,4,990926.38,1419445.12,1214944.29,1214203.2599999998,1196616.67
24,2011-10-28,1307142.75,0,48.0,3.757,136.4884516,8.454,2011,10,43,4,4,1407191.96,307035.11,537276.41,1464230.1699999997,1213932.5925
25,2011-10-28,724443.97,0,46.28,3.569,210.6918901,7.082,2011,10,43,4,4,1307142.75,2151659.59,594625.96,1107426.2649999997,1111908.4391666667
44,2011-10-28,306336.07,0,47.41,3.567,129.7936774,6.078,2011,10,43,4,4,724443.97,990926.38,305969.81,936278.6874999998,1028212.77
43,2011-10-28,572516.57,0,66.82,3.372,209.3692488,10.148,2011,10,43,4,4,306336.07,1407191.96,771686.4,727609.8399999997,928273.07
42,2011-10-28,515599.7,0,72.79,3.843,129.7936774,7.874,2011,10,43,4,4,572516.57,1307142.75,974907.28,529724.0774999998,925529.0874999999
41,2011-10-28,1274463.02,0,37.02,3.55,195.3318977,6.759,2011,10,43,4,4,515599.7,724443.97,690675.5,667228.8399999997,958674.9799999999
40,2011-10-28,941675.95,0,42.09,3.604,136.4884516,4.42,2011,10,43,4,4,1274463.02,306336.07,1283563.43,826063.8099999998,993203.0158333333
39,2011-10-28,1472663.1,0,71.05,3.372,216.4051315,7.716,2011,10,43,4,4,941675.95,572516.57,1441032.59,1051100.4424999997,997637.8475
38,2011-10-28,378539.17,0,67.41,3.727,129.7936774,12.89,2011,10,43,4,4,1472663.1,515599.7,394976.36,1016835.3099999998,1003596.5191666665
37,2011-10-28,517355.44,0,71.31,3.372,216.4051315,7.716,2011,10,43,4,4,378539.17,1274463.02,2207742.13,827558.4149999998,867404.5066666667
36,2011-10-28,306193.81,0,71.31,3.306,216.4051315,7.716,2011,10,43,4,4,517355.44,941675.95,306069.18,668687.8799999998,810343.4591666666
35,2011-10-28,808821.5,0,51.81,3.569,140.4447903,8.745,2011,10,43,4,4,306193.81,1472663.1,1417922.37,502727.47999999975,760479.2541666668
34,2011-10-28,958063.87,0,54.56,3.362,129.7936774,10.148,2011,10,43,4,4,808821.5,378539.17,558691.43,647608.6549999998,731389.3475
33,2011-10-28,231319.96,0,76.73,3.843,129.7936774,8.01,2011,10,43,4,4,958063.87,517355.44,905984.49,576099.7849999998,690295.68
32,2011-10-28,1185391.96,0,42.76,3.55,195.3318977,8.513,2011,10,43,4,4,231319.96,306193.81,557075.21,795899.3224999998,763550.3375
31,2011-10-28,1346862.72,0,65.46,3.372,217.3251824,7.441,2011,10,43,4,4,1185391.96,808821.5,1745928.56,930409.6274999997,828079.1833333332
30,2011-10-28,426151.88,0,65.46,3.372,217.3251824,7.441,2011,10,43,4,4,1346862.72,958063.87,1325107.53,797431.6299999998,820625.1983333334
29,2011-10-28,515119.64,0,49.31,3.604,136.4884516,9.357,2011,10,43,4,4,426151.88,231319.96,1834680.25,868381.5499999998,757346.5833333334
28,2011-10-28,1242746.06,0,67.41,3.727,129.7936774,12.89,2011,10,43,4,4,515119.64,1185391.96,938604.58,882720.0749999997,782435.7591666667
27,2011-10-28,1710372.4,0,51.81,3.757,140.4447903,7.906,2011,10,43,4,4,1242746.06,1346862.72,2009004.59,973597.4949999999,802244.8675
26,2011-10-28,972256.98,0,35.06,3.604,136.4884516,7.598,2011,10,43,4,4,1710372.4,426151.88,603318.89,1110123.7699999998,851721.3516666667
3,2011-10-28,389540.62,0,71.04,3.372,221.0801842,7.197,2011,10,43,4,4,972256.98,515119.64,560104.16,1078729.015,841070.1166666667
1,2011-10-28,1445249.09,0,66.57,3.372,217.6766791,7.866,2011,10,43,4,4,389540.62,1242746.06,877380.22,1129354.7724999997,935991.39
3,2011-11-04,459443.22,0,59.31,3.332,221.245968,7.197,2011,11,44,4,4,1445249.09,1710372.4,1048212.62,816622.4774999998,906876.5333333333
1,2011-11-04,1697229.58,0,54.98,3.332,217.837382,7.866,2011,11,44,4,4,459443.22,972256.98,1374863.1,997865.6274999997,968473.6758333334
28,2011-11-04,1576654.67,0,59.77,3.828,129.8051935,12.89,2011,11,44,4,4,1697229.58,389540.62,2104241.9,1294644.14,1080584.9016666666
29,2011-11-04,620735.72,0,42.81,3.586,136.475129,9.357,2011,11,44,4,4,1576654.67,1445249.09,729036.06,1088515.7974999999,1033530.2149999999
30,2011-11-04,432359.04,0,56.01,3.332,217.4853605,7.441,2011,11,44,4,4,620735.72,459443.22,981567.22,1081744.7524999997,957321.5750000001
31,2011-11-04,1426405.46,0,56.01,3.332,217.4853605,7.441,2011,11,44,4,4,432359.04,1697229.58,1973544.27,1014038.7224999998,1040676.04
32,2011-11-04,1204628.28,0,37.95,3.527,195.4847959,8.513,2011,11,44,4,4,1426405.46,1576654.67,1502562.78,921032.1249999998,1098135.0933333335
33,2011-11-04,236157.12,0,71.91,3.828,129.8051935,8.01,2011,11,44,4,4,1204628.28,620735.72,781694.57,824887.4749999997,1014252.6816666666
34,2011-11-04,992621.93,0,48.04,3.322,129.8051935,10.148,2011,11,44,4,4,236157.12,432359.04,1769296.25,964953.1974999998,954440.1425000001
35,2011-11-04,653468.75,0,44.46,3.551,140.4279758,8.745,2011,11,44,4,4,992621.93,1426405.46,738812.0,771719.0199999998,927874.4566666667
27,2011-11-04,1621109.3,0,44.46,3.738,140.4279758,7.906,2011,11,44,4,4,653468.75,1204628.28,2065421.52,875839.2749999998,1030505.18
36,2011-11-04,313387.11,0,58.97,3.287,216.5634344,7.716,2011,11,44,4,4,1621109.3,236157.12,1396612.36,895146.7724999997,936183.3483333333
38,2011-11-04,436970.1,0,59.77,3.828,129.8051935,12.89,2011,11,44,4,4,313387.11,992621.93,1106642.63,756233.8149999998,934310.5883333334
39,2011-11-04,1553629.59,0,58.04,3.332,216.5634344,7.716,2011,11,44,4,4,436970.1,653468.75,936508.43,981274.0249999997,922343.9225
40,2011-11-04,1011321.18,0,35.4,3.586,136.475129,4.42,2011,11,44,4,4,1553629.59,1621109.3,505918.21,828826.9949999998,875232.7983333333
41,2011-11-04,1315684.86,0,35.04,3.527,195.4847959,6.759,2011,11,44,4,4,1011321.18,313387.11,589842.69,1079401.4324999999,933145.2266666666
42,2011-11-04,597667.21,0,68.57,3.828,129.8051935,7.874,2011,11,44,4,4,1315684.86,436970.1,2056846.12,1119575.71,946920.9075000001
43,2011-11-04,641905.37,0,59.08,3.332,209.516265,10.148,2011,11,44,4,4,597667.21,1553629.59,1099351.68,891644.6549999999,881545.8999999999
44,2011-11-04,307126.34,0,43.51,3.538,129.8051935,6.078,2011,11,44,4,4,641905.37,1011321.18,1948733.81,715595.9449999998,806754.0716666667
45,2011-11-04,833429.22,0,43.92,3.551,187.9703629,8.523,2011,11,44,4,4,307126.34,1315684.86,1310684.1,595032.0349999997,856526.7466666667
37,2011-11-04,555925.6,0,58.97,3.332,216.5634344,7.716,2011,11,44,4,4,833429.22,597667.21,1771792.97,584596.6324999997,820135.3858333334
25,2011-11-04,718393.61,0,40.88,3.551,210.8364551,7.082,2011,11,44,4,4,555925.6,641905.37,548527.49,603718.6924999997,825545.7908333332
24,2011-11-04,1385860.38,0,39.87,3.738,136.475129,8.454,2011,11,44,4,4,718393.61,307126.34,876712.31,873402.2024999997,805941.7141666667
23,2011-11-04,1428436.33,0,39.18,3.586,136.475129,4.42,2011,11,44,4,4,1385860.38,833429.22,527339.52,1022153.9799999997,898862.4825
4,2011-11-04,2281217.31,0,49.86,3.322,129.8051935,5.143,2011,11,44,4,4,1428436.33,555925.6,1419445.12,1453476.9074999997,1052549.75
5,2011-11-04,353652.23,0,56.71,3.332,218.408408,6.3,2011,11,44,4,4,2281217.31,718393.61,307035.11,1362291.5624999998,952551.6366666666
6,2011-11-04,1523420.38,0,58.54,3.332,219.4000812,6.551,2011,11,44,4,4,353652.23,1385860.38,2151659.59,1396681.5624999998,995226.57
7,2011-11-04,564536.01,0,23.41,3.527,195.4847959,8.513,2011,11,44,4,4,1523420.38,1428436.33,990926.38,1180706.4824999997,932630.8325
8,2011-11-04,947815.05,0,49.68,3.332,221.2936581,6.123,2011,11,44,4,4,564536.01,2281217.31,1407191.96,847355.9174999999,961809.8191666665
9,2011-11-04,597855.07,0,54.46,3.332,221.4820921,6.054,2011,11,44,4,4,947815.05,353652.23,1307142.75,908406.6274999998,958138.9608333333
10,2011-11-04,1904438.59,0,68.57,3.828,129.8051935,7.874,2011,11,44,4,4,597855.07,1523420.38,724443.97,1003661.1799999999,1091248.3150000002
11,2011-11-04,1458287.38,0,61.13,3.332,221.245968,7.197,2011,11,44,4,4,1904438.59,564536.01,306336.07,1227099.0225,1143319.8283333334
12,2011-11-04,1051944.79,0,59.77,3.828,129.8051935,12.89,2011,11,44,4,4,1458287.38,947815.05,572516.57,1253131.4575,1184654.7608333332
13,2011-11-04,2036317.54,0,43.51,3.538,129.8051935,6.392,2011,11,44,4,4,1051944.79,597855.07,515599.7,1612747.0749999997,1294481.7550000001
14,2011-11-04,2174056.71,0,43.92,3.551,187.9703629,8.523,2011,11,44,4,4,2036317.54,1904438.59,1274463.02,1680151.605,1360164.7825
15,2011-11-04,615121.78,0,43.39,3.738,136.475129,7.866,2011,11,44,4,4,2174056.71,1458287.38,941675.95,1469360.2049999998,1292388.57
16,2011-11-04,511059.95,0,33.43,3.527,195.4847959,6.232,2011,11,44,4,4,615121.78,1051944.79,1472663.1,1334138.9949999999,1144875.4566666668
17,2011-11-04,927657.63,0,37.52,3.538,129.8051935,6.617,2011,11,44,4,4,511059.95,2036317.54,378539.17,1056974.0174999998,1192709.24
18,2011-11-04,1100625.06,0,38.29,3.586,136.475129,8.471,2011,11,44,4,4,927657.63,2174056.71,517355.44,788616.105,1157476.2966666666
19,2011-11-04,1480289.64,0,44.97,3.738,136.475129,7.866,2011,11,44,4,4,1100625.06,615121.78,306193.81,1004908.0699999998,1233789.0991666666
20,2011-11-04,2284106.6,0,43.88,3.551,210.8364551,7.082,2011,11,44,4,4,1480289.64,511059.95,808821.5,1448169.7325,1345146.7283333335
21,2011-11-04,767358.37,0,56.01,3.332,217.4853605,7.441,2011,11,44,4,4,2284106.6,927657.63,958063.87,1408094.9175,1359272.0033333334
22,2011-11-04,1106575.59,0,42.81,3.586,140.4279758,7.706,2011,11,44,4,4,767358.37,1100625.06,231319.96,1409582.5499999998,1292783.42
2,2011-11-04,1959707.9,0,55.53,3.332,217.4853605,7.441,2011,11,44,4,4,1106575.59,1480289.64,1185391.96,1529437.1149999998,1334568.4633333334
26,2011-11-04,988950.75,0,31.7,3.586,136.475129,7.598,2011,11,44,4,4,1959707.9,2284106.6,1346862.72,1205648.1524999999,1329318.96
44,2011-11-11,312233.56,0,33.8,3.513,129.8167097,6.078,2011,11,45,4,4,988950.75,767358.37,426151.88,1091866.9499999997,1185645.295
27,2011-11-11,1800728.07,0,49.69,3.719,140.4111613,7.906,2011,11,45,4,4,312233.56,1106575.59,515119.64,1265405.0699999998,1154534.575
34,2011-11-11,991570.02,0,41.04,3.286,129.8167097,10.148,2011,11,45,4,4,1800728.07,1959707.9,1242746.06,1023370.5999999999,1185905.2616666667
35,2011-11-11,880576.33,0,49.69,3.53,140.4111613,8.745,2011,11,45,4,4,991570.02,988950.75,1710372.4,996276.9949999999,1216698.2933333335
36,2011-11-11,328498.92,0,63.5,3.254,216.7217373,7.716,2011,11,45,4,4,880576.33,312233.56,972256.98,1000343.3349999998,1166768.4008333334
37,2011-11-11,501268.78,0,63.5,3.297,216.7217373,7.716,2011,11,45,4,4,328498.92,1800728.07,389540.62,675478.5125,1116822.0441666667
38,2011-11-11,411116.95,0,48.76,3.824,129.8167097,12.89,2011,11,45,4,4,501268.78,991570.02,1445249.09,530365.2449999999,1027724.32
39,2011-11-11,1456957.38,0,63.11,3.297,216.7217373,7.716,2011,11,45,4,4,411116.95,880576.33,459443.22,674460.5074999998,958795.2183333333
40,2011-11-11,1037687.07,0,40.75,3.57,136.4618065,4.42,2011,11,45,4,4,1456957.38,328498.92,1697229.58,851757.5449999998,981322.61
33,2011-11-11,271961.04,0,58.75,3.677,129.8167097,8.01,2011,11,45,4,4,1037687.07,501268.78,1576654.67,794430.6099999999,911771.3975
41,2011-11-11,1302499.23,0,32.87,3.505,195.6376941,6.759,2011,11,45,4,4,271961.04,411116.95,620735.72,1017276.1799999998,857004.0083333333
43,2011-11-11,615975.5,0,51.26,3.297,209.6632811,10.148,2011,11,45,4,4,1302499.23,1456957.38,432359.04,807030.7099999998,825922.7374999999
9,2011-11-11,594574.12,0,58.28,3.297,221.6482278,6.054,2011,11,45,4,4,615975.5,1037687.07,1426405.46,696252.4724999999,849451.1175
45,2011-11-11,808624.82,0,47.65,3.53,188.0632345,8.523,2011,11,45,4,4,594574.12,271961.04,1204628.28,830418.4174999999,766775.8466666667
8,2011-11-11,917088.48,0,50.56,3.297,221.4595129,6.123,2011,11,45,4,4,808624.82,1302499.23,236157.12,734065.7299999999,760569.0516666666
7,2011-11-11,556015.59,0,19.53,3.505,195.6376941,8.513,2011,11,45,4,4,917088.48,615975.5,992621.93,719075.7524999998,733522.3233333332
6,2011-11-11,1536176.54,0,61.33,3.297,219.5631135,6.551,2011,11,45,4,4,556015.59,594574.12,653468.75,954476.3574999998,834162.125
5,2011-11-11,311906.7,0,60.71,3.297,218.5699621,6.3,2011,11,45,4,4,1536176.54,808624.82,1621109.3,830296.8274999999,818381.9516666667
42,2011-11-11,643125.29,0,55.28,3.677,129.8167097,7.874,2011,11,45,4,4,311906.7,917088.48,313387.11,761806.0299999998,837715.98
32,2011-11-11,1182733.0,0,38.1,3.505,195.6376941,8.513,2011,11,45,4,4,643125.29,556015.59,436970.1,918485.3824999998,814863.9483333334
31,2011-11-11,1444783.64,0,59.8,3.297,217.6455387,7.441,2011,11,45,4,4,1182733.0,1536176.54,1553629.59,895637.1574999999,848788.6625
30,2011-11-11,409686.63,0,59.8,3.297,217.6455387,7.441,2011,11,45,4,4,1444783.64,311906.7,1011321.18,920082.1399999998,860265.7949999999
13,2011-11-11,2111592.09,0,33.8,3.513,129.8167097,6.392,2011,11,45,4,4,409686.63,643125.29,1315684.86,1287198.8399999999,927690.2000000001
14,2011-11-11,2081534.65,0,47.65,3.53,188.0632345,8.523,2011,11,45,4,4,2111592.09,1182733.0,597667.21,1511899.2525,1049820.1291666667
15,2011-11-11,618949.82,0,47.13,3.719,136.4618065,7.866,2011,11,45,4,4,2081534.65,1444783.64,641905.37,1305440.7974999996,1051851.4375
16,2011-11-11,513181.31,0,29.56,3.505,195.6376941,6.232,2011,11,45,4,4,618949.82,409686.63,307126.34,1331314.4674999998,1027231.1449999999
17,2011-11-11,914759.2,0,27.61,3.513,129.8167097,6.617,2011,11,45,4,4,513181.31,2111592.09,833429.22,1032106.2449999999,1027037.0383333334
18,2011-11-11,1079931.63,0,45.69,3.57,136.4618065,8.471,2011,11,45,4,4,914759.2,2081534.65,555925.6,781705.4899999998,1070696.7083333333
19,2011-11-11,1502078.93,0,48.22,3.719,136.4618065,7.866,2011,11,45,4,4,1079931.63,618949.82,718393.61,1002487.7674999998,1067855.2408333332
20,2011-11-11,2269975.85,0,47.27,3.53,210.9810201,7.082,2011,11,45,4,4,1502078.93,513181.31,1385860.38,1441686.4024999999,1231027.67
21,2011-11-11,757369.87,0,59.8,3.297,217.6455387,7.441,2011,11,45,4,4,2269975.85,914759.2,1428436.33,1402339.0699999998,1240548.0516666665
22,2011-11-11,1051740.29,0,47.8,3.57,140.4111613,7.706,2011,11,45,4,4,757369.87,1079931.63,2281217.31,1395291.2349999999,1229631.9925
23,2011-11-11,1436940.78,0,44.04,3.57,136.4618065,4.42,2011,11,45,4,4,1051740.29,1502078.93,353652.23,1379006.6975,1228978.4208333332
24,2011-11-11,1425078.59,0,46.78,3.719,136.4618065,8.454,2011,11,45,4,4,1436940.78,2269975.85,1523420.38,1167782.3824999998,1313594.4175
25,2011-11-11,719235.07,0,44.81,3.53,210.9810201,7.082,2011,11,45,4,4,1425078.59,757369.87,564536.01,1158248.6824999999,1197564.6658333333
26,2011-11-11,1077640.13,0,40.08,3.57,136.4618065,7.598,2011,11,45,4,4,719235.07,1051740.29,947815.05,1164723.6424999998,1113906.7891666666
10,2011-11-11,2076570.84,0,55.28,3.677,129.8167097,7.874,2011,11,45,4,4,1077640.13,1436940.78,597855.07,1324631.1574999997,1235375.2074999998
28,2011-11-11,1402654.95,0,48.76,3.824,129.8167097,12.89,2011,11,45,4,4,2076570.84,1425078.59,1904438.59,1319025.2474999998,1309498.0108333335
29,2011-11-11,531600.62,0,47.8,3.57,136.4618065,9.357,2011,11,45,4,4,1402654.95,719235.07,1458287.38,1272116.6349999998,1277568.1291666667
4,2011-11-11,2203028.96,0,47.12,3.286,129.8167097,5.143,2011,11,45,4,4,531600.62,1077640.13,1051944.79,1553463.8424999998,1371159.5733333335
3,2011-11-11,407764.25,0,61.7,3.297,221.4117517,7.197,2011,11,45,4,4,2203028.96,2076570.84,2036317.54,1136262.1949999998,1279966.6833333333
2,2011-11-11,1920725.15,0,59.33,3.297,217.6455387,7.441,2011,11,45,4,4,407764.25,1402654.95,2174056.71,1265779.7449999999,1250862.4583333333
1,2011-11-11,1594938.89,0,59.11,3.297,217.9980849,7.866,2011,11,45,4,4,1920725.15,531600.62,615121.78,1531614.3124999998,1320659.8766666667
12,2011-11-11,1095091.53,0,48.76,3.824,129.8167097,12.89,2011,11,45,4,4,1594938.89,2203028.96,511059.95,1254629.9549999998,1324272.4800000002
11,2011-11-11,1366053.69,0,64.2,3.297,221.4117517,7.197,2011,11,45,4,4,1095091.53,407764.25,927657.63,1494202.315,1318365.2225
44,2011-11-18,310531.04,0,40.65,3.489,129.8268333,6.078,2011,11,46,4,4,1366053.69,1920725.15,1100625.06,1091653.7874999999,1225486.26
23,2011-11-18,1345631.96,0,45.48,3.571,136.4666667,4.42,2011,11,46,4,4,310531.04,1594938.89,1480289.64,1029327.0549999999,1277686.0008333332
22,2011-11-18,1007579.44,0,50.62,3.571,140.4127857,7.706,2011,11,46,4,4,1345631.96,1095091.53,2284106.6,1007449.0324999999,1271847.61
21,2011-11-18,737014.09,0,61.9,3.308,217.8670218,7.441,2011,11,46,4,4,1007579.44,1366053.69,767358.37,850189.1324999998,1160217.8808333334
20,2011-11-18,2169933.82,0,49.3,3.53,211.1847207,7.082,2011,11,46,4,4,737014.09,310531.04,1106575.59,1315039.8274999997,1224157.7866666666
19,2011-11-18,1411835.57,0,48.21,3.717,136.4666667,7.866,2011,11,46,4,4,2169933.82,1345631.96,1959707.9,1331590.7299999997,1297510.6991666667
18,2011-11-18,1056992.18,0,47.88,3.571,136.4666667,8.471,2011,11,46,4,4,1411835.57,1007579.44,988950.75,1343943.9149999996,1202007.6341666665
17,2011-11-18,877724.31,0,32.93,3.489,129.8268333,6.617,2011,11,46,4,4,1056992.18,737014.09,312233.56,1379121.4699999997,1241170.9725
16,2011-11-18,480353.64,0,31.73,3.479,195.7184713,6.232,2011,11,46,4,4,877724.31,2169933.82,1800728.07,956726.4249999999,1121140.0133333334
15,2011-11-18,597856.51,0,46.53,3.717,136.4666667,7.866,2011,11,46,4,4,480353.64,1411835.57,991570.02,753231.6599999999,1038049.815
14,2011-11-18,1969360.72,0,51.34,3.53,188.1983654,8.523,2011,11,46,4,4,597856.51,1056992.18,880576.33,981323.7949999999,1110905.5808333333
13,2011-11-18,2016323.51,0,40.65,3.489,129.8268333,6.392,2011,11,46,4,4,1969360.72,877724.31,328498.92,1265973.595,1165094.7325
12,2011-11-18,970641.34,0,54.2,3.813,129.8268333,12.89,2011,11,46,4,4,2016323.51,480353.64,501268.78,1388545.52,1220103.9241666666
11,2011-11-18,1315091.63,0,66.17,3.308,221.6432852,7.197,2011,11,46,4,4,970641.34,597856.51,411116.95,1567854.2999999998,1217558.8966666667
10,2011-11-18,1869087.85,0,58.97,3.669,129.8268333,7.874,2011,11,46,4,4,1315091.63,1969360.72,1456957.38,1542786.0825,1289351.2641666667
9,2011-11-18,542414.27,0,58.8,3.308,221.8803923,6.054,2011,11,46,4,4,1869087.85,2016323.51,1037687.07,1174308.7725,1273134.6125
24,2011-11-18,1297535.69,0,48.17,3.717,136.4666667,8.454,2011,11,46,4,4,542414.27,970641.34,271961.04,1256032.3599999999,1200434.7683333333
25,2011-11-18,728525.6,0,46.41,3.53,211.1847207,7.082,2011,11,46,4,4,1297535.69,1315091.63,1302499.23,1109390.8524999998,1143492.2708333333
26,2011-11-18,946091.79,0,37.78,3.571,136.4666667,7.598,2011,11,46,4,4,728525.6,1869087.85,615975.5,878641.8374999999,1134250.5716666665
6,2011-11-18,1524390.07,0,63.89,3.308,219.7897137,6.551,2011,11,46,4,4,946091.79,542414.27,594574.12,1124135.7874999999,1188139.385
43,2011-11-18,628115.61,0,57.75,3.308,209.8651071,10.148,2011,11,46,4,4,1524390.07,1297535.69,808624.82,956780.7674999998,1200452.8825
42,2011-11-18,567673.87,0,58.97,3.669,129.8268333,7.874,2011,11,46,4,4,628115.61,728525.6,917088.48,916567.8349999998,1197937.6625
41,2011-11-18,1230118.02,0,36.64,3.479,195.7184713,6.759,2011,11,46,4,4,567673.87,946091.79,556015.59,987574.3924999998,1136334.1041666667
40,2011-11-18,905399.99,0,41.85,3.571,136.4666667,4.42,2011,11,46,4,4,1230118.02,1524390.07,1536176.54,832826.8724999998,1043757.1441666667
39,2011-11-18,1510397.27,0,66.09,3.308,216.9395861,7.716,2011,11,46,4,4,905399.99,628115.61,311906.7,1053397.2874999999,1088736.805
38,2011-11-18,392003.13,0,54.2,3.813,129.8268333,12.89,2011,11,46,4,4,1510397.27,567673.87,643125.29,1009479.6024999999,1011812.7633333333
37,2011-11-18,527495.09,0,66.28,3.308,216.9395861,7.716,2011,11,46,4,4,392003.13,1230118.02,1182733.0,833823.8699999999,900013.3666666667
45,2011-11-18,773603.77,0,51.34,3.53,188.1983654,8.523,2011,11,46,4,4,527495.09,905399.99,1444783.64,800874.8149999998,919279.1583333333
36,2011-11-18,332901.94,0,66.28,3.26,216.9395861,7.716,2011,11,46,4,4,773603.77,1510397.27,409686.63,506500.98249999987,838893.0125000001
34,2011-11-18,947552.44,0,46.0,3.294,129.8268333,10.148,2011,11,46,4,4,332901.94,392003.13,2111592.09,645388.3099999998,857145.2491666665
33,2011-11-18,251294.5,0,63.35,3.669,129.8268333,8.01,2011,11,46,4,4,947552.44,527495.09,2081534.65,576338.1624999999,799245.475
32,2011-11-18,1181651.55,0,42.61,3.479,195.7184713,8.513,2011,11,46,4,4,251294.5,773603.77,618949.82,678350.1074999999,770683.9316666666
31,2011-11-18,1445174.79,0,61.9,3.308,217.8670218,7.441,2011,11,46,4,4,1181651.55,332901.94,513181.31,956418.3199999998,838772.1966666668
30,2011-11-18,436462.63,0,61.9,3.308,217.8670218,7.441,2011,11,46,4,4,1445174.79,947552.44,914759.2,828645.8674999999,827837.9266666666
29,2011-11-18,504601.29,0,50.62,3.571,136.4666667,9.357,2011,11,46,4,4,436462.63,251294.5,1079931.63,891972.565,767378.1991666667
28,2011-11-18,1255081.22,0,54.2,3.813,129.8268333,12.89,2011,11,46,4,4,504601.29,1181651.55,1502078.93,910329.9824999999,796518.3016666666
35,2011-11-18,820964.1,0,51.42,3.53,140.4127857,8.745,2011,11,46,4,4,1255081.22,1445174.79,2269975.85,754277.3099999999,739065.5375
27,2011-11-18,1723739.44,0,51.42,3.717,140.4127857,7.906,2011,11,46,4,4,820964.1,436462.63,757369.87,1076096.5124999997,850043.5633333334
5,2011-11-18,307944.37,0,64.33,3.308,218.793912,6.3,2011,11,46,4,4,1723739.44,504601.29,1051740.29,1026932.2824999999,831747.6699999999
7,2011-11-18,539826.56,0,29.53,3.479,195.7184713,8.513,2011,11,46,4,4,307944.37,1255081.22,1436940.78,848118.6174999999,812266.2358333333
4,2011-11-18,2243946.59,0,50.44,3.294,129.8268333,5.143,2011,11,46,4,4,539826.56,820964.1,1425078.59,1203864.2399999998,971519.9566666667
3,2011-11-18,398838.97,0,63.91,3.308,221.6432852,7.197,2011,11,46,4,4,2243946.59,1723739.44,719235.07,872639.1224999998,925793.8341666666
2,2011-11-18,1902762.5,0,62.01,3.308,217.8670218,7.441,2011,11,46,4,4,398838.97,307944.37,1077640.13,1271343.6549999998,1063416.1675000002
1,2011-11-18,1539483.7,0,62.25,3.308,218.2205088,7.866,2011,11,46,4,4,1902762.5,539826.56,2076570.84,1521257.94,1093235.5133333334
8,2011-11-18,897032.19,0,51.72,3.308,221.6911738,6.123,2011,11,46,4,4,1539483.7,2243946.59,1402654.95,1184529.3399999999,1047556.9633333333
25,2011-11-25,1116211.39,1,43.49,3.492,211.4120757,7.082,2011,11,47,4,4,897032.19,398838.97,531600.62,1363872.4449999998,1104202.6933333334
26,2011-11-25,1282320.05,1,31.07,3.536,136.4788,7.598,2011,11,47,4,4,1116211.39,1902762.5,2203028.96,1208761.8325,1169012.5899999999
27,2011-11-25,2504400.71,1,47.88,3.689,140.4217857,7.906,2011,11,47,4,4,1282320.05,1539483.7,407764.25,1449991.085,1273122.5475
28,2011-11-25,1929738.27,1,53.25,3.622,129.8364,12.89,2011,11,47,4,4,2504400.71,897032.19,1920725.15,1708167.605,1365520.395
29,2011-11-25,913165.19,1,46.28,3.536,136.4788,9.357,2011,11,47,4,4,1929738.27,1116211.39,1594938.89,1657406.0549999997,1297972.5408333333
30,2011-11-25,452163.93,1,56.43,3.236,218.1130269,7.441,2011,11,47,4,4,913165.19,1282320.05,1095091.53,1449867.025,1309990.8375000001
31,2011-11-25,1934099.65,1,56.43,3.236,218.1130269,7.441,2011,11,47,4,4,452163.93,2504400.71,1366053.69,1307291.7599999998,1426180.2616666667
32,2011-11-25,1684468.66,1,40.22,3.424,195.7704,8.513,2011,11,47,4,4,1934099.65,1929738.27,310531.04,1245974.3575,1379557.1008333333
33,2011-11-25,255996.47,1,62.35,3.76,129.8364,8.01,2011,11,47,4,4,1684468.66,913165.19,1345631.96,1081682.1774999998,1367653.5591666666
36,2011-11-25,332811.55,1,66.41,3.181,217.1812533,7.716,2011,11,47,4,4,255996.47,452163.93,1007579.44,1051844.0824999998,1236824.3133333332
35,2011-11-25,1733822.4,1,47.88,3.492,140.4217857,8.745,2011,11,47,4,4,332811.55,1934099.65,737014.09,1001774.7699999999,1253019.2049999998
37,2011-11-25,522554.04,1,66.41,3.236,217.1812533,7.716,2011,11,47,4,4,1733822.4,1684468.66,2169933.82,711296.1149999999,1221812.6925000001
38,2011-11-25,393715.71,1,53.25,3.622,129.8364,12.89,2011,11,47,4,4,522554.04,255996.47,1411835.57,745725.9249999998,1161604.7191666665
39,2011-11-25,2338832.4,1,66.36,3.236,217.1812533,7.716,2011,11,47,4,4,393715.71,332811.55,1056992.18,1247231.1374999997,1249647.4149999998
40,2011-11-25,1230011.95,1,32.76,3.536,136.4788,4.42,2011,11,47,4,4,2338832.4,1733822.4,877724.31,1121278.525,1143448.3516666666
41,2011-11-25,1906713.35,1,36.37,3.424,195.7704,6.759,2011,11,47,4,4,1230011.95,522554.04,480353.64,1467318.3524999998,1141529.6083333334
42,2011-11-25,577698.37,1,60.68,3.76,129.8364,7.874,2011,11,47,4,4,1906713.35,393715.71,597856.51,1513314.0174999998,1113574.0399999998
43,2011-11-25,669965.22,1,55.7,3.236,210.0888571,10.148,2011,11,47,4,4,577698.37,2338832.4,1969360.72,1096097.2225,1131724.1475
34,2011-11-25,1345595.82,1,45.99,3.225,129.8364,10.148,2011,11,47,4,4,669965.22,1230011.95,2016323.51,1124993.19,1082682.1616666669
24,2011-11-25,1761235.67,1,41.83,3.689,136.4788,8.454,2011,11,47,4,4,1345595.82,1906713.35,970641.34,1088623.77,1089079.4124999999
44,2011-11-25,309129.01,1,38.89,3.445,129.8364,6.078,2011,11,47,4,4,1761235.67,577698.37,1315091.63,1021481.4299999999,1093507.1241666668
22,2011-11-25,1535857.49,1,46.28,3.536,140.4217857,7.706,2011,11,47,4,4,309129.01,669965.22,1869087.85,1237954.4974999998,1193760.9525
2,2011-11-25,2614202.3,1,56.36,3.236,218.1130269,7.441,2011,11,47,4,4,1535857.49,1345595.82,542414.27,1555106.1174999997,1267125.9441666666
3,2011-11-25,556925.19,1,68.0,3.236,221.9011185,7.197,2011,11,47,4,4,2614202.3,1761235.67,1297535.69,1254028.4974999998,1269990.2066666665
4,2011-11-25,3004702.33,1,47.96,3.225,129.8364,5.143,2011,11,47,4,4,556925.19,309129.01,728525.6,1927921.8275,1487572.425
5,2011-11-25,507900.07,1,61.93,3.236,219.0428204,6.3,2011,11,47,4,4,3004702.33,1535857.49,946091.79,1670932.4725,1334994.7308333332
6,2011-11-25,2249811.55,1,62.78,3.236,220.0417412,6.551,2011,11,47,4,4,507900.07,2614202.3,1524390.07,1579834.7849999997,1419978.0308333335
7,2011-11-25,949075.87,1,27.6,3.424,195.7704,8.513,2011,11,47,4,4,2249811.55,556925.19,628115.61,1677872.4549999998,1340174.9075
8,2011-11-25,1235163.86,1,49.61,3.236,221.9491571,6.123,2011,11,47,4,4,949075.87,3004702.33,567673.87,1235487.8375,1394963.6983333332
9,2011-11-25,814753.5,1,54.32,3.236,222.1389683,6.054,2011,11,47,4,4,1235163.86,507900.07,1230118.02,1312201.1949999998,1407029.3883333334
10,2011-11-25,2950198.64,1,60.68,3.76,129.8364,7.874,2011,11,47,4,4,814753.5,2249811.55,905399.99,1487297.9674999998,1540746.2899999998
11,2011-11-25,1848953.48,1,70.03,3.236,221.9011185,7.197,2011,11,47,4,4,2950198.64,949075.87,1510397.27,1712267.3699999999,1548056.1075
12,2011-11-25,1591920.42,1,53.25,3.622,129.8364,12.89,2011,11,47,4,4,1848953.48,1235163.86,392003.13,1801456.5099999998,1654955.3916666666
13,2011-11-25,2864170.61,1,38.89,3.445,129.8364,6.392,2011,11,47,4,4,1591920.42,814753.5,527495.09,2313810.7874999996,1765648.1516666666
14,2011-11-25,2685351.81,1,48.71,3.492,188.3504,8.523,2011,11,47,4,4,2864170.61,2950198.64,773603.77,2247599.08,1771577.2774999999
15,2011-11-25,1066478.1,1,41.1,3.689,136.4788,7.866,2011,11,47,4,4,2685351.81,1848953.48,332901.94,2051980.2349999999,1814040.0199999998
16,2011-11-25,712422.4,1,31.39,3.424,195.7704,6.232,2011,11,47,4,4,1066478.1,1591920.42,947552.44,1832105.7299999997,1623016.6925
17,2011-11-25,1225700.28,1,32.81,3.445,129.8364,6.617,2011,11,47,4,4,712422.4,2864170.61,251294.5,1422488.1475,1682833.3766666667
18,2011-11-25,1624170.99,1,41.97,3.536,136.4788,8.471,2011,11,47,4,4,1225700.28,2685351.81,1181651.55,1157192.9425,1630696.6633333333
19,2011-11-25,1974646.78,1,42.75,3.689,136.4788,7.866,2011,11,47,4,4,1624170.99,1066478.1,1445174.79,1384235.1124999998,1716160.9058333335
20,2011-11-25,2906233.25,1,46.38,3.492,211.4120757,7.082,2011,11,47,4,4,1974646.78,712422.4,436462.63,1932687.8249999997,1855416.6883333332
23,2011-11-25,2057059.53,1,35.23,3.536,136.4788,4.42,2011,11,47,4,4,2906233.25,1225700.28,504601.29,2140527.6375,1958942.1908333332
21,2011-11-25,1219263.4,1,56.43,3.236,218.1130269,7.441,2011,11,47,4,4,2057059.53,1624170.99,1255081.22,2039300.74,1814697.5874999997
45,2011-11-25,1170672.94,1,48.71,3.492,188.3504,8.523,2011,11,47,4,4,1219263.4,1974646.78,820964.1,1838307.2799999998,1758174.2091666667
1,2011-11-25,2033320.66,1,60.14,3.236,218.4676211,7.866,2011,11,47,4,4,1170672.94,2906233.25,1723739.44,1620079.1324999998,1794957.5625
43,2011-12-02,585028.26,0,47.49,3.172,210.3126071,10.148,2011,12,48,4,4,2033320.66,2057059.53,307944.37,1252071.3149999997,1605029.0333333332
24,2011-12-02,1335647.1,0,47.21,3.666,136.4909333,8.454,2011,12,48,4,4,585028.26,1219263.4,539826.56,1281167.24,1492553.6408333334
25,2011-12-02,878314.57,0,42.85,3.452,211.6394306,7.082,2011,12,48,4,4,1335647.1,1170672.94,2243946.59,1208077.6474999997,1476873.3466666667
26,2011-12-02,1012498.49,0,36.74,3.501,136.4909333,7.598,2011,12,48,4,4,878314.57,2033320.66,398838.97,952872.1049999999,1501879.6875
27,2011-12-02,1806924.74,0,50.55,3.666,140.4307857,7.906,2011,12,48,4,4,1012498.49,585028.26,1902762.5,1258346.2249999999,1550315.0591666664
28,2011-12-02,1368130.35,0,52.5,3.701,129.8459667,12.89,2011,12,48,4,4,1806924.74,1335647.1,1539483.7,1266467.0375,1528978.3391666666
29,2011-12-02,579874.22,0,49.11,3.501,136.4909333,9.357,2011,12,48,4,4,1368130.35,878314.57,897032.19,1191856.95,1412747.2924999997
30,2011-12-02,412385.75,0,48.72,3.172,218.3590319,7.441,2011,12,48,4,4,579874.22,1012498.49,1116211.39,1041828.7649999999,1204926.6675
31,2011-12-02,1388809.43,0,48.72,3.172,218.3590319,7.441,2011,12,48,4,4,412385.75,1806924.74,1282320.05,937299.9374999999,1149239.1591666667
32,2011-12-02,1179773.88,0,33.8,3.378,195.8223287,8.513,2011,12,48,4,4,1388809.43,1368130.35,2504400.71,890210.8199999998,1145948.3658333332
34,2011-12-02,988742.08,0,39.75,3.176,129.8459667,10.148,2011,12,48,4,4,1179773.88,579874.22,1929738.27,992427.7849999999,1130787.4608333332
35,2011-12-02,903606.03,0,50.55,3.452,140.4307857,8.745,2011,12,48,4,4,988742.08,412385.75,913165.19,1115232.855,1036644.5750000001
36,2011-12-02,293350.51,0,53.57,3.164,217.4229206,7.716,2011,12,48,4,4,903606.03,1388809.43,452163.93,841368.1249999999,1012338.0958333333
37,2011-12-02,527117.81,0,53.57,3.172,217.4229206,7.716,2011,12,48,4,4,293350.51,1179773.88,1934099.65,678204.1074999999,944960.6549999999
38,2011-12-02,411252.02,0,52.5,3.701,129.8459667,12.89,2011,12,48,4,4,527117.81,988742.08,1684468.66,533831.5924999999,906038.7758333334
39,2011-12-02,1632894.58,0,53.14,3.172,217.4229206,7.716,2011,12,48,4,4,411252.02,903606.03,255996.47,716153.73,957738.4500000001
40,2011-12-02,1059676.62,0,38.51,3.501,136.4909333,4.42,2011,12,48,4,4,1632894.58,293350.51,332811.55,907735.2575,895467.7733333333
41,2011-12-02,1292436.23,0,34.53,3.378,195.8223287,6.759,2011,12,48,4,4,1059676.62,527117.81,1733822.4,1099064.8624999998,889159.93
33,2011-12-02,220060.35,0,59.12,3.701,129.8459667,8.01,2011,12,48,4,4,1292436.23,411252.02,522554.04,1051266.9449999998,859175.4408333333
23,2011-12-02,1552886.59,0,43.6,3.501,136.4909333,4.42,2011,12,48,4,4,220060.35,1632894.58,393715.71,1031264.9475,954217.1774999999
22,2011-12-02,1167621.14,0,49.11,3.501,140.4307857,7.706,2011,12,48,4,4,1552886.59,1059676.62,2338832.4,1058251.0775,935784.82
21,2011-12-02,793184.25,0,48.72,3.172,218.3590319,7.441,2011,12,48,4,4,1167621.14,1292436.23,1230011.95,933438.0824999999,903569.0175000001
3,2011-12-02,472511.32,0,54.97,3.172,222.1589519,7.197,2011,12,48,4,4,793184.25,220060.35,1906713.35,996550.8249999998,860549.7875000001
4,2011-12-02,2180999.26,0,38.71,3.176,129.8459667,5.143,2011,12,48,4,4,472511.32,1552886.59,577698.37,1153578.9924999997,966999.2233333333
5,2011-12-02,376225.61,0,51.14,3.172,219.2917287,6.3,2011,12,48,4,4,2180999.26,1167621.14,669965.22,955730.1099999998,973905.4816666666
6,2011-12-02,1688531.34,0,51.18,3.172,220.2937686,6.551,2011,12,48,4,4,376225.61,793184.25,1345595.82,1179566.8824999998,1070689.9425000001
7,2011-12-02,591907.88,0,20.38,3.378,195.8223287,8.513,2011,12,48,4,4,1688531.34,472511.32,1761235.67,1209416.0224999997,1085744.5975
8,2011-12-02,986601.46,0,40.82,3.172,222.2071405,6.123,2011,12,48,4,4,591907.88,2180999.26,309129.01,910816.5724999999,1031886.8374999999
9,2011-12-02,613115.21,0,46.84,3.172,222.3975443,6.054,2011,12,48,4,4,986601.46,376225.61,1535857.49,970038.9724999999,994673.3866666667
10,2011-12-02,2068097.18,0,57.29,3.701,129.8459667,7.874,2011,12,48,4,4,613115.21,1688531.34,2614202.3,1064930.4324999999,1059311.7991666666
45,2011-12-02,875699.81,0,50.19,3.452,188.5024346,8.523,2011,12,48,4,4,2068097.18,591907.88,556925.19,1135878.415,1113948.4208333334
11,2011-12-02,1399322.44,0,56.89,3.172,222.1589519,7.197,2011,12,48,4,4,875699.81,986601.46,3004702.33,1239058.66,1101151.4083333334
13,2011-12-02,2051315.66,0,33.94,3.389,129.8459667,6.392,2011,12,48,4,4,1399322.44,613115.21,507900.07,1598608.7725,1174792.6183333334
14,2011-12-02,2143080.57,0,50.19,3.452,188.5024346,8.523,2011,12,48,4,4,2051315.66,2068097.18,2249811.55,1617354.6199999999,1287283.9783333333
15,2011-12-02,699028.66,0,45.67,3.666,136.4909333,7.866,2011,12,48,4,4,2143080.57,875699.81,949075.87,1573186.8324999998,1306160.423333333
16,2011-12-02,530492.84,0,27.83,3.378,195.8223287,6.232,2011,12,48,4,4,699028.66,1399322.44,1235163.86,1355979.4324999996,1168618.2216666667
17,2011-12-02,945267.68,0,26.47,3.389,129.8459667,6.617,2011,12,48,4,4,530492.84,2051315.66,814753.5,1079467.4374999998,1216038.3941666668
18,2011-12-02,1188047.61,0,46.25,3.501,136.4909333,8.471,2011,12,48,4,4,945267.68,2143080.57,2950198.64,840709.1974999998,1174331.4166666667
19,2011-12-02,1484708.38,0,45.67,3.666,136.4909333,7.866,2011,12,48,4,4,1188047.61,699028.66,1848953.48,1037129.1274999997,1248731.4583333333
20,2011-12-02,2298776.83,0,46.32,3.452,211.6394306,7.082,2011,12,48,4,4,1484708.38,530492.84,1591920.42,1479200.1249999998,1358079.4058333335
12,2011-12-02,1071383.1,0,52.5,3.701,129.8459667,12.89,2011,12,48,4,4,2298776.83,945267.68,2864170.61,1510728.98,1396268.3966666667
42,2011-12-02,511883.36,0,57.29,3.701,129.8459667,7.874,2011,12,48,4,4,1071383.1,1188047.61,2685351.81,1341687.9174999997,1266583.9116666666
1,2011-12-02,1584083.95,0,48.91,3.172,218.7147333,7.866,2011,12,48,4,4,511883.36,1484708.38,1066478.1,1366531.8099999998,1325615.923333333
2,2011-12-02,1954952.0,0,48.74,3.172,218.3590319,7.441,2011,12,48,4,4,1584083.95,2298776.83,712422.4,1280575.6024999998,1371918.3866666667
44,2011-12-02,284309.34,0,33.94,3.389,129.8459667,6.078,2011,12,48,4,4,1954952.0,1071383.1,1225700.28,1083807.1624999999,1224667.86
18,2011-12-09,1368471.23,0,42.36,3.47,136.5030667,8.471,2011,12,49,4,4,284309.34,511883.36,1624170.99,1297954.13,1160117.0816666665
17,2011-12-09,976522.93,0,17.56,3.341,129.8555333,6.617,2011,12,49,4,4,1368471.23,1584083.95,1974646.78,1146063.8749999998,1183241.6041666667
16,2011-12-09,574798.86,0,14.44,3.331,195.8742575,6.232,2011,12,49,4,4,976522.93,1954952.0,2906233.25,801025.5899999999,1186933.7725
15,2011-12-09,764565.55,0,38.53,3.627,136.5030667,7.866,2011,12,49,4,4,574798.86,284309.34,2057059.53,921089.6424999998,1171875.2616666667
14,2011-12-09,2470581.29,0,46.57,3.415,188.6544692,8.523,2011,12,49,4,4,764565.55,1368471.23,1219263.4,1196617.1574999997,1278753.0683333334
13,2011-12-09,2462779.06,0,24.82,3.341,129.8555333,6.392,2011,12,49,4,4,2470581.29,976522.93,1170672.94,1568181.19,1360258.9583333335
12,2011-12-09,1189646.45,0,42.17,3.644,129.8555333,12.89,2011,12,49,4,4,2462779.06,574798.86,2033320.66,1721893.0874999997,1267831.4266666668
11,2011-12-09,1646655.94,0,50.63,3.158,222.4167852,7.197,2011,12,49,4,4,1189646.45,764565.55,585028.26,1942415.6849999998,1315770.8299999998
10,2011-12-09,2429310.9,0,42.58,3.644,129.8555333,7.874,2011,12,49,4,4,1646655.94,2470581.29,1335647.1,1932098.0874999997,1475556.4583333333
9,2011-12-09,630327.28,0,37.65,3.158,222.6561203,6.054,2011,12,49,4,4,2429310.9,2462779.06,878314.57,1473985.1424999998,1396076.7358333333
8,2011-12-09,1051922.95,0,30.51,3.158,222.4651238,6.123,2011,12,49,4,4,630327.28,1189646.45,1012498.49,1439554.2674999996,1320824.315
7,2011-12-09,653845.45,0,11.17,3.331,195.8742575,8.513,2011,12,49,4,4,1051922.95,1646655.94,1806924.74,1191351.6449999996,1351618.9908333332
6,2011-12-09,1903385.14,0,43.64,3.158,220.5457961,6.551,2011,12,49,4,4,653845.45,2429310.9,1368130.35,1059870.2049999996,1396195.1500000001
5,2011-12-09,367433.77,0,44.12,3.158,219.540637,6.3,2011,12,49,4,4,1903385.14,630327.28,579874.22,994146.8274999997,1345437.72
4,2011-12-09,2508955.24,0,31.64,3.153,129.8555333,5.143,2011,12,49,4,4,367433.77,1051922.95,412385.75,1358404.9,1506617.4183333332
3,2011-12-09,468772.8,0,49.26,3.158,222.4167852,7.197,2011,12,49,4,4,2508955.24,653845.45,1388809.43,1312136.7374999998,1481968.0225
45,2011-12-09,957155.31,0,46.57,3.415,188.6544692,8.523,2011,12,49,4,4,468772.8,1903385.14,1179773.88,1075579.2799999998,1355849.1908333332
1,2011-12-09,1799682.38,0,43.93,3.158,218.9618456,7.866,2011,12,49,4,4,957155.31,367433.77,988742.08,1433641.4324999999,1300591.1341666665
2,2011-12-09,2290549.32,0,41.76,3.158,218.605037,7.441,2011,12,49,4,4,1799682.38,2508955.24,903606.03,1379039.9524999997,1392333.04
19,2011-12-09,1713769.06,0,40.18,3.627,136.5030667,7.866,2011,12,49,4,4,2290549.32,468772.8,293350.51,1690289.0174999996,1397925.8
44,2011-12-09,304300.91,0,24.82,3.341,129.8555333,6.078,2011,12,49,4,4,1713769.06,957155.31,527117.81,1527075.4174999995,1220841.6341666665
43,2011-12-09,617898.07,0,34.23,3.158,210.5363571,10.148,2011,12,49,4,4,304300.91,1799682.38,411252.02,1231629.3399999996,1219805.8666666667
22,2011-12-09,1308967.44,0,45.35,3.47,140.4397857,7.706,2011,12,49,4,4,617898.07,2290549.32,1632894.58,986233.8699999998,1241226.2408333332
42,2011-12-09,619133.48,0,42.58,3.644,129.8555333,7.874,2011,12,49,4,4,1308967.44,1713769.06,1059676.62,712574.9749999997,1238333.5766666667
41,2011-12-09,1548661.45,0,17.05,3.331,195.8742575,6.759,2011,12,49,4,4,619133.48,304300.91,1292436.23,1023665.1099999996,1208773.2691666665
40,2011-12-09,1158708.98,0,34.48,3.47,136.5030667,4.42,2011,12,49,4,4,1548661.45,617898.07,220060.35,1158867.8374999997,1274712.8699999999
39,2011-12-09,1781528.77,0,49.36,3.158,217.6645878,7.716,2011,12,49,4,4,1158708.98,1308967.44,1552886.59,1277008.1699999997,1214093.9974999998
38,2011-12-09,435401.64,0,42.17,3.644,129.8555333,12.89,2011,12,49,4,4,1781528.77,619133.48,1167621.14,1231075.21,1211313.0675
37,2011-12-09,537224.52,0,50.64,3.158,217.6645878,7.716,2011,12,49,4,4,435401.64,1548661.45,793184.25,978215.9774999998,1176318.835
36,2011-12-09,312298.37,0,50.64,3.147,217.6645878,7.716,2011,12,49,4,4,537224.52,1158708.98,472511.32,766613.3249999997,1052370.1675
35,2011-12-09,948964.99,0,46.28,3.415,140.4397857,8.745,2011,12,49,4,4,312298.37,1781528.77,2180999.26,558472.3799999998,940571.4733333335
34,2011-12-09,1084243.91,0,24.69,3.153,129.8555333,10.148,2011,12,49,4,4,948964.99,435401.64,376225.61,720682.9474999998,888111.0441666668
21,2011-12-09,897747.13,0,41.44,3.158,218.605037,7.441,2011,12,49,4,4,1084243.91,537224.52,1688531.34,810813.5999999997,937564.8958333334
33,2011-12-09,270373.05,0,47.7,3.644,129.8555333,8.01,2011,12,49,4,4,897747.13,312298.37,591907.88,800332.2699999998,908604.4775
31,2011-12-09,1556798.94,0,41.44,3.158,218.605037,7.441,2011,12,49,4,4,270373.05,948964.99,986601.46,952290.7574999997,929257.1025
30,2011-12-09,436741.02,0,41.44,3.158,218.605037,7.441,2011,12,49,4,4,1556798.94,1084243.91,613115.21,790415.0349999998,914057.7308333333
29,2011-12-09,633240.53,0,45.35,3.47,136.5030667,9.357,2011,12,49,4,4,436741.02,897747.13,2068097.18,724288.3849999998,837772.6541666668
28,2011-12-09,1467024.3,0,42.17,3.644,129.8555333,12.89,2011,12,49,4,4,633240.53,270373.05,875699.81,1023451.1974999998,863465.5975
27,2011-12-09,2014665.98,0,46.28,3.627,140.4397857,7.906,2011,12,49,4,4,1467024.3,1556798.94,1399322.44,1137917.9574999998,882893.6983333334
26,2011-12-09,1148987.46,0,34.24,3.47,136.5030667,7.598,2011,12,49,4,4,2014665.98,436741.02,2051315.66,1315979.5675,942359.1833333332
25,2011-12-09,916446.02,0,38.69,3.415,211.8667856,7.082,2011,12,49,4,4,1148987.46,633240.53,2143080.57,1386780.9399999997,973960.9750000001
24,2011-12-09,1529615.54,0,42.3,3.627,136.5030667,8.454,2011,12,49,4,4,916446.02,1467024.3,699028.66,1402428.7499999998,1075404.0725
23,2011-12-09,1841173.6,0,36.4,3.47,136.5030667,4.42,2011,12,49,4,4,1529615.54,2014665.98,530492.84,1359055.6549999998,1149754.7899999998
32,2011-12-09,1415746.91,0,17.94,3.331,195.8742575,8.513,2011,12,49,4,4,1841173.6,1148987.46,945267.68,1425745.5174999998,1177380.04
20,2011-12-09,2546123.78,0,41.64,3.415,211.8667856,7.082,2011,12,49,4,4,1415746.91,916446.02,1188047.61,1833164.9574999996,1314744.7608333332
44,2011-12-16,311144.16,0,27.85,3.282,129.8980645,6.078,2011,12,50,4,4,2546123.78,1529615.54,1484708.38,1528547.1124999998,1318142.3533333333
2,2011-12-16,2432736.52,0,50.13,3.159,218.8217928,7.441,2011,12,50,4,4,311144.16,1841173.6,2298776.83,1676437.8424999998,1391137.1516666666
27,2011-12-16,2205919.86,0,40.68,3.611,140.4700795,7.906,2011,12,50,4,4,2432736.52,1415746.91,1071383.1,1873981.0799999996,1538568.7216666667
28,2011-12-16,1429954.66,0,43.29,3.6,129.8980645,12.89,2011,12,50,4,4,2205919.86,2546123.78,511883.36,1594938.7999999998,1604961.5658333332
29,2011-12-16,736805.66,0,39.11,3.445,136.5335161,9.357,2011,12,50,4,4,1429954.66,311144.16,1584083.95,1701354.1749999998,1544110.0125
30,2011-12-16,441265.08,0,50.56,3.159,218.8217928,7.441,2011,12,50,4,4,736805.66,2432736.52,1954952.0,1203486.315,1412993.2708333333
31,2011-12-16,1611196.61,0,50.56,3.159,218.8217928,7.441,2011,12,50,4,4,441265.08,2205919.86,284309.34,1054805.5024999997,1451510.7000000002
32,2011-12-16,1556017.91,0,26.23,3.266,195.9841685,8.513,2011,12,50,4,4,1611196.61,1429954.66,1368471.23,1086321.3149999997,1504808.3575
33,2011-12-16,259638.35,0,53.18,3.489,129.8980645,8.01,2011,12,50,4,4,1556017.91,736805.66,976522.93,967029.4874999998,1398976.925
34,2011-12-16,1151052.86,0,32.31,3.149,129.8980645,10.148,2011,12,50,4,4,259638.35,441265.08,574798.86,1144476.4324999999,1341466.8633333335
26,2011-12-16,1204807.83,0,28.24,3.445,136.5335161,7.598,2011,12,50,4,4,1151052.86,1611196.61,764565.55,1042879.2374999998,1323888.6066666667
35,2011-12-16,1115255.65,0,40.68,3.413,140.4700795,8.745,2011,12,50,4,4,1204807.83,1556017.91,2470581.29,932688.6724999999,1204649.5958333332
37,2011-12-16,533905.67,0,58.31,3.159,217.8781339,7.716,2011,12,50,4,4,1115255.65,259638.35,2462779.06,1001255.5024999998,1223213.055
38,2011-12-16,404283.84,0,43.29,3.6,129.8980645,12.89,2011,12,50,4,4,533905.67,1151052.86,1189646.45,814563.2474999998,1054175.3316666668
39,2011-12-16,1991824.05,0,58.58,3.159,217.8781339,7.716,2011,12,50,4,4,404283.84,1204807.83,1646655.94,1011317.3024999998,1036334.0141666667
40,2011-12-16,1198670.19,0,29.53,3.445,136.5335161,4.42,2011,12,50,4,4,1991824.05,1115255.65,2429310.9,1032170.9374999998,1017060.3083333332
41,2011-12-16,1682368.32,0,25.01,3.266,195.9841685,6.759,2011,12,50,4,4,1198670.19,533905.67,630327.28,1319286.5999999999,1095857.1966666665
42,2011-12-16,598437.98,0,50.53,3.489,129.8980645,7.874,2011,12,50,4,4,1682368.32,404283.84,1051922.95,1367825.1349999998,1108954.9383333332
43,2011-12-16,665007.08,0,43.78,3.159,210.7365392,10.148,2011,12,50,4,4,598437.98,1991824.05,653845.45,1036120.8924999997,1030105.8108333334
45,2011-12-16,1078905.68,0,39.93,3.413,188.7979349,8.523,2011,12,50,4,4,665007.08,1198670.19,1903385.14,1006179.7649999998,990346.4583333334
36,2011-12-16,341503.92,0,58.31,3.133,217.8781339,7.716,2011,12,50,4,4,1078905.68,1682368.32,367433.77,670963.6649999998,997168.5891666667
25,2011-12-16,997502.47,0,33.09,3.413,212.0685039,7.082,2011,12,50,4,4,341503.92,598437.98,2508955.24,770729.7874999997,984372.7233333333
24,2011-12-16,1624994.43,0,36.0,3.611,136.5335161,8.454,2011,12,50,4,4,997502.47,665007.08,468772.8,1010726.6249999998,1019388.2733333333
23,2011-12-16,2173621.2,0,32.99,3.445,136.5335161,4.42,2011,12,50,4,4,1624994.43,1078905.68,957155.31,1284405.505,1107585.4025
3,2011-12-16,510747.62,0,57.95,3.159,222.6426418,7.197,2011,12,50,4,4,2173621.2,341503.92,1799682.38,1326716.43,1105655.5650000002
4,2011-12-16,2771397.17,0,36.44,3.149,129.8980645,5.143,2011,12,50,4,4,510747.62,997502.47,2290549.32,1770190.105,1302915.0091666665
5,2011-12-16,379530.3,0,54.42,3.159,219.7596266,6.3,2011,12,50,4,4,2771397.17,1624994.43,1713769.06,1458824.0725,1168557.1966666665
6,2011-12-16,2034695.56,0,53.27,3.159,220.7671856,6.551,2011,12,50,4,4,379530.3,2173621.2,304300.91,1424092.6624999999,1238225.9775
7,2011-12-16,720242.19,0,15.2,3.266,195.9841685,8.513,2011,12,50,4,4,2034695.56,510747.62,617898.07,1476466.305,1158048.8
8,2011-12-16,1118163.94,0,39.79,3.159,222.6910959,6.123,2011,12,50,4,4,720242.19,2771397.17,1308967.44,1063157.9974999998,1201359.2966666666
9,2011-12-16,705557.97,0,47.31,3.159,222.8825484,6.054,2011,12,50,4,4,1118163.94,379530.3,619133.48,1144664.915,1204738.5374999999
10,2011-12-16,2555031.18,0,50.53,3.489,129.8980645,7.874,2011,12,50,4,4,705557.97,2034695.56,1548661.45,1274748.8199999998,1327748.9958333333
11,2011-12-16,1783910.06,0,59.69,3.159,222.6426418,7.197,2011,12,50,4,4,2555031.18,720242.19,1158708.98,1540665.7875,1447949.5075
12,2011-12-16,1293404.18,0,43.29,3.6,129.8980645,12.89,2011,12,50,4,4,1783910.06,1118163.94,1781528.77,1584475.8475,1472607.9833333334
13,2011-12-16,2760346.71,0,27.85,3.282,129.8980645,6.392,2011,12,50,4,4,1293404.18,705557.97,435401.64,2098173.0324999997,1567220.673333333
14,2011-12-16,2594363.09,0,39.93,3.413,188.7979349,8.523,2011,12,50,4,4,2760346.71,2555031.18,537224.52,2108006.01,1602282.4974999998
15,2011-12-16,870415.49,0,35.49,3.611,136.5335161,7.866,2011,12,50,4,4,2594363.09,1783910.06,312298.37,1879632.3675,1632254.82
16,2011-12-16,679481.9,0,22.5,3.266,195.9841685,6.232,2011,12,50,4,4,870415.49,1293404.18,948964.99,1726151.7974999999,1457928.5475
17,2011-12-16,1067754.06,0,21.07,3.282,129.8980645,6.617,2011,12,50,4,4,679481.9,2760346.71,1084243.91,1303003.635,1515280.5275
18,2011-12-16,1516924.23,0,35.52,3.445,136.5335161,8.471,2011,12,50,4,4,1067754.06,2594363.09,897747.13,1033643.92,1472132.9166666667
19,2011-12-16,1852179.15,0,37.07,3.611,136.5335161,7.866,2011,12,50,4,4,1516924.23,870415.49,270373.05,1279084.835,1566460.9966666668
20,2011-12-16,2762816.65,0,37.16,3.413,212.0685039,7.082,2011,12,50,4,4,1852179.15,679481.9,1556798.94,1799918.5225,1703515.389166667
21,2011-12-16,1027584.51,0,50.56,3.159,218.8217928,7.441,2011,12,50,4,4,2762816.65,1067754.06,436741.02,1789876.1349999998,1730350.9341666664
1,2011-12-16,1881176.67,0,51.63,3.159,219.1794533,7.866,2011,12,50,4,4,1027584.51,1516924.23,633240.53,1880939.2449999999,1674196.3916666666
22,2011-12-16,1453153.33,0,39.11,3.445,140.4700795,7.706,2011,12,50,4,4,1881176.67,1852179.15,1467024.3,1781182.79,1646633.3308333333
3,2011-12-23,551221.21,0,53.41,3.112,222.8258628,7.197,2011,12,51,4,4,1453153.33,2762816.65,2014665.98,1228283.93,1584784.75
24,2011-12-23,2168344.23,0,36.93,3.587,136.5883871,8.454,2011,12,51,4,4,551221.21,1027584.51,1148987.46,1513473.86,1535451.21
27,2011-12-23,2739019.75,0,41.59,3.587,140.528765,7.906,2011,12,51,4,4,2168344.23,1881176.67,916446.02,1727934.6300000001,1547505.9316666666
28,2011-12-23,1796203.51,0,45.4,3.541,129.9845484,12.89,2011,12,51,4,4,2739019.75,1453153.33,1529615.54,1813697.175,1624654.9333333336
29,2011-12-23,1016637.39,0,39.83,3.413,136.5883871,9.357,2011,12,51,4,4,1796203.51,551221.21,1841173.6,1930051.2200000002,1652751.2241666664
30,2011-12-23,492022.68,0,46.54,3.112,218.9995495,7.441,2011,12,51,4,4,1016637.39,2168344.23,1415746.91,1510970.8325,1604773.6091666666
31,2011-12-23,2026176.14,0,46.54,3.112,218.9995495,7.441,2011,12,51,4,4,492022.68,2739019.75,2546123.78,1332759.93,1647211.2683333333
32,2011-12-23,1959526.96,0,25.97,3.173,196.1713893,8.513,2011,12,51,4,4,2026176.14,1796203.51,311144.16,1373590.7925,1656156.9191666667
33,2011-12-23,256235.19,0,53.39,3.541,129.9845484,8.01,2011,12,51,4,4,1959526.96,1016637.39,2432736.52,1183490.2425,1447275.1308333334
34,2011-12-23,1593655.96,0,32.45,3.103,129.9845484,10.148,2011,12,51,4,4,256235.19,492022.68,2205919.86,1458898.5625,1494447.7516666667
35,2011-12-23,1550214.02,0,41.59,3.389,140.528765,8.745,2011,12,51,4,4,1593655.96,2026176.14,1429954.66,1339908.0325,1466867.5308333335
36,2011-12-23,325262.46,0,55.41,3.098,218.0541851,7.716,2011,12,51,4,4,1550214.02,1959526.96,736805.66,931341.9075000001,1372876.625
37,2011-12-23,605791.46,0,55.41,3.112,218.0541851,7.716,2011,12,51,4,4,325262.46,256235.19,441265.08,1018730.9749999999,1377424.1458333333
38,2011-12-23,419717.41,0,45.4,3.541,129.9845484,12.89,2011,12,51,4,4,605791.46,1593655.96,1611196.61,725246.3374999999,1231705.2441666666
39,2011-12-23,2554482.84,0,54.62,3.112,218.0541851,7.716,2011,12,51,4,4,419717.41,1550214.02,1556017.91,976313.5425,1216327.1683333332
40,2011-12-23,1601585.7,0,24.46,3.413,136.5883871,4.42,2011,12,51,4,4,2554482.84,325262.46,259638.35,1295394.3525,1200109.0174999998
41,2011-12-23,2263722.68,0,25.59,3.173,196.1713893,6.759,2011,12,51,4,4,1601585.7,605791.46,1151052.86,1709877.1575,1304032.7916666667
42,2011-12-23,575676.13,0,48.36,3.541,129.9845484,7.874,2011,12,51,4,4,2263722.68,419717.41,1204807.83,1748866.8375,1311003.9124999999
43,2011-12-23,676290.46,0,42.63,3.112,210.9052972,10.148,2011,12,51,4,4,575676.13,2554482.84,1115255.65,1279318.7425,1198513.4391666667
26,2011-12-23,1515175.01,0,22.53,3.413,136.5883871,7.598,2011,12,51,4,4,676290.46,1601585.7,533905.67,1257716.0699999998,1161484.11
25,2011-12-23,1290532.97,0,36.56,3.389,212.2360401,7.082,2011,12,51,4,4,1515175.01,2263722.68,404283.84,1014418.6425000001,1247675.5916666666
23,2011-12-23,2587953.32,0,27.8,3.413,136.5883871,4.42,2011,12,51,4,4,1290532.97,575676.13,1991824.05,1517487.94,1330533.7049999998
22,2011-12-23,1863195.68,0,39.83,3.413,140.528765,7.706,2011,12,51,4,4,2587953.32,676290.46,1198670.19,1814214.2449999999,1356615.51
4,2011-12-23,3676388.98,0,35.92,3.103,129.9845484,5.143,2011,12,51,4,4,1863195.68,1515175.01,1682368.32,2354517.7375,1635876.0533333335
5,2011-12-23,458562.24,0,50.33,3.112,219.9387246,6.3,2011,12,51,4,4,3676388.98,1290532.97,598437.98,2146525.0549999997,1623606.9516666664
6,2011-12-23,2644633.02,0,49.45,3.112,220.9477245,6.551,2011,12,51,4,4,458562.24,2587953.32,665007.08,2160694.98,1809016.5858333332
7,2011-12-23,1059715.27,0,12.19,3.173,196.1713893,8.513,2011,12,51,4,4,2644633.02,1863195.68,1078905.68,1959824.8775,1684452.6216666664
8,2011-12-23,1462254.05,0,38.16,3.112,222.8743862,6.123,2011,12,51,4,4,1059715.27,3676388.98,341503.92,1406291.145,1672841.6508333331
9,2011-12-23,905324.68,0,44.43,3.112,223.0661125,6.054,2011,12,51,4,4,1462254.05,458562.24,997502.47,1517981.755,1559641.8175
10,2011-12-23,3487986.89,0,48.36,3.541,129.9845484,7.874,2011,12,51,4,4,905324.68,2644633.02,1624994.43,1728820.2225000001,1802334.3808333334
11,2011-12-23,2213518.5,0,54.29,3.112,222.8258628,7.197,2011,12,51,4,4,3487986.89,1059715.27,2173621.2,2017271.0300000003,1930436.7175
1,2011-12-23,2270188.99,0,47.96,3.112,219.3577216,7.866,2011,12,51,4,4,2213518.5,1462254.05,510747.62,2219254.765,1993354.5491666666
12,2011-12-23,1617612.03,0,45.4,3.541,129.9845484,12.89,2011,12,51,4,4,2270188.99,905324.68,2771397.17,2397326.6025,2020611.1375
14,2011-12-23,3369068.99,0,42.27,3.389,188.9299752,8.523,2011,12,51,4,4,1617612.03,3487986.89,379530.3,2367597.1275,2085704.11
15,2011-12-23,1182691.87,0,34.93,3.587,136.5883871,7.866,2011,12,51,4,4,3369068.99,2213518.5,2034695.56,2109890.4699999997,2028995.4591666665
16,2011-12-23,950691.96,0,20.79,3.173,196.1713893,6.232,2011,12,51,4,4,1182691.87,2270188.99,720242.19,1780016.2125,1801854.0408333335
17,2011-12-23,1289156.9,0,18.76,3.186,129.9845484,6.617,2011,12,51,4,4,950691.96,1617612.03,1118163.94,1697902.4300000002,1871070.2625
18,2011-12-23,1882393.4,0,35.78,3.413,136.5883871,8.471,2011,12,51,4,4,1289156.9,3369068.99,705557.97,1326233.5325,1807550.2941666667
19,2011-12-23,2480159.47,0,36.09,3.587,136.5883871,7.866,2011,12,51,4,4,1882393.4,1182691.87,2555031.18,1650600.4325,1925920.6441666668
20,2011-12-23,3555371.03,0,40.19,3.389,212.2360401,7.082,2011,12,51,4,4,2480159.47,950691.96,1783910.06,2301770.2,2100347.0591666666
21,2011-12-23,1384552.17,0,46.54,3.112,218.9995495,7.441,2011,12,51,4,4,3555371.03,1289156.9,1293404.18,2325619.0175,2140282.683333333
13,2011-12-23,3556766.03,0,24.76,3.186,129.9845484,6.392,2011,12,51,4,4,1384552.17,1882393.4,2760346.71,2744212.175,2146014.2783333333
44,2011-12-23,376233.89,0,24.76,3.186,129.9845484,6.078,2011,12,51,4,4,3556766.03,2480159.47,2594363.09,2218230.78,1992907.2275
45,2011-12-23,1521957.99,0,42.27,3.389,188.9299752,8.523,2011,12,51,4,4,376233.89,3555371.03,870415.49,1709877.52,1930554.6441666668
2,2011-12-23,3224369.8,0,46.66,3.112,218.9995495,7.441,2011,12,51,4,4,1521957.99,1384552.17,679481.9,2169831.9274999998,2064451.125
4,2011-12-30,2007105.86,1,36.89,3.119,130.0710323,5.143,2011,12,52,4,4,3224369.8,3556766.03,1067754.06,1782416.885,1950954.1974999998
27,2011-12-30,1650604.6,1,37.85,3.566,140.5874505,7.906,2011,12,52,4,4,2007105.86,376233.89,1516924.23,2101009.5625,1989946.925
28,2011-12-30,1270036.53,1,44.64,3.428,130.0710323,12.89,2011,12,52,4,4,1650604.6,1521957.99,1852179.15,2038029.1974999998,2016558.9725
29,2011-12-30,551743.05,1,36.28,3.402,136.6432581,9.357,2011,12,52,4,4,1270036.53,3224369.8,2762816.65,1369872.5100000002,1955107.8183333334
30,2011-12-30,376777.45,1,45.16,3.129,219.1773063,7.441,2011,12,52,4,4,551743.05,2007105.86,1027584.51,962290.4075000001,1829639.8224999998
31,2011-12-30,1355405.95,1,45.16,3.129,219.1773063,7.441,2011,12,52,4,4,376777.45,1650604.6,1881176.67,888490.7450000001,1735910.3625
32,2011-12-30,1102367.65,1,32.99,3.119,196.3586101,8.513,2011,12,52,4,4,1355405.95,1270036.53,1453153.33,846573.5249999999,1531493.4141666666
33,2011-12-30,215359.21,1,51.6,3.428,130.0710323,8.01,2011,12,52,4,4,1102367.65,551743.05,551221.21,762477.5650000001,1434060.6675000002
34,2011-12-30,965512.36,1,28.84,3.119,130.0710323,10.148,2011,12,52,4,4,215359.21,376777.45,2168344.23,909661.2925,1218122.8616666666
35,2011-12-30,904650.55,1,37.85,3.389,140.5874505,8.745,2011,12,52,4,4,965512.36,1355405.95,2739019.75,796972.4424999999,1262157.5833333333
36,2011-12-30,287425.22,1,48.26,3.132,218.2302364,7.716,2011,12,52,4,4,904650.55,1102367.65,1796203.51,593236.835,1159279.8525
38,2011-12-30,342667.35,1,44.64,3.428,130.0710323,12.89,2011,12,52,4,4,287425.22,215359.21,1016637.39,625063.87,919137.9816666666
39,2011-12-30,1537139.56,1,47.6,3.129,218.2302364,7.716,2011,12,52,4,4,342667.35,965512.36,492022.68,767970.67,879974.1233333334
40,2011-12-30,908853.15,1,18.75,3.402,136.6432581,4.42,2011,12,52,4,4,1537139.56,904650.55,2026176.14,769021.32,818161.5025000001
41,2011-12-30,1264014.16,1,34.12,3.119,196.3586101,6.759,2011,12,52,4,4,908853.15,287425.22,1959526.96,1013168.555,817659.6383333333
42,2011-12-30,454412.28,1,48.92,3.428,130.0710323,7.874,2011,12,52,4,4,1264014.16,342667.35,256235.19,1041104.7875000001,809548.7408333333
43,2011-12-30,505405.85,1,41.83,3.129,211.0740553,10.148,2011,12,52,4,4,454412.28,1537139.56,1593655.96,783171.36,820267.7741666666
44,2011-12-30,263917.85,1,31.53,3.119,130.0710323,6.078,2011,12,52,4,4,505405.85,908853.15,1550214.02,621937.535,729310.4325
45,2011-12-30,869403.63,1,37.79,3.389,189.0620155,8.523,2011,12,52,4,4,263917.85,1264014.16,325262.46,523284.90249999997,709896.7641666667
37,2011-12-30,451327.61,1,48.26,3.129,218.2302364,7.716,2011,12,52,4,4,869403.63,454412.28,605791.46,522513.735,729560.7975
3,2011-12-30,410553.88,1,48.29,3.129,223.0090839,7.197,2011,12,52,4,4,451327.61,505405.85,419717.41,498800.74249999993,683314.2575
26,2011-12-30,972834.42,1,18.8,3.402,136.6432581,7.598,2011,12,52,4,4,410553.88,263917.85,2554482.84,676029.885,688996.2466666666
25,2011-12-30,683665.37,1,32.42,3.389,212.4035763,7.082,2011,12,52,4,4,972834.42,869403.63,1601585.7,629595.3200000001,722016.2591666667
1,2011-12-30,1497462.72,1,44.55,3.129,219.5359898,7.866,2011,12,52,4,4,683665.37,451327.61,2263722.68,891129.0974999999,818249.2066666667
6,2011-12-30,1598080.52,1,46.8,3.129,221.1282634,6.551,2011,12,52,4,4,1497462.72,410553.88,575676.13,1188010.7575,823327.62
7,2011-12-30,815915.52,1,15.56,3.119,196.3586101,8.513,2011,12,52,4,4,1598080.52,972834.42,676290.46,1148781.0325,815582.8174999999
8,2011-12-30,858572.22,1,36.33,3.129,223.0576765,6.123,2011,12,52,4,4,815915.52,683665.37,1515175.01,1192507.745,781795.9891666666
9,2011-12-30,549788.36,1,43.41,3.129,223.2496766,6.054,2011,12,52,4,4,858572.22,1497462.72,1290532.97,955589.1549999999,789743.9958333332
10,2011-12-30,1930690.37,1,48.92,3.428,130.0710323,7.874,2011,12,52,4,4,549788.36,1598080.52,2587953.32,1038741.6174999999,908517.7058333334
11,2011-12-30,1352084.21,1,48.86,3.129,223.0090839,7.197,2011,12,52,4,4,1930690.37,815915.52,1863195.68,1172783.79,999198.2358333333
12,2011-12-30,1111638.07,1,44.64,3.428,130.0710323,12.89,2011,12,52,4,4,1352084.21,858572.22,3676388.98,1236050.2525,1019384.4391666666
13,2011-12-30,1969056.91,1,31.53,3.119,130.0710323,6.392,2011,12,52,4,4,1111638.07,549788.36,458562.24,1590867.39,1145861.8808333334
5,2011-12-30,349624.88,1,45.62,3.129,220.1178226,6.3,2011,12,52,4,4,1969056.91,1930690.37,2644633.02,1195601.0174999998,1140784.4641666666
14,2011-12-30,1914148.89,1,37.79,3.389,189.0620155,8.523,2011,12,52,4,4,349624.88,1352084.21,1059715.27,1336117.1875,1219227.3366666667
16,2011-12-30,665861.06,1,23.91,3.119,196.3586101,6.232,2011,12,52,4,4,1914148.89,1111638.07,1462254.05,1224672.9349999998,1217743.6441666668
17,2011-12-30,777207.3,1,26.73,3.119,130.0710323,6.617,2011,12,52,4,4,665861.06,1969056.91,905324.68,926710.5325,1157722.3591666666
18,2011-12-30,1010562.49,1,32.36,3.402,136.6432581,8.471,2011,12,52,4,4,777207.3,349624.88,3487986.89,1091944.935,1108762.5233333334
19,2011-12-30,1405168.06,1,31.65,3.566,136.6432581,7.866,2011,12,52,4,4,1010562.49,1914148.89,2213518.5,964699.7274999999,1157866.9016666666
20,2011-12-30,2043245.0,1,36.35,3.389,212.4035763,7.082,2011,12,52,4,4,1405168.06,665861.06,2270188.99,1309045.7125,1256589.6333333333
21,2011-12-30,804362.36,1,45.16,3.129,219.1773063,7.441,2011,12,52,4,4,2043245.0,777207.3,1617612.03,1315834.4775,1277804.1333333335
22,2011-12-30,982661.14,1,36.28,3.402,140.5874505,7.706,2011,12,52,4,4,804362.36,1010562.49,3369068.99,1308859.14,1198801.6975
23,2011-12-30,1213486.95,1,22.3,3.402,136.6432581,4.42,2011,12,52,4,4,982661.14,1405168.06,1182691.87,1260938.8624999998,1187251.9258333335
24,2011-12-30,1363973.16,1,33.45,3.566,136.6432581,8.454,2011,12,52,4,4,1213486.95,2043245.0,950691.96,1091120.9024999999,1208279.8499999999
15,2011-12-30,603460.79,1,31.44,3.566,136.6432581,7.866,2011,12,52,4,4,1363973.16,804362.36,1289156.9,1040895.5099999999,1094480.1733333333
2,2011-12-30,1874226.52,1,44.57,3.129,219.1773063,7.441,2011,12,52,4,4,603460.79,982661.14,1882393.4,1263786.855,1221530.3099999998
2,2012-01-06,1799520.14,0,46.75,3.157,219.355063,7.057,2012,1,1,1,4,1874226.52,1213486.95,2480159.47,1410295.1524999999,1211977.9141666668
45,2012-01-06,714081.05,0,35.88,3.422,189.1940558,8.424,2012,1,1,1,4,1799520.14,1363973.16,3555371.03,1247822.1249999998,1215996.2466666668
20,2012-01-06,1964701.94,0,33.42,3.422,212.5711125,6.961,2012,1,1,1,4,714081.05,603460.79,1384552.17,1588132.4124999996,1314954.1333333333
19,2012-01-06,1266570.4,0,31.84,3.585,136.698129,7.943,2012,1,1,1,4,1964701.94,1874226.52,3556766.03,1436218.3824999998,1336288.1258333332
18,2012-01-06,977286.07,0,31.27,3.439,136.698129,8.075,2012,1,1,1,4,1266570.4,1799520.14,376233.89,1230659.865,1300631.2933333332
17,2012-01-06,1198104.22,0,27.64,3.08,130.1575161,6.403,2012,1,1,1,4,977286.07,714081.05,1521957.99,1351665.6575,1230202.895
16,2012-01-06,564538.07,0,26.49,3.095,196.5458309,6.162,2012,1,1,1,4,1198104.22,1964701.94,3224369.8,1001624.6899999998,1210217.5374999999
15,2012-01-06,516087.65,0,30.24,3.585,136.698129,7.943,2012,1,1,1,4,564538.07,1266570.4,2007105.86,814004.0025,1171336.4133333333
14,2012-01-06,1859144.96,0,35.88,3.422,189.1940558,8.424,2012,1,1,1,4,516087.65,977286.07,1650604.6,1034468.7249999999,1225141.2474999998
13,2012-01-06,1865752.78,0,33.8,3.08,130.1575161,6.104,2012,1,1,1,4,1859144.96,1198104.22,1270036.53,1201380.8649999998,1266956.2158333333
21,2012-01-06,640181.86,0,48.1,3.157,219.355063,7.057,2012,1,1,1,4,1865752.78,564538.07,551743.05,1220291.8124999998,1270016.305
12,2012-01-06,945823.65,0,50.43,3.599,130.1575161,12.187,2012,1,1,1,4,640181.86,516087.65,376777.45,1327725.8125,1192649.3991666667
10,2012-01-06,1683401.78,0,59.85,3.443,130.1575161,7.545,2012,1,1,1,4,945823.65,1859144.96,1355405.95,1283790.0175,1182972.8691666666
9,2012-01-06,519585.67,0,47.54,3.157,223.4332408,5.667,2012,1,1,1,4,1683401.78,1865752.78,1102367.65,947248.2399999999,1166764.9208333332
8,2012-01-06,872113.23,0,43.47,3.157,223.2409668,5.825,2012,1,1,1,4,519585.67,640181.86,215359.21,1005231.0824999999,1075715.8616666666
7,2012-01-06,713117.66,0,18.67,3.095,196.5458309,8.256,2012,1,1,1,4,872113.23,945823.65,965512.36,947054.585,1029594.8000000002
6,2012-01-06,1395339.71,0,50.82,3.157,221.3088023,6.132,2012,1,1,1,4,713117.66,1683401.78,904650.55,875039.0674999999,1064432.6033333333
5,2012-01-06,312078.71,0,50.21,3.157,220.2969205,5.943,2012,1,1,1,4,1395339.71,519585.67,287425.22,823162.3274999999,990597.1441666667
4,2012-01-06,2047766.07,0,38.64,3.158,130.1575161,4.607,2012,1,1,1,4,312078.71,872113.23,342667.35,1117075.5374999999,1114199.4775
3,2012-01-06,398178.21,0,52.42,3.157,223.1923049,6.833,2012,1,1,1,4,2047766.07,713117.66,1537139.56,1038340.6749999999,1104373.6908333332
11,2012-01-06,1283885.55,0,54.44,3.157,223.1923049,6.833,2012,1,1,1,4,398178.21,1395339.71,908853.15,1010477.1349999999,1056435.4066666667
23,2012-01-06,1150662.55,0,24.29,3.439,136.698129,4.261,2012,1,1,1,4,1283885.55,312078.71,1264014.16,1220123.095,996844.5541666667
24,2012-01-06,1251581.89,0,32.86,3.585,136.698129,8.659,2012,1,1,1,4,1150662.55,2047766.07,454412.28,1021077.0499999998,1047794.5566666666
25,2012-01-06,636419.12,0,30.23,3.422,212.5711125,6.961,2012,1,1,1,4,1251581.89,398178.21,505405.85,1080637.2774999999,1022010.8458333332
44,2012-01-06,325327.93,0,33.8,3.08,130.1575161,5.774,2012,1,1,1,4,636419.12,1283885.55,263917.85,840997.8724999998,908838.025
43,2012-01-06,670993.01,0,47.59,3.157,211.2428134,9.653,2012,1,1,1,4,325327.93,1150662.55,869403.63,721080.4874999999,921455.3033333333
42,2012-01-06,636372.37,0,59.85,3.443,130.1575161,7.545,2012,1,1,1,4,670993.01,1251581.89,451327.61,567278.1074999999,901810.2316666666
41,2012-01-06,1208191.61,0,37.21,3.095,196.5458309,6.589,2012,1,1,1,4,636372.37,636419.12,410553.88,710221.2299999999,943066.3941666667
40,2012-01-06,954576.86,0,23.29,3.439,136.698129,4.261,2012,1,1,1,4,1208191.61,325327.93,972834.42,867533.4624999999,906336.1566666667
39,2012-01-06,1478537.93,0,55.83,3.157,218.4062876,7.244,2012,1,1,1,4,954576.86,670993.01,683665.37,1069419.6925,1003541.0916666667
38,2012-01-06,478483.2,0,50.43,3.599,130.1575161,12.187,2012,1,1,1,4,1478537.93,636372.37,1497462.72,1029947.3999999999,872767.5191666665
37,2012-01-06,558343.57,0,57.18,3.157,218.4062876,7.244,2012,1,1,1,4,478483.2,1208191.61,1598080.52,867485.3899999999,886114.6325
36,2012-01-06,329467.82,0,57.18,3.129,218.4062876,7.244,2012,1,1,1,4,558343.57,954576.86,815915.52,711208.1299999999,806579.8216666667
35,2012-01-06,671708.09,0,35.8,3.422,140.6461359,8.744,2012,1,1,1,4,329467.82,1478537.93,858572.22,509500.66999999987,766666.9500000001
34,2012-01-06,953844.85,0,36.39,3.158,130.1575161,9.653,2012,1,1,1,4,671708.09,478483.2,549788.36,628341.0824999999,741855.5299999999
33,2012-01-06,267058.08,0,60.92,3.443,130.1575161,7.603,2012,1,1,1,4,953844.85,558343.57,1930690.37,555519.7099999998,711075.4433333334
32,2012-01-06,1099937.25,0,36.75,3.095,196.5458309,8.256,2012,1,1,1,4,267058.08,329467.82,1352084.21,748137.0674999999,775626.2200000001
31,2012-01-06,1401232.52,0,48.1,3.157,219.355063,7.057,2012,1,1,1,4,1099937.25,671708.09,1111638.07,930518.1749999998,836479.5125000001
30,2012-01-06,457030.86,0,48.1,3.157,219.355063,7.057,2012,1,1,1,4,1401232.52,953844.85,1969056.91,806314.6774999999,821534.3866666666
29,2012-01-06,469773.85,0,34.61,3.439,136.698129,8.988,2012,1,1,1,4,457030.86,267058.08,349624.88,856993.6199999999,759999.5733333332
28,2012-01-06,1466046.07,0,50.43,3.599,130.1575161,12.187,2012,1,1,1,4,469773.85,1099937.25,1914148.89,948520.8249999998,802622.0075
27,2012-01-06,1535287.4,0,35.8,3.585,140.6461359,8.009,2012,1,1,1,4,1466046.07,1401232.52,665861.06,982034.5449999998,807351.13
26,2012-01-06,971557.62,0,22.94,3.439,136.698129,7.467,2012,1,1,1,4,1535287.4,457030.86,777207.3,1110666.2349999999,848440.665
1,2012-01-06,1550369.92,0,49.01,3.157,219.7142581,7.348,2012,1,1,1,4,971557.62,469773.85,1010562.49,1380815.2525,931109.5275
22,2012-01-06,895358.2,0,34.61,3.439,140.6461359,7.503,2012,1,1,1,4,1550369.92,1466046.07,1405168.06,1238143.285,978267.0591666666
2,2012-01-13,1744725.48,0,45.99,3.261,219.5328198,7.057,2012,1,2,1,4,895358.2,1535287.4,2043245.0,1290502.805,1067685.175
45,2012-01-13,676615.53,0,41.18,3.513,189.3260962,8.424,2012,1,2,1,4,1744725.48,971557.62,804362.36,1216767.2824999997,1044582.7316666668
26,2012-01-13,836305.65,0,25.55,3.523,136.753,7.467,2012,1,2,1,4,676615.53,1550369.92,982661.14,1038251.2149999999,1092020.0291666666
27,2012-01-13,1492399.13,0,41.3,3.666,140.7048214,8.009,2012,1,2,1,4,836305.65,895358.2,1213486.95,1187511.4474999998,1124725.1858333333
28,2012-01-13,1161190.29,0,48.07,3.657,130.244,12.187,2012,1,2,1,4,1492399.13,1744725.48,1363973.16,1041627.6499999999,1104721.6666666667
29,2012-01-13,444756.37,0,39.0,3.523,136.753,8.988,2012,1,2,1,4,1161190.29,676615.53,603460.79,983662.8599999999,1103698.7925
30,2012-01-13,447023.91,0,45.0,3.261,219.5328198,7.057,2012,1,2,1,4,444756.37,836305.65,1874226.52,886342.4249999998,1101802.9641666666
31,2012-01-13,1377485.12,0,45.0,3.261,219.5328198,7.057,2012,1,2,1,4,447023.91,1492399.13,1799520.14,857613.9224999999,1094422.885
32,2012-01-13,1071598.36,0,28.99,3.077,196.7330517,8.256,2012,1,2,1,4,1377485.12,1161190.29,714081.05,835215.94,1055782.1316666666
33,2012-01-13,279447.22,0,54.61,3.477,130.244,7.603,2012,1,2,1,4,1071598.36,444756.37,1964701.94,793888.6524999999,998106.265
35,2012-01-13,625135.11,0,41.3,3.513,140.7048214,8.744,2012,1,2,1,4,279447.22,447023.91,1266570.4,838416.4525,921003.3641666666
36,2012-01-13,325976.34,0,56.28,3.254,218.5823389,7.244,2012,1,2,1,4,625135.11,1377485.12,977286.07,575539.2575,873554.8758333335
37,2012-01-13,546221.4,0,56.28,3.261,218.5823389,7.244,2012,1,2,1,4,325976.34,1071598.36,1198104.22,444195.0174999999,773679.5358333333
38,2012-01-13,423260.82,0,48.07,3.657,130.244,12.187,2012,1,2,1,4,546221.4,279447.22,564538.07,480148.4174999999,752566.6433333332
39,2012-01-13,1369125.37,0,54.66,3.261,218.5823389,7.244,2012,1,2,1,4,423260.82,625135.11,516087.65,666145.9824999999,796968.2866666666
40,2012-01-13,780607.52,0,25.9,3.523,136.753,4.261,2012,1,2,1,4,1369125.37,325976.34,1859144.96,779803.7775,737652.3191666668
41,2012-01-13,1134767.28,0,27.49,3.077,196.7330517,6.589,2012,1,2,1,4,780607.52,546221.4,1865752.78,926940.2475,735450.4016666667
42,2012-01-13,664348.2,0,51.0,3.477,130.244,7.545,2012,1,2,1,4,1134767.28,423260.82,640181.86,987212.0924999999,753749.7208333333
43,2012-01-13,663529.64,0,43.68,3.261,211.4115714,9.653,2012,1,2,1,4,664348.2,1369125.37,945823.65,810813.1599999999,771791.8650000001
44,2012-01-13,312361.88,0,25.61,3.056,130.244,5.774,2012,1,2,1,4,663529.64,780607.52,1683401.78,693751.7499999999,683031.5950000001
1,2012-01-13,1459601.17,0,48.53,3.261,219.8925263,7.348,2012,1,2,1,4,312361.88,1134767.28,519585.67,774960.2224999999,715365.1625
25,2012-01-13,614764.31,0,34.6,3.513,212.7386486,6.961,2012,1,2,1,4,1459601.17,664348.2,872113.23,762564.2499999998,743308.2533333334
24,2012-01-13,1155594.2,0,36.5,3.666,136.753,8.659,2012,1,2,1,4,614764.31,663529.64,713117.66,885580.3899999999,787513.1775000001
34,2012-01-13,913755.12,0,33.99,3.263,130.244,9.653,2012,1,2,1,4,1155594.2,312361.88,1395339.71,1035928.7,836494.7425
22,2012-01-13,855437.57,0,39.0,3.523,140.7048214,7.503,2012,1,2,1,4,913755.12,1459601.17,312078.71,884887.7999999999,862262.7566666667
23,2012-01-13,1031451.35,0,28.49,3.523,136.753,4.261,2012,1,2,1,4,855437.57,614764.31,2047766.07,989059.5599999999,912945.3008333333
3,2012-01-13,367438.62,0,51.86,3.261,223.3755259,6.833,2012,1,2,1,4,1031451.35,1155594.2,398178.21,792020.6649999998,829471.4049999999
4,2012-01-13,1941676.61,0,34.41,3.263,130.244,4.607,2012,1,2,1,4,367438.62,913755.12,1283885.55,1049001.0374999999,926227.1625000001
5,2012-01-13,291454.52,0,48.86,3.261,220.4760185,5.943,2012,1,2,1,4,1941676.61,855437.57,1150662.55,908005.2749999999,855951.0991666666
6,2012-01-13,1344243.17,0,48.33,3.261,221.4893412,6.132,2012,1,2,1,4,291454.52,1031451.35,1251581.89,986203.2299999999,912609.0133333333
7,2012-01-13,593875.46,0,7.46,3.077,196.7330517,8.256,2012,1,2,1,4,1344243.17,367438.62,636419.12,1042812.44,906804.4983333334
9,2012-01-13,474964.6,0,42.44,3.261,223.6168049,5.667,2012,1,2,1,4,593875.46,1941676.61,325327.93,676134.4374999999,920354.7250000001
10,2012-01-13,1711562.73,0,51.0,3.477,130.244,7.545,2012,1,2,1,4,474964.6,291454.52,670993.01,1031161.4899999999,941351.5216666668
11,2012-01-13,1264736.59,0,53.1,3.261,223.3755259,6.833,2012,1,2,1,4,1711562.73,1344243.17,636372.37,1011284.845,995515.8783333334
12,2012-01-13,865467.86,0,48.07,3.657,130.244,12.187,2012,1,2,1,4,1264736.59,593875.46,1208191.61,1079182.9449999998,971338.6833333332
8,2012-01-13,817661.76,0,36.46,3.261,223.4242571,5.825,2012,1,2,1,4,865467.86,474964.6,954576.86,1164857.2349999999,963330.9033333333
21,2012-01-13,631181.25,0,45.0,3.261,219.5328198,7.057,2012,1,2,1,4,817661.76,1711562.73,1478537.93,894761.8649999999,944642.8766666666
14,2012-01-13,1696248.27,0,41.18,3.513,189.3260962,8.424,2012,1,2,1,4,631181.25,1264736.59,478483.2,1002639.7849999998,1000042.62
15,2012-01-13,454183.42,0,36.26,3.666,136.753,7.943,2012,1,2,1,4,1696248.27,865467.86,558343.57,899818.6749999998,1007271.3533333334
16,2012-01-13,508520.09,0,19.55,3.077,196.7330517,6.162,2012,1,2,1,4,454183.42,817661.76,329467.82,822533.2574999998,887841.6433333332
17,2012-01-13,873576.96,0,20.28,3.056,130.244,6.403,2012,1,2,1,4,508520.09,631181.25,671708.09,883132.1849999998,936351.8466666667
18,2012-01-13,890130.25,0,35.25,3.523,136.753,8.075,2012,1,2,1,4,873576.96,1696248.27,953844.85,681602.6799999999,898509.1033333334
19,2012-01-13,1182198.7,0,37.08,3.666,136.753,7.943,2012,1,2,1,4,890130.25,454183.42,267058.08,863606.4999999999,947536.0399999999
20,2012-01-13,1911510.64,0,37.79,3.513,212.7386486,6.961,2012,1,2,1,4,1182198.7,508520.09,1099937.25,1214354.1374999997,1067248.21
13,2012-01-13,1794962.64,0,25.61,3.056,130.244,6.104,2012,1,2,1,4,1911510.64,873576.96,1401232.52,1444700.5574999996,1074198.2025
13,2012-01-20,1811606.21,0,32.71,3.047,130.2792258,6.104,2012,1,3,1,4,1794962.64,890130.25,457030.86,1675069.5474999999,1119770.6708333332
14,2012-01-20,1789113.32,0,31.85,3.533,189.4214733,8.424,2012,1,3,1,4,1811606.21,1182198.7,469773.85,1826798.2025,1196741.1258333332
15,2012-01-20,492721.85,0,21.39,3.705,136.8564194,7.943,2012,1,3,1,4,1789113.32,1911510.64,1466046.07,1472101.005,1169662.8
16,2012-01-20,474389.75,0,29.3,3.055,196.7796652,6.162,2012,1,3,1,4,492721.85,1794962.64,1535287.4,1141957.7825,1156596.8416666666
20,2012-01-20,1892775.94,0,27.65,3.533,212.8336399,6.961,2012,1,3,1,4,474389.75,1811606.21,971557.62,1162250.2149999999,1172974.1475
18,2012-01-20,937522.77,0,24.2,3.542,136.8564194,8.075,2012,1,3,1,4,1892775.94,1789113.32,1550369.92,949352.5774999998,1213252.4266666668
19,2012-01-20,1237104.73,0,23.44,3.705,136.8564194,7.943,2012,1,3,1,4,937522.77,492721.85,895358.2,1135448.2974999999,1273967.8133333332
12,2012-01-20,855922.64,0,46.2,3.66,130.2792258,12.187,2012,1,3,1,4,1237104.73,474389.75,1744725.48,1230831.5199999998,1272496.6199999999
17,2012-01-20,809272.65,0,27.26,3.047,130.2792258,6.403,2012,1,3,1,4,855922.64,1892775.94,676615.53,959955.6974999999,1265758.4866666666
11,2012-01-20,1207303.29,0,56.43,3.268,223.4700552,6.833,2012,1,3,1,4,809272.65,937522.77,836305.65,1027400.8274999999,1267850.5358333334
1,2012-01-20,1394393.84,0,54.11,3.268,219.9856893,7.348,2012,1,3,1,4,1207303.29,1237104.73,1492399.13,1066723.105,1224757.4691666665
9,2012-01-20,480130.04,0,51.56,3.268,223.7114288,5.667,2012,1,3,1,4,1394393.84,855922.64,1161190.29,972774.9549999998,1115188.0858333332
8,2012-01-20,813954.82,0,46.81,3.268,223.5188055,5.825,2012,1,3,1,4,480130.04,809272.65,444756.37,973945.4974999998,1032050.4700000001
7,2012-01-20,578002.85,0,27.41,3.055,196.7796652,8.256,2012,1,3,1,4,813954.82,1207303.29,447023.91,816620.3874999998,931124.5975
6,2012-01-20,1326255.7,0,55.37,3.268,221.5831306,6.132,2012,1,3,1,4,578002.85,1394393.84,1377485.12,799585.8524999998,1000585.7516666666
5,2012-01-20,287523.98,0,54.65,3.268,220.5694104,5.943,2012,1,3,1,4,1326255.7,480130.04,1071598.36,751434.3374999999,985013.6041666666
4,2012-01-20,2005097.76,0,42.09,3.273,130.2792258,4.607,2012,1,3,1,4,287523.98,813954.82,279447.22,1049220.0724999998,994373.7558333334
3,2012-01-20,365818.61,0,56.2,3.268,223.4700552,6.833,2012,1,3,1,4,2005097.76,578002.85,625135.11,996174.0124999998,946731.7425
2,2012-01-20,1711769.11,0,51.7,3.268,219.6258417,7.057,2012,1,3,1,4,365818.61,1326255.7,325976.34,1092552.365,986287.1075
21,2012-01-20,651178.2,0,52.21,3.268,219.6258417,7.057,2012,1,3,1,4,1711769.11,287523.98,546221.4,1183465.92,969225.0708333333
10,2012-01-20,1675562.94,0,54.51,3.66,130.2792258,7.545,2012,1,3,1,4,651178.2,2005097.76,423260.82,1101082.215,1041415.9283333332
22,2012-01-20,897027.44,0,29.16,3.542,140.8086118,7.503,2012,1,3,1,4,1675562.94,365818.61,1369125.37,1233884.4224999999,1015559.6075
45,2012-01-20,700392.21,0,31.85,3.533,189.4214733,8.424,2012,1,3,1,4,897027.44,1711769.11,780607.52,981040.1975,957726.1383333333
24,2012-01-20,1151993.85,0,25.73,3.705,136.8564194,8.659,2012,1,3,1,4,700392.21,651178.2,1134767.28,1106244.1099999999,1013714.7891666666
44,2012-01-20,316948.39,0,32.71,3.047,130.2792258,5.774,2012,1,3,1,4,1151993.85,1675562.94,664348.2,766590.4725,972297.5866666666
43,2012-01-20,619225.65,0,52.72,3.268,211.4997811,9.653,2012,1,3,1,4,316948.39,897027.44,663529.64,697140.0250000001,975732.82
42,2012-01-20,579499.93,0,54.51,3.66,130.2792258,7.545,2012,1,3,1,4,619225.65,700392.21,312361.88,666916.9550000001,913503.1725
41,2012-01-20,1116295.24,0,31.56,3.055,196.7796652,6.589,2012,1,3,1,4,579499.93,1151993.85,1459601.17,657992.3025,982567.4441666667
40,2012-01-20,811365.42,0,14.02,3.542,136.8564194,4.261,2012,1,3,1,4,1116295.24,316948.39,614764.31,781596.5599999999,883089.7491666666
39,2012-01-20,1394841.03,0,58.04,3.268,218.6755292,7.244,2012,1,3,1,4,811365.42,619225.65,1155594.2,975500.405,968841.6175
38,2012-01-20,405215.91,0,46.2,3.66,130.2792258,12.187,2012,1,3,1,4,1394841.03,579499.93,913755.12,931929.4,859962.1841666666
37,2012-01-20,543894.07,0,58.9,3.268,218.6755292,7.244,2012,1,3,1,4,405215.91,1116295.24,855437.57,788829.1075,851021.84
36,2012-01-20,330927.21,0,58.9,3.275,218.6755292,7.244,2012,1,3,1,4,543894.07,811365.42,1031451.35,668719.555,738968.8625000002
23,2012-01-20,1146992.13,0,15.33,3.542,136.8564194,4.261,2012,1,3,1,4,330927.21,1394841.03,367438.62,606757.33,759799.2533333334
35,2012-01-20,669850.04,0,30.35,3.533,140.8086118,8.744,2012,1,3,1,4,1146992.13,405215.91,1941676.61,672915.8625,757254.0724999999
33,2012-01-20,244899.2,0,55.99,3.66,130.2792258,7.603,2012,1,3,1,4,669850.04,543894.07,291454.52,598167.1449999999,681662.8516666667
32,2012-01-20,1080012.04,0,36.86,3.055,196.7796652,8.256,2012,1,3,1,4,244899.2,330927.21,1344243.17,785438.3525,745251.4891666668
31,2012-01-20,1372504.9,0,52.21,3.268,219.6258417,7.057,2012,1,3,1,4,1080012.04,1146992.13,593875.46,841816.5449999999,808024.7599999999
30,2012-01-20,438760.62,0,52.21,3.268,219.6258417,7.057,2012,1,3,1,4,1372504.9,669850.04,474964.6,784044.19,796296.4841666667
29,2012-01-20,446863.31,0,29.16,3.542,136.8564194,8.988,2012,1,3,1,4,438760.62,244899.2,1711562.73,834535.2174999999,740510.4900000001
28,2012-01-20,1129540.48,0,46.2,3.66,130.2792258,12.187,2012,1,3,1,4,446863.31,1080012.04,1264736.59,846917.3275,767025.0783333333
27,2012-01-20,1542131.05,0,30.35,3.705,140.8086118,8.009,2012,1,3,1,4,1129540.48,1372504.9,865467.86,889323.865,779299.2466666666
26,2012-01-20,838751.5,0,15.22,3.542,136.8564194,7.467,2012,1,3,1,4,1542131.05,438760.62,817661.76,989321.585,815427.2124999999
25,2012-01-20,594744.89,0,23.87,3.533,212.8336399,6.961,2012,1,3,1,4,838751.5,446863.31,631181.25,1026291.98,819664.7808333333
34,2012-01-20,910899.05,0,39.28,3.273,130.2792258,9.653,2012,1,3,1,4,594744.89,1129540.48,1696248.27,971631.6225,867995.7675000001
44,2012-01-27,308295.38,0,34.32,3.058,130.3144516,5.774,2012,1,4,1,4,910899.05,1542131.05,454183.42,663172.7050000001,798104.3716666666
45,2012-01-27,624081.64,0,37.93,3.567,189.5168505,8.424,2012,1,4,1,4,308295.38,838751.5,508520.09,609505.24,794290.3383333334
2,2012-01-27,1660906.14,0,50.5,3.29,219.7188636,7.057,2012,1,4,1,4,624081.64,594744.89,873576.96,876045.5525,912290.9166666666
21,2012-01-27,611258.71,0,50.79,3.29,219.7188636,7.057,2012,1,4,1,4,1660906.14,910899.05,890130.25,801135.4675,873228.1391666667
20,2012-01-27,1761016.51,0,37.19,3.567,212.9286312,6.961,2012,1,4,1,4,611258.71,308295.38,1182198.7,1164315.75,905604.1066666666
19,2012-01-27,1279623.26,0,32.41,3.737,136.9598387,7.943,2012,1,4,1,4,1761016.51,624081.64,1911510.64,1328201.155,975675.9933333333
18,2012-01-27,825584.22,0,30.44,3.568,136.9598387,8.075,2012,1,4,1,4,1279623.26,1660906.14,1794962.64,1119370.675,1007236.0691666667
17,2012-01-27,769522.33,0,29.99,3.058,130.3144516,6.403,2012,1,4,1,4,825584.22,611258.71,1811606.21,1158936.58,977234.5566666666
16,2012-01-27,453979.19,0,28.17,3.038,196.8262786,6.162,2012,1,4,1,4,769522.33,1761016.51,1789113.32,832177.25,886555.235
15,2012-01-27,466045.63,0,30.87,3.737,136.9598387,7.943,2012,1,4,1,4,453979.19,1279623.26,492721.85,628782.8425,855496.4125000001
14,2012-01-27,1595362.27,0,37.93,3.567,189.5168505,8.424,2012,1,4,1,4,466045.63,825584.22,474389.75,821227.355,938881.1941666667
22,2012-01-27,786459.23,0,35.68,3.568,140.9124021,7.503,2012,1,4,1,4,1595362.27,769522.33,1892775.94,825461.58,928511.2091666666
13,2012-01-27,1733983.09,0,34.32,3.058,130.3144516,6.104,2012,1,4,1,4,786459.23,453979.19,937522.77,1145462.555,1047318.5183333334
11,2012-01-27,1162675.85,0,58.36,3.29,223.5645845,6.833,2012,1,4,1,4,1733983.09,466045.63,1237104.73,1319620.11,1092201.3691666666
10,2012-01-27,1632406.0,0,53.59,3.675,130.3144516,7.545,2012,1,4,1,4,1162675.85,1595362.27,855922.64,1328881.0425,1089826.3575
9,2012-01-27,482451.21,0,49.38,3.29,223.8060527,5.667,2012,1,4,1,4,1632406.0,786459.23,809272.65,1252879.0374999999,1079092.3991666667
8,2012-01-27,778178.53,0,45.52,3.29,223.6133539,5.825,2012,1,4,1,4,482451.21,1733983.09,1207303.29,1013927.8975,997189.2341666667
7,2012-01-27,541037.98,0,26.9,3.038,196.8262786,8.256,2012,1,4,1,4,778178.53,1162675.85,1394393.84,858518.43,935640.4608333334
6,2012-01-27,1315610.66,0,53.95,3.29,221.6769199,6.132,2012,1,4,1,4,541037.98,1632406.0,480130.04,779319.595,976475.9974999999
5,2012-01-27,295974.22,0,54.63,3.29,220.6628023,5.943,2012,1,4,1,4,1315610.66,482451.21,813954.82,732700.3474999999,937013.6549999999
4,2012-01-27,1928720.51,0,40.31,3.29,130.3144516,4.607,2012,1,4,1,4,295974.22,778178.53,578002.85,1020335.8424999999,1059908.765
12,2012-01-27,888203.69,0,50.43,3.675,130.3144516,12.187,2012,1,4,1,4,1928720.51,541037.98,1326255.7,1107127.27,1095088.6033333333
3,2012-01-27,349518.1,0,58.06,3.29,223.5645845,6.833,2012,1,4,1,4,888203.69,1315610.66,287523.98,865604.13,991268.2558333334
23,2012-01-27,1037476.38,0,25.71,3.568,136.9598387,4.261,2012,1,4,1,4,349518.1,295974.22,2005097.76,1050979.67,1012186.3516666666
25,2012-01-27,589554.29,0,32.24,3.567,212.9286312,6.961,2012,1,4,1,4,1037476.38,1928720.51,365818.61,716188.115,916817.285
43,2012-01-27,587685.38,0,52.1,3.29,211.5879908,9.653,2012,1,4,1,4,589554.29,888203.69,1711769.11,641058.5375,868901.4125
42,2012-01-27,538978.67,0,53.59,3.675,130.3144516,7.545,2012,1,4,1,4,587685.38,349518.1,651178.2,688423.6799999999,777782.4683333333
41,2012-01-27,1079398.81,0,33.15,3.038,196.8262786,6.589,2012,1,4,1,4,538978.67,1037476.38,1675562.94,698904.2875000001,827528.1016666666
40,2012-01-27,770157.29,0,22.91,3.568,136.9598387,4.261,2012,1,4,1,4,1079398.81,589554.29,897027.44,744055.0375000001,826859.665
39,2012-01-27,1320301.61,0,60.65,3.29,218.7687195,7.244,2012,1,4,1,4,770157.29,587685.38,700392.21,927209.0950000001,891798.3008333333
38,2012-01-27,412882.31,0,50.43,3.675,130.3144516,12.187,2012,1,4,1,4,1320301.61,538978.67,1151993.85,895685.005,816570.9383333334
37,2012-01-27,514116.58,0,62.73,3.29,218.7687195,7.244,2012,1,4,1,4,412882.31,1079398.81,316948.39,754364.4475,834749.4683333334
36,2012-01-27,301444.94,0,62.73,3.313,218.7687195,7.244,2012,1,4,1,4,514116.58,770157.29,619225.65,637186.36,699143.1708333334
24,2012-01-27,1057290.41,0,31.92,3.737,136.9598387,8.659,2012,1,4,1,4,301444.94,1320301.61,579499.93,571433.56,713233.7308333333
35,2012-01-27,588722.99,0,36.96,3.567,140.9124021,8.744,2012,1,4,1,4,1057290.41,412882.31,1116295.24,615393.73,733167.4716666667
33,2012-01-27,236920.49,0,56.33,3.675,130.3144516,7.603,2012,1,4,1,4,588722.99,514116.58,811365.42,546094.7075,666454.4808333333
32,2012-01-27,1051864.6,0,36.67,3.038,196.8262786,8.256,2012,1,4,1,4,236920.49,301444.94,1394841.03,733699.6225,704980.34
31,2012-01-27,1259941.48,0,50.79,3.29,219.7188636,7.057,2012,1,4,1,4,1051864.6,1057290.41,405215.91,784362.39,761001.6816666666
30,2012-01-27,433037.66,0,50.79,3.29,219.7188636,7.057,2012,1,4,1,4,1259941.48,588722.99,543894.07,745441.0575000001,752173.2641666667
29,2012-01-27,395987.24,0,35.68,3.568,136.9598387,8.988,2012,1,4,1,4,433037.66,236920.49,330927.21,785207.745,695222.3
28,2012-01-27,1132948.48,0,50.43,3.675,130.3144516,12.187,2012,1,4,1,4,395987.24,1051864.6,1146992.13,805478.715,725454.8991666668
27,2012-01-27,1263534.86,0,36.96,3.737,140.9124021,8.009,2012,1,4,1,4,1132948.48,1259941.48,669850.04,806377.06,720724.3366666666
26,2012-01-27,820059.89,0,24.16,3.568,136.9598387,7.467,2012,1,4,1,4,1263534.86,433037.66,244899.2,903132.6174999999,754655.8016666668
34,2012-01-27,872450.37,0,39.81,3.29,130.3144516,9.653,2012,1,4,1,4,820059.89,395987.24,1080012.04,1022248.4,784516.9508333333
1,2012-01-27,1319325.59,0,54.26,3.29,220.0788523,7.348,2012,1,4,1,4,872450.37,1132948.48,1372504.9,1068842.6775,869340.3383333334
4,2012-02-03,2173373.91,0,41.81,3.354,130.3496774,4.607,2012,2,5,1,4,1319325.59,1263534.86,438760.62,1296302.44,962347.2966666667
2,2012-02-03,1935299.94,0,55.21,3.36,219.8118854,7.057,2012,2,5,1,4,2173373.91,820059.89,446863.31,1575112.4525000001,1074562.0425000002
22,2012-02-03,958487.75,0,40.58,3.633,141.0161924,7.503,2012,2,5,1,4,1935299.94,872450.37,1129540.48,1596621.7974999999,1134692.6475
21,2012-02-03,680725.43,0,55.83,3.36,219.8118854,7.057,2012,2,5,1,4,958487.75,1319325.59,1542131.05,1436971.7575,1103764.3833333335
20,2012-02-03,2203523.2,0,39.93,3.617,213.0236225,6.961,2012,2,5,1,4,680725.43,2173373.91,838751.5,1444509.08,1182396.1933333334
19,2012-02-03,1345311.65,0,36.22,3.796,137.0632581,7.943,2012,2,5,1,4,2203523.2,1935299.94,594744.89,1297012.0075,1258419.0258333334
18,2012-02-03,1049772.04,0,37.62,3.633,137.0632581,8.075,2012,2,5,1,4,1345311.65,958487.75,910899.05,1319833.08,1312901.0925
17,2012-02-03,864852.85,0,26.26,3.077,130.3496774,6.403,2012,2,5,1,4,1049772.04,680725.43,308295.38,1365864.935,1290559.79
16,2012-02-03,475905.1,0,25.53,3.031,196.8728921,6.162,2012,2,5,1,4,864852.85,2203523.2,624081.64,933960.4099999999,1224923.9766666668
15,2012-02-03,523831.64,0,35.3,3.796,137.0632581,7.943,2012,2,5,1,4,475905.1,1345311.65,1660906.14,728590.4075,1200238.2891666668
23,2012-02-03,1261872.67,0,29.71,3.633,137.0632581,4.261,2012,2,5,1,4,523831.64,1049772.04,611258.71,781615.565,1232690.1475
14,2012-02-03,1877410.36,0,42.96,3.617,189.6122277,8.424,2012,2,5,1,4,1261872.67,864852.85,1761016.51,1034754.9424999999,1279197.2116666667
12,2012-02-03,1058767.95,0,50.58,3.702,130.3496774,12.187,2012,2,5,1,4,1877410.36,475905.1,1279623.26,1180470.655,1186313.3816666666
11,2012-02-03,1376732.18,0,60.24,3.36,223.6591137,6.833,2012,2,5,1,4,1058767.95,523831.64,825584.22,1393695.7899999998,1139766.0683333334
10,2012-02-03,1867403.01,0,56.85,3.543,130.3496774,7.545,2012,2,5,1,4,1376732.18,1261872.67,769522.33,1545078.375,1215509.0066666668
9,2012-02-03,549967.89,0,54.43,3.36,223.9006766,5.667,2012,2,5,1,4,1867403.01,1877410.36,453979.19,1213217.7575,1204612.545
8,2012-02-03,927610.69,0,45.56,3.36,223.7079023,5.825,2012,2,5,1,4,549967.89,1058767.95,466045.63,1180428.4425,1098286.5025
7,2012-02-03,580453.32,0,22.2,3.031,196.8728921,8.256,2012,2,5,1,4,927610.69,1376732.18,1595362.27,981358.7275,1034548.3083333332
6,2012-02-03,1496305.78,0,57.45,3.36,221.7707093,6.132,2012,2,5,1,4,580453.32,1867403.01,786459.23,888584.4199999999,1071759.4533333334
5,2012-02-03,333948.0,0,57.35,3.36,220.7561941,5.943,2012,2,5,1,4,1496305.78,549967.89,1733983.09,834579.4475,1027517.3825
13,2012-02-03,1927780.74,0,31.39,3.077,130.3496774,6.104,2012,2,5,1,4,333948.0,927610.69,1162675.85,1084621.96,1148507.0191666668
3,2012-02-03,424960.66,0,59.33,3.36,223.6591137,6.833,2012,2,5,1,4,1927780.74,580453.32,1632406.0,1045748.795,1140267.7708333333
24,2012-02-03,1249696.97,0,38.61,3.796,137.0632581,8.659,2012,2,5,1,4,424960.66,1496305.78,482451.21,984096.5925,1139253.1291666667
26,2012-02-03,939158.25,0,25.24,3.633,137.0632581,7.467,2012,2,5,1,4,1249696.97,333948.0,778178.53,1135399.155,1061065.4533333334
45,2012-02-03,757330.95,0,42.96,3.617,189.6122277,8.424,2012,2,5,1,4,939158.25,1927780.74,541037.98,842786.7075,1035945.7033333333
43,2012-02-03,629176.71,0,51.92,3.36,211.6762005,9.653,2012,2,5,1,4,757330.95,424960.66,1315610.66,893840.72,973649.4141666667
42,2012-02-03,588448.21,0,56.85,3.543,130.3496774,7.545,2012,2,5,1,4,629176.71,1249696.97,295974.22,728528.53,867069.8475
41,2012-02-03,1208825.6,0,31.65,3.031,196.8728921,6.589,2012,2,5,1,4,588448.21,939158.25,1928720.51,795945.3674999999,921974.6566666667
40,2012-02-03,979552.34,0,27.86,3.633,137.0632581,4.261,2012,2,5,1,4,1208825.6,757330.95,888203.69,851500.715,926303.1275000001
39,2012-02-03,1396150.15,0,60.69,3.36,218.8619099,7.244,2012,2,5,1,4,979552.34,629176.71,349518.1,1043244.0750000001,994277.8633333333
38,2012-02-03,457711.68,0,50.58,3.702,130.3496774,12.187,2012,2,5,1,4,1396150.15,588448.21,1037476.38,1010559.9425,907728.355
37,2012-02-03,555424.24,0,61.33,3.36,218.8619099,7.244,2012,2,5,1,4,457711.68,1208825.6,589554.29,847209.6024999999,926184.7083333334
25,2012-02-03,642776.4,0,34.98,3.617,213.0236225,6.961,2012,2,5,1,4,555424.24,979552.34,587685.38,763015.6174999999,819101.0133333333
36,2012-02-03,310982.87,0,61.33,3.421,218.8619099,7.244,2012,2,5,1,4,642776.4,1396150.15,538978.67,491723.7975,809602.8641666668
34,2012-02-03,939367.14,0,38.64,3.354,130.3496774,9.653,2012,2,5,1,4,310982.87,457711.68,1079398.81,612137.6625,783742.0449999999
33,2012-02-03,256091.32,0,59.53,3.543,130.3496774,7.603,2012,2,5,1,4,939367.14,555424.24,770157.29,537304.4325,726819.8008333333
32,2012-02-03,1156826.31,0,35.89,3.031,196.8728921,8.256,2012,2,5,1,4,256091.32,642776.4,1320301.61,665816.91,760111.0808333332
31,2012-02-03,1391479.91,0,55.83,3.36,219.8118854,7.057,2012,2,5,1,4,1156826.31,310982.87,412882.31,935941.1699999999,823636.3475
30,2012-02-03,434080.74,0,55.83,3.36,219.8118854,7.057,2012,2,5,1,4,1391479.91,939367.14,514116.58,809619.57,810772.3916666666
29,2012-02-03,493159.35,0,40.58,3.633,137.0632581,8.988,2012,2,5,1,4,434080.74,256091.32,301444.94,868886.5775,751133.5375
28,2012-02-03,1531599.44,0,50.58,3.702,130.3496774,12.187,2012,2,5,1,4,493159.35,1156826.31,1057290.41,962579.86,797137.4625
27,2012-02-03,1564246.02,0,42.52,3.796,141.0161924,8.009,2012,2,5,1,4,1531599.44,1391479.91,588722.99,1005771.3875000001,811145.4516666667
35,2012-02-03,746901.03,0,42.52,3.617,141.0161924,8.744,2012,2,5,1,4,1564246.02,434080.74,236920.49,1083976.46,835244.5641666666
1,2012-02-03,1636339.65,0,56.55,3.36,220.1720153,7.348,2012,2,5,1,4,746901.03,493159.35,1051864.6,1369771.535,925320.8483333333
44,2012-02-03,325986.05,0,31.39,3.077,130.3496774,5.774,2012,2,5,1,4,1636339.65,1531599.44,1259941.48,1068368.1875,898921.6525
45,2012-02-10,803657.12,1,37.0,3.64,189.7076048,8.424,2012,2,6,1,4,325986.05,1564246.02,433037.66,878220.9624999999,939977.84
21,2012-02-10,770652.79,1,46.52,3.409,219.9049073,7.057,2012,2,6,1,4,803657.12,746901.03,395987.24,884158.9024999999,925918.3108333334
20,2012-02-10,2462978.28,1,33.47,3.64,213.1186138,6.961,2012,2,6,1,4,770652.79,1636339.65,1132948.48,1090818.56,1109825.5574999999
19,2012-02-10,1499496.67,1,32.61,3.826,137.1666774,7.943,2012,2,6,1,4,2462978.28,325986.05,1263534.86,1384196.215,1138381.4208333332
18,2012-02-10,1161615.51,1,32.83,3.655,137.1666774,8.075,2012,2,6,1,4,1499496.67,803657.12,820059.89,1473685.8125,1119226.0541666667
17,2012-02-10,880165.7,1,23.63,3.116,130.3849032,6.403,2012,2,6,1,4,1161615.51,770652.79,872450.37,1501064.04,1156399.8008333333
16,2012-02-10,473766.97,1,23.69,3.103,196.9195056,6.162,2012,2,6,1,4,880165.7,2462978.28,1319325.59,1003761.2125000001,1154783.7691666668
15,2012-02-10,628218.22,1,31.91,3.826,137.1666774,7.943,2012,2,6,1,4,473766.97,1499496.67,2173373.91,785941.6000000001,1079502.0008333332
14,2012-02-10,2077256.24,1,37.0,3.64,189.7076048,8.424,2012,2,6,1,4,628218.22,1161615.51,1935299.94,1014851.7825000001,1122252.8525
22,2012-02-10,1034448.07,1,35.68,3.655,141.1199827,7.503,2012,2,6,1,4,2077256.24,880165.7,958487.75,1053422.3750000002,1146215.1058333332
13,2012-02-10,2069284.57,1,33.73,3.116,130.3849032,6.104,2012,2,6,1,4,1034448.07,473766.97,680725.43,1452301.7750000001,1182293.8491666666
11,2012-02-10,1574287.76,1,52.23,3.409,223.753643,6.833,2012,2,6,1,4,2069284.57,628218.22,2203523.2,1688819.1600000001,1286318.9916666665
10,2012-02-10,2218595.8,1,55.73,3.722,130.3849032,7.545,2012,2,6,1,4,1574287.76,2077256.24,1345311.65,1724154.05,1404230.548333333
9,2012-02-10,609736.12,1,44.03,3.409,223.9953006,5.667,2012,2,6,1,4,2218595.8,1034448.07,1049772.04,1617976.0625,1390820.8258333332
8,2012-02-10,1021400.42,1,35.71,3.409,223.8024507,5.825,2012,2,6,1,4,609736.12,2069284.57,864852.85,1356005.025,1270689.3375000001
7,2012-02-10,563460.77,1,18.79,3.103,196.9195056,8.256,2012,2,6,1,4,1021400.42,1574287.76,475905.1,1103298.2774999999,1192686.3458333334
6,2012-02-10,1620603.92,1,48.58,3.409,221.8644987,6.132,2012,2,6,1,4,563460.77,2218595.8,523831.64,953800.3075,1230935.3800000001
5,2012-02-10,349239.88,1,48.57,3.409,220.849586,5.943,2012,2,6,1,4,1620603.92,609736.12,1261872.67,888676.2474999999,1186691.5616666665
4,2012-02-10,2374660.64,1,33.0,3.411,130.3849032,4.607,2012,2,6,1,4,349239.88,1021400.42,1877410.36,1226991.3025,1345099.3675
12,2012-02-10,1199330.85,1,52.27,3.722,130.3849032,12.187,2012,2,6,1,4,2374660.64,563460.77,1058767.95,1385958.8224999998,1392692.0866666667
23,2012-02-10,1358444.07,1,26.6,3.655,137.1666774,4.261,2012,2,6,1,4,1199330.85,1620603.92,1376732.18,1320418.86,1332791.0725
24,2012-02-10,1403460.87,1,33.82,3.826,137.1666774,8.659,2012,2,6,1,4,1358444.07,349239.88,1867403.01,1583974.1075000002,1363542.139166667
25,2012-02-10,658984.38,1,32.47,3.64,213.1186138,6.961,2012,2,6,1,4,1403460.87,2374660.64,549967.89,1155055.0425,1246017.1233333333
1,2012-02-10,1802477.43,1,48.02,3.409,220.2651783,7.348,2012,2,6,1,4,658984.38,1199330.85,927610.69,1305841.6875,1265032.9291666667
44,2012-02-10,325377.97,1,33.73,3.116,130.3849032,5.774,2012,2,6,1,4,1802477.43,1358444.07,580453.32,1047575.1624999999,1107264.7766666666
42,2012-02-10,674919.45,1,55.73,3.722,130.3849032,7.545,2012,2,6,1,4,325377.97,1403460.87,1496305.78,865439.8074999999,1112696.7208333334
41,2012-02-10,1238844.56,1,22.0,3.103,196.9195056,6.589,2012,2,6,1,4,674919.45,658984.38,333948.0,1010404.8524999999,1130817.0658333334
40,2012-02-10,999785.48,1,23.92,3.655,137.1666774,4.261,2012,2,6,1,4,1238844.56,1802477.43,1927780.74,809731.865,1167177.4583333333
39,2012-02-10,1442988.44,1,52.89,3.409,218.9551002,7.244,2012,2,6,1,4,999785.48,325377.97,424960.66,1089134.4825,1152376.1683333332
38,2012-02-10,469787.38,1,52.27,3.722,130.3849032,12.187,2012,2,6,1,4,1442988.44,674919.45,1249696.97,1037851.465,1162421.7933333335
37,2012-02-10,527041.46,1,54.49,3.409,218.9551002,7.244,2012,2,6,1,4,469787.38,1238844.56,939158.25,859900.69,1008453.5283333333
36,2012-02-10,335741.9,1,54.49,3.462,218.9551002,7.244,2012,2,6,1,4,527041.46,999785.48,757330.95,693889.7949999999,936487.7825000001
35,2012-02-10,849779.14,1,37.86,3.64,141.1199827,8.744,2012,2,6,1,4,335741.9,1442988.44,629176.71,545587.47,894099.0383333334
34,2012-02-10,1047658.09,1,36.7,3.411,130.3849032,9.653,2012,2,6,1,4,849779.14,469787.38,588448.21,690055.1475,864448.8066666666
33,2012-02-10,282552.58,1,59.94,3.722,130.3849032,7.603,2012,2,6,1,4,1047658.09,527041.46,1208825.6,628932.9275,833079.4900000001
32,2012-02-10,1129422.86,1,23.34,3.103,196.9195056,8.256,2012,2,6,1,4,282552.58,335741.9,979552.34,827353.1675,776991.6091666667
31,2012-02-10,1527688.58,1,46.52,3.409,219.9049073,7.057,2012,2,6,1,4,1129422.86,849779.14,1396150.15,996830.5275000001,877184.16
30,2012-02-10,451365.99,1,46.52,3.409,219.9049073,7.057,2012,2,6,1,4,1527688.58,1047658.09,457711.68,847757.5025000002,858554.7050000001
29,2012-02-10,545840.05,1,35.68,3.655,137.1666774,8.988,2012,2,6,1,4,451365.99,282552.58,555424.24,913579.3700000001,800804.3291666666
28,2012-02-10,1572966.15,1,52.27,3.722,130.3849032,12.187,2012,2,6,1,4,545840.05,1129422.86,642776.4,1024465.1925,848569.3849999999
27,2012-02-10,1651605.35,1,37.86,3.826,141.1199827,8.009,2012,2,6,1,4,1572966.15,1527688.58,310982.87,1055444.385,865954.1275000001
26,2012-02-10,1081005.64,1,23.89,3.655,137.1666774,7.467,2012,2,6,1,4,1651605.35,451365.99,939367.14,1212854.2974999999,916888.9824999999
3,2012-02-10,473292.47,1,51.65,3.409,223.753643,6.833,2012,2,6,1,4,1081005.64,545840.05,256091.32,1194717.4024999999,912409.9
2,2012-02-10,2103322.68,1,46.98,3.409,219.9049073,7.057,2012,2,6,1,4,473292.47,1572966.15,1156826.31,1327306.5350000001,1059708.2983333333
43,2012-02-10,662198.65,1,46.54,3.409,211.7644101,9.653,2012,2,6,1,4,2103322.68,1651605.35,1391479.91,1079954.86,1044076.5908333333
1,2012-02-17,1819870.0,0,45.32,3.51,220.4257586,7.348,2012,2,7,1,4,662198.65,1081005.64,434080.74,1264670.9500000002,1108427.5833333333
25,2012-02-17,654088.02,0,32.23,3.695,213.2732106,6.961,2012,2,7,1,4,1819870.0,473292.47,493159.35,1309869.8375,1139388.8699999999
26,2012-02-17,965788.76,0,23.9,3.703,137.2583103,7.467,2012,2,7,1,4,654088.02,2103322.68,1531599.44,1025486.3574999999,1125752.695
27,2012-02-17,1606221.56,0,37.24,3.874,141.2140357,8.009,2012,2,7,1,4,965788.76,662198.65,1564246.02,1261492.085,1132297.11
28,2012-02-17,1501503.68,0,51.8,3.781,130.4546207,12.187,2012,2,7,1,4,1606221.56,1819870.0,746901.03,1181900.505,1219808.5841666667
29,2012-02-17,559606.91,0,36.25,3.703,137.2583103,8.988,2012,2,7,1,4,1501503.68,654088.02,1636339.65,1158280.2275,1220955.8225
30,2012-02-17,435109.11,0,45.03,3.51,220.0651993,7.057,2012,2,7,1,4,559606.91,965788.76,325986.05,1025610.3150000001,1126134.4025
31,2012-02-17,1570813.52,0,45.03,3.51,220.0651993,7.057,2012,2,7,1,4,435109.11,1606221.56,803657.12,1016758.305,1119401.75
32,2012-02-17,1243812.59,0,24.26,3.113,196.9432711,8.256,2012,2,7,1,4,1570813.52,1501503.68,770652.79,952335.5325,1132968.9958333333
33,2012-02-17,266300.98,0,57.8,3.781,130.4546207,7.603,2012,2,7,1,4,1243812.59,559606.91,2462978.28,879009.05,1115719.7049999998
24,2012-02-17,1326370.08,0,33.92,3.874,137.2583103,8.659,2012,2,7,1,4,266300.98,435109.11,1499496.67,1101824.2925,1050973.655
34,2012-02-17,1123446.51,0,37.25,3.493,130.4546207,9.653,2012,2,7,1,4,1326370.08,1570813.52,1161615.51,989982.54,1089410.9766666666
36,2012-02-17,326316.73,0,54.38,3.503,219.1148297,7.244,2012,2,7,1,4,1123446.51,1243812.59,880165.7,760608.5750000001,964948.2041666666
37,2012-02-17,541071.29,0,54.38,3.51,219.1148297,7.244,2012,2,7,1,4,326316.73,266300.98,473766.97,829301.1525000001,955530.1433333334
38,2012-02-17,415513.97,0,51.8,3.781,130.4546207,12.187,2012,2,7,1,4,541071.29,1326370.08,628218.22,601587.125,909673.9108333333
39,2012-02-17,1511041.69,0,52.75,3.51,219.1148297,7.244,2012,2,7,1,4,415513.97,1123446.51,2077256.24,698485.9199999999,901742.255
40,2012-02-17,975500.87,0,25.56,3.703,137.2583103,4.261,2012,2,7,1,4,1511041.69,326316.73,1034448.07,860781.955,857908.6875
41,2012-02-17,1330451.46,0,22.52,3.113,196.9432711,6.589,2012,2,7,1,4,975500.87,541071.29,2069284.57,1058126.9975,922145.7333333334
42,2012-02-17,606671.5,0,54.12,3.781,130.4546207,7.545,2012,2,7,1,4,1330451.46,415513.97,1574287.76,1105916.38,936442.5991666667
44,2012-02-17,320691.21,0,36.57,3.119,130.4546207,5.774,2012,2,7,1,4,606671.5,1511041.69,2218595.8,808328.7599999999,832265.7400000001
2,2012-02-17,2196688.46,0,43.82,3.51,220.0651993,7.057,2012,2,7,1,4,320691.21,975500.87,609736.12,1113625.6575,911672.0625
35,2012-02-17,824568.39,0,37.24,3.695,141.2140357,8.744,2012,2,7,1,4,2196688.46,1330451.46,1021400.42,987154.89,958194.3466666667
23,2012-02-17,1365546.69,0,27.01,3.703,137.2583103,4.261,2012,2,7,1,4,824568.39,606671.5,563460.77,1176873.6875,961459.0641666666
43,2012-02-17,660632.05,0,49.38,3.51,211.916835,9.653,2012,2,7,1,4,1365546.69,320691.21,1620603.92,1261858.8975,922891.1924999999
21,2012-02-17,834663.52,0,45.03,3.51,220.0651993,7.057,2012,2,7,1,4,660632.05,2196688.46,349239.88,921352.6625000001,965253.4249999999
22,2012-02-17,1004749.41,0,36.25,3.703,141.2140357,7.503,2012,2,7,1,4,834663.52,824568.39,2374660.64,966397.9175,1003893.2683333332
3,2012-02-17,475591.08,0,52.39,3.51,223.9170153,6.833,2012,2,7,1,4,1004749.41,1365546.69,1199330.85,743909.015,1008899.6941666667
4,2012-02-17,2427640.17,0,34.19,3.493,130.4546207,4.607,2012,2,7,1,4,475591.08,660632.05,1358444.07,1185661.045,1085282.9008333331
5,2012-02-17,356427.98,0,48.25,3.51,221.0106341,5.943,2012,2,7,1,4,2427640.17,834663.52,1403460.87,1066102.1600000001,1033693.4933333333
6,2012-02-17,1632616.09,0,49.03,3.51,222.026359,6.132,2012,2,7,1,4,356427.98,1004749.41,658984.38,1223068.83,1058873.8791666667
7,2012-02-17,620908.18,0,27.03,3.113,196.9432711,8.256,2012,2,7,1,4,1632616.09,475591.08,1802477.43,1259398.105,1060060.2691666668
8,2012-02-17,1096232.89,0,37.51,3.51,223.9658621,5.825,2012,2,7,1,4,620908.18,2427640.17,325377.97,926546.285,1124688.7425
9,2012-02-17,658965.05,0,43.81,3.51,224.1588663,5.667,2012,2,7,1,4,1096232.89,356427.98,674919.45,1002180.5525,996545.125
10,2012-02-17,2168709.76,0,54.12,3.781,130.4546207,7.545,2012,2,7,1,4,658965.05,1632616.09,1238844.56,1136203.97,1108556.9058333335
45,2012-02-17,858853.75,0,36.85,3.695,189.8424834,8.424,2012,2,7,1,4,2168709.76,620908.18,999785.48,1195690.3624999998,1066332.4941666666
12,2012-02-17,1240048.85,0,51.8,3.781,130.4546207,12.187,2012,2,7,1,4,858853.75,1096232.89,1442988.44,1231644.3525,1114617.2275
13,2012-02-17,2214477.06,0,36.57,3.119,130.4546207,6.104,2012,2,7,1,4,1240048.85,658965.05,469787.38,1620522.355,1229601.6891666667
14,2012-02-17,2020550.99,0,36.85,3.695,189.8424834,8.424,2012,2,7,1,4,2214477.06,2168709.76,527041.46,1583482.6625,1314251.8208333333
15,2012-02-17,598502.83,0,30.26,3.874,137.2583103,7.943,2012,2,7,1,4,2020550.99,858853.75,335741.9,1518394.9325,1324494.4666666666
16,2012-02-17,494069.49,0,31.19,3.113,196.9432711,6.162,2012,2,7,1,4,598502.83,1240048.85,849779.14,1331900.0925,1163363.5766666667
17,2012-02-17,927084.65,0,30.76,3.119,130.4546207,6.403,2012,2,7,1,4,494069.49,2214477.06,1047658.09,1010051.99,1210918.2991666666
18,2012-02-17,1115985.81,0,32.87,3.703,137.2583103,8.075,2012,2,7,1,4,927084.65,2020550.99,282552.58,783910.6950000001,1167865.7758333334
19,2012-02-17,1424720.27,0,30.95,3.874,137.2583103,7.943,2012,2,7,1,4,1115985.81,598502.83,1129422.86,990465.0549999999,1234850.1166666667
20,2012-02-17,2309025.16,0,31.11,3.695,213.2732106,6.961,2012,2,7,1,4,1424720.27,494069.49,1527688.58,1444203.9725000001,1335916.1391666667
11,2012-02-17,1569607.94,0,52.77,3.51,223.9170153,6.833,2012,2,7,1,4,2309025.16,927084.65,451365.99,1604834.795,1411803.0466666666
13,2012-02-24,1929768.03,0,35.38,3.145,130.5502069,6.104,2012,2,8,1,4,1569607.94,1115985.81,545840.05,1808280.35,1391891.2358333336
14,2012-02-24,1875040.16,0,42.86,3.739,190.0069881,8.424,2012,2,8,1,4,1929768.03,1424720.27,1572966.15,1920860.3224999998,1476573.4366666668
18,2012-02-24,1037861.11,0,36.34,3.751,137.3411034,8.075,2012,2,8,1,4,1875040.16,2309025.16,1651605.35,1603069.3099999998,1459724.4583333333
16,2012-02-24,495720.3,0,26.21,3.129,196.9499007,6.162,2012,2,8,1,4,1037861.11,1569607.94,1081005.64,1334597.3999999997,1316494.7283333333
17,2012-02-24,843864.43,0,30.01,3.145,130.5502069,6.403,2012,2,8,1,4,495720.3,1929768.03,473292.47,1063121.5,1218437.5150000001
12,2012-02-24,1112034.72,0,53.13,3.95,130.5502069,12.187,2012,2,8,1,4,843864.43,1875040.16,2103322.68,872370.1399999999,1261231.8391666666
15,2012-02-24,561137.06,0,33.18,3.917,137.3411034,7.943,2012,2,8,1,4,1112034.72,1037861.11,662198.65,753189.1275,1266820.8033333335
11,2012-02-24,1379473.03,0,61.11,3.555,224.1320199,6.833,2012,2,8,1,4,561137.06,495720.3,1819870.0,974127.3099999998,1304519.835
7,2012-02-24,603041.14,0,24.41,3.129,196.9499007,8.256,2012,2,8,1,4,1379473.03,843864.43,654088.02,913921.4874999999,1261774.4458333333
9,2012-02-24,563578.79,0,53.67,3.555,224.3741384,5.667,2012,2,8,1,4,603041.14,1112034.72,965788.76,776807.5049999999,1190012.6558333335
8,2012-02-24,928537.54,0,46.33,3.555,224.1809207,5.825,2012,2,8,1,4,563578.79,561137.06,1606221.56,868657.6249999999,1074972.0208333333
19,2012-02-24,1352470.09,0,33.91,3.917,137.3411034,7.943,2012,2,8,1,4,928537.54,1379473.03,1501503.68,861906.8899999999,1056877.2
6,2012-02-24,1465187.71,0,59.17,3.555,222.2392726,6.132,2012,2,8,1,4,1352470.09,603041.14,559606.91,1077443.5325,1018162.1733333333
5,2012-02-24,312220.47,0,57.75,3.555,221.2224243,5.943,2012,2,8,1,4,1465187.71,563578.79,435109.11,1014603.9524999999,887927.1991666667
4,2012-02-24,2226662.17,0,41.31,3.541,130.5502069,4.607,2012,2,8,1,4,312220.47,928537.54,1570813.52,1339135.1099999999,986993.9541666666
3,2012-02-24,418925.47,0,60.12,3.555,224.1320199,6.833,2012,2,8,1,4,2226662.17,1352470.09,1243812.59,1105748.9549999998,980594.3850000001
2,2012-02-24,1861802.7,0,54.63,3.555,220.275944,7.057,2012,2,8,1,4,418925.47,1465187.71,266300.98,1204902.7025,1065422.5741666667
1,2012-02-24,1539387.83,0,57.25,3.555,220.636902,7.348,2012,2,8,1,4,1861802.7,312220.47,1326370.08,1511694.5425,1101035.3333333333
10,2012-02-24,2039415.74,0,56.02,3.95,130.5502069,7.545,2012,2,8,1,4,1539387.83,2226662.17,1123446.51,1464882.935,1224225.2233333334
42,2012-02-24,564304.15,0,56.02,3.95,130.5502069,7.545,2012,2,8,1,4,2039415.74,418925.47,326316.73,1501227.605,1156294.4833333334
24,2012-02-24,1303233.15,0,37.35,3.917,137.3411034,8.659,2012,2,8,1,4,564304.15,1861802.7,541071.29,1361585.2175,1214643.8175000001
21,2012-02-24,747099.07,0,54.81,3.555,220.275944,7.057,2012,2,8,1,4,1303233.15,1539387.83,415513.97,1163513.0275,1229937.1741666666
45,2012-02-24,753060.78,0,42.86,3.739,190.0069881,8.424,2012,2,8,1,4,747099.07,2039415.74,1511041.69,841924.2875,1215314.1108333333
40,2012-02-24,919301.81,0,29.88,3.751,137.3411034,4.261,2012,2,8,1,4,753060.78,564304.15,975500.87,930673.7025,1179216.7541666667
41,2012-02-24,1224915.66,0,27.89,3.129,196.9499007,6.589,2012,2,8,1,4,919301.81,1303233.15,1330451.46,911094.33,1159194.0833333333
39,2012-02-24,1412065.04,0,61.1,3.555,219.3244636,7.244,2012,2,8,1,4,1224915.66,747099.07,606671.5,1077335.8225,1250847.7975
38,2012-02-24,409411.61,0,53.13,3.95,130.5502069,12.187,2012,2,8,1,4,1412065.04,753060.78,320691.21,991423.5299999999,1099410.2508333332
37,2012-02-24,518696.89,0,62.21,3.555,219.3244636,7.244,2012,2,8,1,4,409411.61,919301.81,2196688.46,891272.2999999999,1107724.5358333334
36,2012-02-24,313270.45,0,62.21,3.55,219.3244636,7.244,2012,2,8,1,4,518696.89,1224915.66,824568.39,663360.9975,978680.1816666668
35,2012-02-24,805028.74,0,41.74,3.739,141.3007857,8.744,2012,2,8,1,4,313270.45,1412065.04,1365546.69,511601.9225,917483.5908333333
34,2012-02-24,950154.24,0,39.89,3.541,130.5502069,9.653,2012,2,8,1,4,805028.74,409411.61,660632.05,646787.5800000001,826711.7991666667
33,2012-02-24,242526.7,0,59.41,3.95,130.5502069,7.603,2012,2,8,1,4,950154.24,518696.89,834663.52,577745.0325,799897.0116666667
32,2012-02-24,1091822.72,0,33.41,3.129,196.9499007,8.256,2012,2,8,1,4,242526.7,313270.45,1004749.41,772383.1,782279.4758333332
31,2012-02-24,1392543.37,0,54.81,3.555,220.275944,7.057,2012,2,8,1,4,1091822.72,805028.74,475591.08,919261.7575000001,836066.5008333334
29,2012-02-24,488782.63,0,39.0,3.751,137.3411034,8.988,2012,2,8,1,4,1392543.37,950154.24,2427640.17,803918.855,814043.3216666667
28,2012-02-24,1323487.91,0,53.13,3.95,130.5502069,12.187,2012,2,8,1,4,488782.63,242526.7,356427.98,1074159.1575,847725.4966666666
27,2012-02-24,1648602.39,0,41.74,3.917,141.3007857,8.009,2012,2,8,1,4,1323487.91,1091822.72,1632616.09,1213354.075,883032.7241666666
26,2012-02-24,917924.47,0,28.06,3.751,137.3411034,7.467,2012,2,8,1,4,1648602.39,1392543.37,620908.18,1094699.35,841854.3433333334
25,2012-02-24,613501.05,0,35.51,3.739,213.4725116,6.961,2012,2,8,1,4,917924.47,488782.63,1096232.89,1125878.955,858861.7966666665
23,2012-02-24,1272948.27,0,31.12,3.751,137.3411034,4.261,2012,2,8,1,4,613501.05,1323487.91,658965.05,1113244.045,921716.0783333333
22,2012-02-24,912958.95,0,39.0,3.751,141.3007857,7.503,2012,2,8,1,4,1272948.27,1648602.39,2168709.76,929333.185,971690.12
20,2012-02-24,2045837.55,0,39.79,3.739,213.4725116,6.961,2012,2,8,1,4,912958.95,917924.47,858853.75,1211311.455,1075090.8541666665
30,2012-02-24,425215.71,0,54.81,3.555,220.275944,7.057,2012,2,8,1,4,2045837.55,613501.05,1240048.85,1164240.12,1031345.9766666667
44,2012-02-24,315641.8,0,35.38,3.145,130.5502069,5.774,2012,2,8,1,4,425215.71,1272948.27,2214477.06,924913.5025,1037438.9016666667
43,2012-02-24,613042.97,0,53.53,3.555,212.1174212,9.653,2012,2,8,1,4,315641.8,912958.95,2020550.99,849934.5075000001,997540.5891666667
2,2012-03-02,1952555.66,0,58.79,3.63,220.4866886,7.057,2012,3,9,1,4,613042.97,2045837.55,598502.83,826614.0349999999,1044208.2799999999
28,2012-03-02,1451740.57,0,52.27,4.178,130.6457931,12.187,2012,3,9,1,4,1952555.66,425215.71,494069.49,1083245.25,1124454.7750000001
29,2012-03-02,500801.72,0,37.47,3.827,137.4238966,8.988,2012,3,9,1,4,1451740.57,315641.8,927084.65,1129535.23,1055897.5925
30,2012-03-02,438640.61,0,59.3,3.63,220.4866886,7.057,2012,3,9,1,4,500801.72,613042.97,1115985.81,1085934.64,955067.4441666667
31,2012-03-02,1427881.22,0,59.3,3.63,220.4866886,7.057,2012,3,9,1,4,438640.61,1952555.66,1424720.27,954766.0299999999,997563.8399999999
32,2012-03-02,1153332.89,0,33.4,3.191,196.9565303,8.256,2012,3,9,1,4,1427881.22,1451740.57,2309025.16,880164.1099999999,1042549.8266666667
33,2012-03-02,248051.53,0,60.91,3.882,130.6457931,7.603,2012,3,9,1,4,1153332.89,500801.72,1569607.94,816976.5625,957141.765
34,2012-03-02,990263.7,0,42.74,3.619,130.6457931,9.653,2012,3,9,1,4,248051.53,438640.61,1929768.03,954882.335,963583.8275
35,2012-03-02,766571.1,0,40.07,3.816,141.3875357,8.744,2012,3,9,1,4,990263.7,1427881.22,1875040.16,789554.8049999999,856978.29
36,2012-03-02,315396.72,0,64.54,3.619,219.5340975,7.244,2012,3,9,1,4,766571.1,1153332.89,1037861.11,580070.7625,847826.7075
37,2012-03-02,525559.17,0,64.54,3.63,219.5340975,7.244,2012,3,9,1,4,315396.72,248051.53,495720.3,649447.6725,865319.8216666668
38,2012-03-02,471115.38,0,52.27,4.178,130.6457931,12.187,2012,3,9,1,4,525559.17,990263.7,843864.43,519660.5925,853492.5225
39,2012-03-02,1453047.02,0,64.05,3.63,219.5340975,7.244,2012,3,9,1,4,471115.38,766571.1,1112034.72,691279.5725,811866.8024999999
40,2012-03-02,927732.02,0,23.79,3.827,137.4238966,4.261,2012,3,9,1,4,1453047.02,315396.72,561137.06,844363.3975000001,768199.4233333333
41,2012-03-02,1239813.26,0,27.39,3.191,196.9565303,6.589,2012,3,9,1,4,927732.02,525559.17,1379473.03,1022926.9199999999,829783.7183333333
42,2012-03-02,585895.34,0,57.62,3.882,130.6457931,7.545,2012,3,9,1,4,1239813.26,471115.38,603041.14,1051621.91,842054.9458333333
43,2012-03-02,693249.98,0,56.43,3.63,212.3180074,9.653,2012,3,9,1,4,585895.34,1453047.02,563578.79,861672.65,780835.6758333333
44,2012-03-02,316687.22,0,32.36,3.242,130.6457931,5.774,2012,3,9,1,4,693249.98,927732.02,928537.54,708911.45,711115.2033333333
45,2012-03-02,782796.01,0,41.55,3.816,190.1714927,8.424,2012,3,9,1,4,316687.22,1239813.26,1352470.09,594657.1375,755677.2433333333
27,2012-03-02,1509323.09,0,40.07,3.983,141.3875357,8.009,2012,3,9,1,4,782796.01,585895.34,1465187.71,825514.0750000001,798932.1924999999
1,2012-03-02,1688420.76,0,60.96,3.63,220.8480454,7.348,2012,3,9,1,4,1509323.09,693249.98,312220.47,1074306.77,875752.9975
26,2012-03-02,955641.74,0,22.49,3.827,137.4238966,7.467,2012,3,9,1,4,1688420.76,316687.22,2226662.17,1234045.4,929106.7491666665
24,2012-03-02,1213994.39,0,35.36,3.983,137.4238966,8.659,2012,3,9,1,4,955641.74,782796.01,418925.47,1341844.995,986476.3508333332
3,2012-03-02,469752.56,0,61.65,3.63,224.3470245,6.833,2012,3,9,1,4,1213994.39,1509323.09,1861802.7,1081952.3625,986362.7825000001
4,2012-03-02,2206319.9,0,50.38,3.619,130.6457931,4.607,2012,3,9,1,4,469752.56,1688420.76,1539387.83,1211427.1475,1049135.5225
5,2012-03-02,359206.21,0,60.66,3.63,221.4342146,5.943,2012,3,9,1,4,2206319.9,955641.74,2039415.74,1062318.265,1001758.3716666666
6,2012-03-02,1550385.65,0,60.32,3.63,222.4521862,6.132,2012,3,9,1,4,359206.21,1213994.39,564304.15,1146416.08,1027639.4041666667
7,2012-03-02,551058.13,0,21.64,3.191,196.9565303,8.256,2012,3,9,1,4,1550385.65,469752.56,1303233.15,1166742.4725,1024736.3033333332
8,2012-03-02,952264.91,0,50.95,3.63,224.3959793,5.825,2012,3,9,1,4,551058.13,2206319.9,747099.07,853228.725,1046320.8808333332
9,2012-03-02,619498.28,0,57.2,3.63,224.5894104,5.667,2012,3,9,1,4,952264.91,359206.21,753060.78,918301.7424999999,1071555.1358333335
10,2012-03-02,1990371.02,0,57.62,3.882,130.6457931,7.545,2012,3,9,1,4,619498.28,1550385.65,919301.81,1028298.085,1172186.3866666667
11,2012-03-02,1438383.44,0,62.61,3.63,224.3470245,6.833,2012,3,9,1,4,1990371.02,551058.13,1224915.66,1250129.4125,1166274.7491666668
12,2012-03-02,1147636.96,0,52.27,4.178,130.6457931,12.187,2012,3,9,1,4,1438383.44,952264.91,1412065.04,1298972.425,1121209.4324999999
13,2012-03-02,1969742.76,0,32.36,3.242,130.6457931,6.104,2012,3,9,1,4,1147636.96,619498.28,409411.61,1636533.545,1205717.8508333333
14,2012-03-02,1926004.99,0,41.55,3.816,190.1714927,8.424,2012,3,9,1,4,1969742.76,1990371.02,518696.89,1620442.0375,1265052.0675000001
15,2012-03-02,541292.64,0,33.24,3.983,137.4238966,7.943,2012,3,9,1,4,1926004.99,1438383.44,313270.45,1396169.3375,1271013.7408333332
16,2012-03-02,464189.09,0,23.4,3.191,196.9565303,6.162,2012,3,9,1,4,541292.64,1147636.96,805028.74,1225307.3699999999,1125836.173333333
17,2012-03-02,856178.47,0,26.28,3.242,130.6457931,6.403,2012,3,9,1,4,464189.09,1969742.76,950154.24,946916.2975,1167250.5283333333
18,2012-03-02,1047178.91,0,33.59,3.827,137.4238966,8.075,2012,3,9,1,4,856178.47,1926004.99,242526.7,727209.7775,1125316.6333333333
19,2012-03-02,1308977.05,0,34.83,3.983,137.4238966,7.943,2012,3,9,1,4,1047178.91,541292.64,1091822.72,919130.88,1188476.5433333332
20,2012-03-02,2148822.76,0,39.98,3.816,213.6718127,6.961,2012,3,9,1,4,1308977.05,464189.09,1392543.37,1340289.2974999999,1288189.6975
21,2012-03-02,764385.4,0,59.3,3.63,220.4866886,7.057,2012,3,9,1,4,2148822.76,856178.47,488782.63,1317341.03,1300263.6241666665
25,2012-03-02,643155.89,0,36.01,3.816,213.6718127,6.961,2012,3,9,1,4,764385.4,1047178.91,1323487.91,1216335.275,1187995.6966666665
23,2012-03-02,1322852.2,0,25.91,3.827,137.4238966,4.261,2012,3,9,1,4,643155.89,1308977.05,1648602.39,1219804.0625,1178368.0933333333
22,2012-03-02,974866.65,0,37.47,3.827,141.3875357,7.503,2012,3,9,1,4,1322852.2,2148822.76,917924.47,926315.035,1163970.5675
23,2012-03-09,1292724.9,0,33.11,3.876,137.5066897,4.261,2012,3,10,1,4,974866.65,764385.4,613501.05,1058399.9100000001,1107552.4124999999
26,2012-03-09,1028569.01,0,29.03,3.876,137.5066897,7.467,2012,3,10,1,4,1292724.9,643155.89,1272948.27,1154753.19,1032766.0808333332
27,2012-03-09,1607343.41,0,44.32,4.021,141.4742857,8.009,2012,3,10,1,4,1028569.01,1322852.2,912958.95,1225875.9925,1121603.645
28,2012-03-09,1680764.06,0,54.54,4.25,130.7413793,12.187,2012,3,10,1,4,1607343.41,974866.65,2045837.55,1402350.345,1222984.8925
29,2012-03-09,504750.35,0,41.72,3.876,137.5066897,8.988,2012,3,10,1,4,1680764.06,1292724.9,425215.71,1205356.7075,1193699.2158333333
30,2012-03-09,446617.89,0,57.16,3.669,220.6974332,7.057,2012,3,10,1,4,504750.35,1028569.01,315641.8,1059868.9275,1143652.4641666666
31,2012-03-09,1439034.86,0,57.16,3.669,220.6974332,7.057,2012,3,10,1,4,446617.89,1607343.41,613042.97,1017791.79,1154490.615
32,2012-03-09,1124537.97,0,39.9,3.286,196.9631599,8.256,2012,3,10,1,4,1439034.86,1680764.06,1952555.66,878735.2675000001,1069133.5491666668
34,2012-03-09,976393.43,0,42.7,3.667,130.7413793,9.653,2012,3,10,1,4,1124537.97,504750.35,1451740.57,996646.0375,1086800.885
35,2012-03-09,796351.35,0,44.32,3.848,141.4742857,8.744,2012,3,10,1,4,976393.43,446617.89,500801.72,1084079.4024999999,1099567.1733333333
36,2012-03-09,318674.93,0,63.19,3.647,219.7437314,7.244,2012,3,10,1,4,796351.35,1439034.86,438640.61,803989.42,1015885.7341666667
37,2012-03-09,535937.25,0,63.19,3.669,219.7437314,7.244,2012,3,10,1,4,318674.93,1124537.97,1427881.22,656839.24,979308.2841666667
38,2012-03-09,452792.53,0,54.54,4.25,130.7413793,12.187,2012,3,10,1,4,535937.25,976393.43,1153332.89,525939.0149999999,909313.9199999999
39,2012-03-09,1470764.35,0,61.64,3.669,219.7437314,7.244,2012,3,10,1,4,452792.53,796351.35,248051.53,694542.265,946163.5316666667
40,2012-03-09,954233.87,0,30.58,3.876,137.5066897,4.261,2012,3,10,1,4,1470764.35,318674.93,990263.7,853432.0,891737.7366666667
41,2012-03-09,1243814.77,0,35.3,3.286,196.9631599,6.589,2012,3,10,1,4,954233.87,535937.25,766571.1,1030401.38,855325.2958333334
42,2012-03-09,659816.15,0,57.65,3.963,130.7413793,7.545,2012,3,10,1,4,1243814.77,452792.53,315396.72,1082157.2850000001,868247.4458333333
43,2012-03-09,636677.67,0,54.52,3.669,212.5185936,9.653,2012,3,10,1,4,659816.15,1470764.35,525559.17,873635.615,884085.7608333332
44,2012-03-09,303438.24,0,38.24,3.38,130.7413793,5.774,2012,3,10,1,4,636677.67,954233.87,471115.38,710936.7075,789452.7091666666
45,2012-03-09,776968.87,0,45.52,3.848,190.3359973,8.424,2012,3,10,1,4,303438.24,1243814.77,1453047.02,594225.2325,760488.6175
25,2012-03-09,643711.53,0,37.44,3.848,213.8711137,6.961,2012,3,10,1,4,776968.87,659816.15,927732.02,590199.0775,732765.1258333334
24,2012-03-09,1325835.7,0,41.5,4.021,137.5066897,8.659,2012,3,10,1,4,643711.53,636677.67,1239813.26,762488.585,776888.8216666667
33,2012-03-09,287346.29,0,62.2,3.963,130.7413793,7.603,2012,3,10,1,4,1325835.7,303438.24,585895.34,758465.5974999999,774278.1016666667
22,2012-03-09,991127.01,0,41.72,3.876,141.4742857,7.503,2012,3,10,1,4,287346.29,776968.87,693249.98,812005.1325000001,812210.5816666667
2,2012-03-09,1937628.26,0,57.11,3.669,220.6974332,7.057,2012,3,10,1,4,991127.01,643711.53,316687.22,1135484.315,935946.8925
3,2012-03-09,445162.05,0,60.71,3.669,224.5620291,6.833,2012,3,10,1,4,1937628.26,1325835.7,782796.01,915315.9025000001,850480.0341666667
4,2012-03-09,2202450.81,0,53.63,3.667,130.7413793,4.607,2012,3,10,1,4,445162.05,287346.29,1509323.09,1394092.0325000002,954498.1125000002
5,2012-03-09,347295.6,0,57.69,3.669,221.6460048,5.943,2012,3,10,1,4,2202450.81,991127.01,1688420.76,1233134.1800000002,879788.1816666668
6,2012-03-09,1569304.4,0,57.89,3.669,222.6650998,6.132,2012,3,10,1,4,347295.6,1937628.26,955641.74,1141053.215,955578.8691666666
7,2012-03-09,579166.5,0,30.1,3.286,196.9631599,8.256,2012,3,10,1,4,1569304.4,445162.05,1213994.39,1174554.3275000001,950786.2716666668
8,2012-03-09,960115.56,0,49.59,3.669,224.6110379,5.825,2012,3,10,1,4,579166.5,2202450.81,469752.56,863970.5150000001,1005509.3816666667
9,2012-03-09,574955.95,0,54.03,3.669,224.8046825,5.667,2012,3,10,1,4,960115.56,347295.6,2206319.9,920885.6025,988674.9716666667
10,2012-03-09,1917483.1,0,57.65,3.963,130.7413793,7.545,2012,3,10,1,4,574955.95,1569304.4,359206.21,1007930.2775000001,1094822.6025
11,2012-03-09,1413382.76,0,61.44,3.669,224.5620291,6.833,2012,3,10,1,4,1917483.1,579166.5,1550385.65,1216484.3425000003,1102118.1908333334
1,2012-03-09,1675431.16,0,58.76,3.669,221.0591887,7.348,2012,3,10,1,4,1413382.76,960115.56,551058.13,1395313.2425000002,1217791.93
13,2012-03-09,1986445.65,0,38.24,3.38,130.7413793,6.104,2012,3,10,1,4,1675431.16,574955.95,952264.91,1748185.6675,1300735.1500000001
14,2012-03-09,2020839.31,0,45.52,3.848,190.3359973,8.424,2012,3,10,1,4,1986445.65,1917483.1,619498.28,1774024.7200000002,1307669.4041666666
15,2012-03-09,545120.67,0,36.97,4.021,137.5066897,7.943,2012,3,10,1,4,2020839.31,1413382.76,1990371.02,1556959.1975000002,1315999.2891666666
16,2012-03-09,495951.66,0,28.16,3.286,196.9631599,6.162,2012,3,10,1,4,545120.67,1675431.16,1438383.44,1262089.3225000002,1173791.0266666666
17,2012-03-09,860224.98,0,32.02,3.38,130.7413793,6.403,2012,3,10,1,4,495951.66,1986445.65,1147636.96,980534.155,1216535.1416666666
18,2012-03-09,1084894.47,0,38.1,3.876,137.5066897,8.075,2012,3,10,1,4,860224.98,2020839.31,1969742.76,746547.9450000001,1176167.6475000002
19,2012-03-09,1358816.46,0,38.15,4.021,137.5066897,7.943,2012,3,10,1,4,1084894.47,545120.67,1926004.99,949971.8925000001,1241138.4774999998
20,2012-03-09,2139265.4,0,41.14,3.848,213.8711137,6.961,2012,3,10,1,4,1358816.46,495951.66,541292.64,1360800.3275000001,1339400.9641666666
12,2012-03-09,1113208.57,0,54.54,4.25,130.7413793,12.187,2012,3,10,1,4,2139265.4,860224.98,464189.09,1424046.225,1384255.3491666666
21,2012-03-09,755084.4,0,57.16,3.669,220.6974332,7.057,2012,3,10,1,4,1113208.57,1084894.47,856178.47,1341593.7075,1287388.7908333333
32,2012-03-16,1138101.18,0,51.51,3.486,197.0457208,8.256,2012,3,11,1,4,755084.4,1358816.46,1047178.91,1286414.8875000002,1264448.6591666667
31,2012-03-16,1481728.13,0,63.39,3.734,220.8498468,7.057,2012,3,11,1,4,1138101.18,2139265.4,1308977.05,1122030.5700000003,1248306.74
30,2012-03-16,413617.45,0,63.39,3.734,220.8498468,7.057,2012,3,11,1,4,1481728.13,1113208.57,2148822.76,947132.7900000002,1117237.7233333334
27,2012-03-16,1635984.07,0,49.6,4.021,141.55478,8.009,2012,3,11,1,4,413617.45,755084.4,764385.4,1167357.7075,1085166.4533333334
28,2012-03-16,1337875.49,0,64.44,4.273,130.8261935,12.187,2012,3,11,1,4,1635984.07,1138101.18,643155.89,1217301.2850000001,1151229.355
33,2012-03-16,278067.73,0,65.99,4.273,130.8261935,7.603,2012,3,11,1,4,1337875.49,1481728.13,1322852.2,916386.1850000003,1133072.3608333333
26,2012-03-16,919503.4,0,35.06,3.867,137.5843871,7.467,2012,3,11,1,4,278067.73,413617.45,974866.65,1042857.6725000002,1138012.2291666667
29,2012-03-16,489293.72,0,46.06,3.867,137.5843871,8.988,2012,3,11,1,4,919503.4,1635984.07,1292724.9,756185.0850000002,1088378.8333333333
34,2012-03-16,999298.43,0,48.09,3.707,130.8261935,9.653,2012,3,11,1,4,489293.72,1337875.49,1028569.01,671540.8200000003,1058418.9975
39,2012-03-16,1522421.07,0,65.81,3.734,219.8956335,7.244,2012,3,11,1,4,999298.43,278067.73,1607343.41,982629.1550000003,1007015.3033333333
36,2012-03-16,335345.82,0,67.48,3.779,219.8956335,7.244,2012,3,11,1,4,1522421.07,919503.4,1680764.06,836589.7600000002,942193.4074999999
37,2012-03-16,484588.34,0,67.48,3.734,219.8956335,7.244,2012,3,11,1,4,335345.82,489293.72,504750.35,835413.4150000003,919652.0691666667
38,2012-03-16,428465.11,0,64.44,4.273,130.8261935,12.187,2012,3,11,1,4,484588.34,999298.43,446617.89,692705.0850000003,860515.73
40,2012-03-16,891154.18,0,37.13,3.867,137.5843871,4.261,2012,3,11,1,4,428465.11,1522421.07,1439034.86,534888.3625000003,811301.2341666667
41,2012-03-16,1201511.62,0,47.76,3.486,197.0457208,6.589,2012,3,11,1,4,891154.18,335345.82,1124537.97,751429.8125000002,876959.0816666667
42,2012-03-16,618767.26,0,62.11,4.273,130.8261935,7.545,2012,3,11,1,4,1201511.62,484588.34,976393.43,784974.5425000003,792191.0141666667
43,2012-03-16,661707.02,0,57.88,3.734,212.6651567,9.653,2012,3,11,1,4,618767.26,428465.11,796351.35,843285.0200000004,735843.6416666666
45,2012-03-16,788340.23,0,50.56,3.862,190.4618964,8.424,2012,3,11,1,4,661707.02,891154.18,318674.93,817581.5325000003,778366.35
25,2012-03-16,638204.27,0,50.64,3.862,214.0167132,6.961,2012,3,11,1,4,788340.23,1201511.62,535937.25,676754.6950000003,754924.7558333334
35,2012-03-16,793045.82,0,49.6,3.862,141.55478,8.744,2012,3,11,1,4,638204.27,618767.26,452792.53,720324.3350000003,780237.4308333333
44,2012-03-16,331965.95,0,52.5,3.529,130.8261935,5.774,2012,3,11,1,4,793045.82,661707.02,1470764.35,637889.0675000002,724626.3908333335
24,2012-03-16,1239299.12,0,48.68,4.021,137.5843871,8.659,2012,3,11,1,4,331965.95,788340.23,954233.87,750628.7900000003,701032.895
22,2012-03-16,966780.01,0,46.06,3.867,141.55478,7.503,2012,3,11,1,4,1239299.12,638204.27,1243814.77,832772.7250000003,753652.4108333333
23,2012-03-16,1258364.31,0,41.19,3.867,137.5843871,4.261,2012,3,11,1,4,966780.01,793045.82,659816.15,949102.3475000004,818133.7416666667
2,2012-03-16,1976082.13,0,63.68,3.734,220.8498468,7.057,2012,3,11,1,4,1258364.31,331965.95,636677.67,1360131.3925000003,947101.8266666668
3,2012-03-16,411775.8,0,64.0,3.734,224.7166953,6.833,2012,3,11,1,4,1976082.13,1239299.12,303438.24,1153250.5625000002,907153.6283333333
4,2012-03-16,2214967.44,0,59.81,3.707,130.8261935,4.607,2012,3,11,1,4,411775.8,966780.01,776968.87,1465297.4200000004,991608.2799999999
5,2012-03-16,339392.54,0,63.55,3.734,221.7989713,5.943,2012,3,11,1,4,2214967.44,1258364.31,643711.53,1235554.4775,968327.0533333333
6,2012-03-16,1748010.29,0,62.8,3.734,222.8186603,6.132,2012,3,11,1,4,339392.54,1976082.13,1325835.7,1178536.5175,1058852.3258333334
7,2012-03-16,669205.73,0,37.29,3.486,197.0457208,8.256,2012,3,11,1,4,1748010.29,411775.8,287346.29,1242894.0000000002,1048924.4508333334
8,2012-03-16,921178.39,0,56.63,3.734,224.7657327,5.825,2012,3,11,1,4,669205.73,2214967.44,991127.01,919446.7375000003,1072505.6275000002
9,2012-03-16,550373.57,0,59.94,3.734,224.9594902,5.667,2012,3,11,1,4,921178.39,339392.54,1937628.26,972191.9950000002,1052282.9400000002
10,2012-03-16,1930814.66,0,62.11,4.273,130.8261935,7.545,2012,3,11,1,4,550373.57,1748010.29,445162.05,1017893.0875000001,1185520.3324999998
1,2012-03-16,1677472.78,0,64.74,3.734,221.2118132,7.348,2012,3,11,1,4,1930814.66,669205.73,2202450.81,1269959.85,1222034.8041666667
12,2012-03-16,1088498.52,0,64.44,4.273,130.8261935,12.187,2012,3,11,1,4,1677472.78,921178.39,347295.6,1311789.8825000003,1232178.0133333334
13,2012-03-16,2025582.62,0,52.5,3.529,130.8261935,6.104,2012,3,11,1,4,1088498.52,550373.57,1569304.4,1680592.145,1296112.8724999998
14,2012-03-16,1941040.5,0,50.56,3.862,190.4618964,8.424,2012,3,11,1,4,2025582.62,1930814.66,579166.5,1683148.6050000004,1293192.7366666666
15,2012-03-16,570611.23,0,47.42,4.021,137.5843871,7.943,2012,3,11,1,4,1941040.5,1677472.78,960115.56,1406433.2175000003,1306429.0225
16,2012-03-16,520850.71,0,38.02,3.486,197.0457208,6.162,2012,3,11,1,4,570611.23,1088498.52,574955.95,1264521.2650000004,1165252.6283333334
17,2012-03-16,853136.46,0,43.69,3.529,130.8261935,6.403,2012,3,11,1,4,520850.71,2025582.62,1917483.1,971409.7250000002,1208064.6216666666
18,2012-03-16,1022018.43,0,45.84,3.867,137.5843871,8.075,2012,3,11,1,4,853136.46,1941040.5,1413382.76,741654.2075000003,1147565.3
19,2012-03-16,1312849.1,0,48.2,4.021,137.5843871,7.943,2012,3,11,1,4,1022018.43,570611.23,1675431.16,927213.6750000003,1201202.2475
20,2012-03-16,2064991.71,0,53.73,3.862,214.0167132,6.961,2012,3,11,1,4,1312849.1,520850.71,1986445.65,1313248.9250000003,1296520.0241666667
21,2012-03-16,767338.32,0,63.39,3.734,220.8498468,7.057,2012,3,11,1,4,2064991.71,853136.46,2020839.31,1291799.3900000004,1314600.42
11,2012-03-16,1441884.28,0,64.21,3.734,224.7166953,6.833,2012,3,11,1,4,767338.32,1022018.43,545120.67,1396765.8525000003,1273856.2216666667
31,2012-03-23,1365824.97,0,62.96,3.787,220.9244858,7.057,2012,3,12,1,4,1441884.28,1312849.1,495951.66,1410009.82,1247885.5708333333
30,2012-03-23,430222.97,0,62.96,3.787,220.9244858,7.057,2012,3,12,1,4,1365824.97,2064991.71,860224.98,1001317.6350000002,1193029.2750000001
29,2012-03-23,517408.48,0,54.68,3.889,137.6552903,8.988,2012,3,12,1,4,430222.97,767338.32,1084894.47,938835.1750000003,1067348.0966666667
24,2012-03-23,1221723.94,0,59.51,4.054,137.6552903,8.659,2012,3,12,1,4,517408.48,1441884.28,1358816.46,883795.0900000002,1007405.0499999999
27,2012-03-23,1620839.34,0,57.3,4.054,141.6269332,8.009,2012,3,12,1,4,1221723.94,1365824.97,2139265.4,947548.6825000001,1094924.0591666668
26,2012-03-23,874790.68,0,49.97,3.889,137.6552903,7.467,2012,3,12,1,4,1620839.34,430222.97,1113208.57,1058690.6100000003,1124419.0566666666
25,2012-03-23,672831.78,0,62.7,3.9,214.0907105,6.961,2012,3,12,1,4,874790.68,517408.48,755084.4,1097546.4350000003,1109393.6666666667
28,2012-03-23,1216059.41,0,56.26,4.038,130.8966452,12.187,2012,3,12,1,4,672831.78,1221723.94,1138101.18,1096130.3025000002,1125563.7483333333
32,2012-03-23,1146632.46,0,47.64,3.664,197.2295234,8.256,2012,3,12,1,4,1216059.41,1620839.34,1481728.13,977578.5825000003,1111712.3616666666
37,2012-03-23,520887.23,0,69.18,3.787,219.9705599,7.244,2012,3,12,1,4,1146632.46,874790.68,413617.45,889102.7200000002,983036.9883333333
34,2012-03-23,945143.33,0,47.93,3.759,130.8966452,9.653,2012,3,12,1,4,520887.23,672831.78,1635984.07,957180.6075000002,997854.0724999999
35,2012-03-23,760671.1,0,57.3,3.9,141.6269332,8.744,2012,3,12,1,4,945143.33,1216059.41,1337875.49,843333.5300000003,941086.3075000001
36,2012-03-23,317872.51,0,69.18,3.845,219.9705599,7.244,2012,3,12,1,4,760671.1,1146632.46,278067.73,636143.5425000002,853756.9358333334
38,2012-03-23,412456.48,0,56.26,4.038,130.8966452,12.187,2012,3,12,1,4,317872.51,520887.23,919503.4,609035.8550000002,852276.3949999999
39,2012-03-23,1469593.37,0,67.91,3.787,219.9705599,7.244,2012,3,12,1,4,412456.48,945143.33,489293.72,740148.3650000002,931625.1358333332
40,2012-03-23,844490.86,0,52.27,3.889,137.6552903,4.261,2012,3,12,1,4,1469593.37,760671.1,999298.43,761103.3050000003,900189.0458333333
41,2012-03-23,1215354.38,0,44.04,3.664,197.2295234,6.589,2012,3,12,1,4,844490.86,317872.51,1522421.07,985473.7725000002,866398.6325
42,2012-03-23,561226.38,0,56.54,4.288,130.8966452,7.545,2012,3,12,1,4,1215354.38,412456.48,335345.82,1022666.2475000002,840268.2741666666
23,2012-03-23,1288154.1,0,57.82,3.889,137.6552903,4.261,2012,3,12,1,4,561226.38,1469593.37,484588.34,977306.4300000002,891545.1341666667
33,2012-03-23,246970.97,0,60.82,4.288,130.8966452,7.603,2012,3,12,1,4,1288154.1,844490.86,428465.11,827926.4575000003,810787.7641666667
22,2012-03-23,992774.4,0,54.68,3.889,141.6269332,7.503,2012,3,12,1,4,246970.97,1215354.38,891154.18,772281.4625000003,797966.2591666667
10,2012-03-23,1837457.69,0,56.54,4.288,130.8966452,7.545,2012,3,12,1,4,992774.4,561226.38,1201511.62,1091339.2900000003,907680.4641666665
20,2012-03-23,1992436.96,0,66.11,3.9,214.0907105,6.961,2012,3,12,1,4,1837457.69,1288154.1,618767.26,1267410.0050000004,994954.9333333335
43,2012-03-23,610940.94,0,56.28,3.787,212.7396889,9.653,2012,3,12,1,4,1992436.96,246970.97,661707.02,1358402.4975000003,982477.4199999999
44,2012-03-23,296947.06,0,47.83,3.671,130.8966452,5.774,2012,3,12,1,4,610940.94,992774.4,788340.23,1184445.6625,980733.6325
1,2012-03-23,1511068.07,0,65.93,3.787,221.2864126,7.348,2012,3,12,1,4,296947.06,1837457.69,638204.27,1102848.2575000003,1072284.5983333334
2,2012-03-23,1790439.16,0,64.01,3.787,220.9244858,7.057,2012,3,12,1,4,1511068.07,1992436.96,793045.82,1052348.8075,1099021.7474999998
3,2012-03-23,413907.25,0,66.53,3.787,224.7909104,6.833,2012,3,12,1,4,1790439.16,610940.94,331965.95,1003090.3850000002,1063139.78
4,2012-03-23,2091592.54,0,59.07,3.759,130.8966452,4.607,2012,3,12,1,4,413907.25,296947.06,1239299.12,1451751.7550000004,1136159.6266666667
5,2012-03-23,321299.99,0,64.44,3.787,221.8735063,5.943,2012,3,12,1,4,2091592.54,1511068.07,966780.01,1154309.735,1116165.7608333335
6,2012-03-23,1495143.62,0,63.71,3.787,222.8930835,6.132,2012,3,12,1,4,321299.99,1790439.16,1258364.31,1080485.8500000003,1133414.8875
7,2012-03-23,615997.29,0,35.06,3.664,197.2295234,8.256,2012,3,12,1,4,1495143.62,413907.25,1976082.13,1131008.3600000003,1164167.0808333333
21,2012-03-23,729759.97,0,62.96,3.787,220.9244858,7.057,2012,3,12,1,4,615997.29,2091592.54,411775.8,790550.2175000003,1142249.2116666667
8,2012-03-23,874223.25,0,52.9,3.787,224.8399424,5.825,2012,3,12,1,4,729759.97,321299.99,2214967.44,928781.0325000002,1061979.675
11,2012-03-23,1300593.61,0,67.16,3.787,224.7909104,6.833,2012,3,12,1,4,874223.25,1495143.62,339392.54,880143.5300000003,1004326.0625
12,2012-03-23,1045419.87,0,56.26,4.038,130.8966452,12.187,2012,3,12,1,4,1300593.61,615997.29,1748010.29,987499.1750000002,1040532.64
13,2012-03-23,1904421.74,0,47.83,3.671,130.8966452,6.104,2012,3,12,1,4,1045419.87,729759.97,669205.73,1281164.6175000002,1174488.8633333333
14,2012-03-23,1893447.71,0,59.45,3.9,190.5363213,8.424,2012,3,12,1,4,1904421.74,874223.25,921178.39,1535970.7325000004,1206353.8333333333
15,2012-03-23,565481.88,0,58.92,4.054,137.6552903,7.943,2012,3,12,1,4,1893447.71,1300593.61,550373.57,1352192.8000000003,1104274.0599999998
16,2012-03-23,493503.89,0,38.7,3.664,197.2295234,6.162,2012,3,12,1,4,565481.88,1045419.87,1930814.66,1214213.8050000002,1110907.1133333333
17,2012-03-23,851762.28,0,40.69,3.671,130.8966452,6.403,2012,3,12,1,4,493503.89,1904421.74,1677472.78,951048.9400000002,1007587.9249999999
18,2012-03-23,1031139.3,0,58.06,3.889,137.6552903,8.075,2012,3,12,1,4,851762.28,1893447.71,1088498.52,735471.8375000003,1066741.2008333334
19,2012-03-23,1342254.55,0,56.72,4.054,137.6552903,7.943,2012,3,12,1,4,1031139.3,565481.88,2025582.62,929665.0050000004,1054000.445
9,2012-03-23,550791.32,0,58.79,3.787,225.0336786,5.667,2012,3,12,1,4,1342254.55,493503.89,1941040.5,943986.8625000003,1048566.6141666666
45,2012-03-23,791835.37,0,59.45,3.9,190.5363213,8.424,2012,3,12,1,4,550791.32,851762.28,570611.23,929005.1350000002,1053739.5641666667
1,2012-03-30,1649604.63,0,67.61,3.845,221.3610119,7.348,2012,3,13,1,4,791835.37,1031139.3,520850.71,1083621.4675000003,1118354.6791666665
24,2012-03-30,1230106.13,0,47.28,4.098,137.7261935,8.659,2012,3,13,1,4,1649604.63,1342254.55,853136.46,1055584.3625000003,1112480.7225
22,2012-03-30,965769.93,0,46.4,3.921,141.6990864,7.503,2012,3,13,1,4,1230106.13,550791.32,1022018.43,1159329.0150000001,1105843.2275
21,2012-03-30,724798.76,0,67.87,3.845,220.9991248,7.057,2012,3,13,1,4,965769.93,791835.37,1312849.1,1142569.8625,1007541.3125
20,2012-03-30,2074721.74,0,51.52,3.953,214.1647079,6.961,2012,3,13,1,4,724798.76,1649604.63,2064991.71,1248849.1400000001,1022647.4816666666
19,2012-03-30,1327139.35,0,43.47,4.098,137.7261935,7.943,2012,3,13,1,4,2074721.74,1230106.13,767338.32,1273107.4450000003,1086118.9375
18,2012-03-30,1009121.2,0,45.35,3.921,137.7261935,8.075,2012,3,13,1,4,1327139.35,965769.93,1441884.28,1283945.2625000002,1129087.0466666666
17,2012-03-30,872469.03,0,45.29,3.734,130.9670968,6.403,2012,3,13,1,4,1009121.2,724798.76,1365824.97,1320862.8300000003,1130812.6091666666
16,2012-03-30,485095.41,0,48.29,3.75,197.4133259,6.162,2012,3,13,1,4,872469.03,2074721.74,430222.97,923456.2475000003,1085308.9516666667
15,2012-03-30,557547.25,0,42.65,4.098,137.7261935,7.943,2012,3,13,1,4,485095.41,1327139.35,517408.48,731058.2225000001,1019916.6766666666
14,2012-03-30,1905033.01,0,50.04,3.953,190.6107463,8.424,2012,3,13,1,4,557547.25,1009121.2,1221723.94,955036.1750000003,1132770.1508333334
13,2012-03-30,1948982.7,0,53.2,3.734,130.9670968,6.104,2012,3,13,1,4,1905033.01,872469.03,1620839.34,1224164.5925000003,1229199.095
12,2012-03-30,1025382.22,0,64.36,4.294,130.9670968,12.187,2012,3,13,1,4,1948982.7,485095.41,874790.68,1359236.2950000002,1177180.5608333333
11,2012-03-30,1300104.03,0,70.23,3.845,224.8651254,6.833,2012,3,13,1,4,1025382.22,557547.25,672831.78,1544875.4900000002,1183013.7191666665
10,2012-03-30,1815760.42,0,67.92,4.294,130.9670968,7.545,2012,3,13,1,4,1300104.03,1905033.01,1216059.41,1522557.3425000003,1253846.26
9,2012-03-30,574985.37,0,67.87,3.845,225.107867,5.667,2012,3,13,1,4,1815760.42,1948982.7,1146632.46,1179058.0100000002,1241361.8108333333
8,2012-03-30,905935.29,0,66.69,3.845,224.9141521,5.825,2012,3,13,1,4,574985.37,1025382.22,520887.23,1149196.2775000003,1143962.94
7,2012-03-30,583322.2,0,44.99,3.75,197.4133259,8.256,2012,3,13,1,4,905935.29,1300104.03,945143.33,970000.8200000002,1081978.1775
6,2012-03-30,1508933.26,0,67.91,3.845,222.9675066,6.132,2012,3,13,1,4,583322.2,1815760.42,760671.1,893294.0300000003,1123629.1824999999
5,2012-03-30,331318.73,0,67.76,3.845,221.9480412,5.943,2012,3,13,1,4,1508933.26,574985.37,317872.51,832377.3700000002,1078533.3241666667
4,2012-03-30,2089381.77,0,72.63,3.82,130.9670968,4.607,2012,3,13,1,4,331318.73,905935.29,412456.48,1128238.9900000002,1212223.8541666667
23,2012-03-30,1261964.96,0,36.71,3.921,137.7261935,4.261,2012,3,13,1,4,2089381.77,583322.2,1469593.37,1297899.6800000002,1270925.3299999998
3,2012-03-30,407488.84,0,69.36,3.845,224.8651254,6.833,2012,3,13,1,4,1261964.96,1508933.26,844490.86,1022538.5750000002,1146129.9825
2,2012-03-30,1857480.84,0,66.83,3.845,220.9991248,7.057,2012,3,13,1,4,407488.84,331318.73,1215354.38,1404079.1025000003,1138504.8275
26,2012-03-30,922018.43,0,33.33,3.921,137.7261935,7.467,2012,3,13,1,4,1857480.84,2089381.77,561226.38,1112238.2675000003,1129891.1783333335
45,2012-03-30,777254.06,0,50.04,3.953,190.6107463,8.424,2012,3,13,1,4,922018.43,1261964.96,1288154.1,991060.5425000003,1086320.3475
44,2012-03-30,310027.29,0,53.2,3.734,130.9670968,5.774,2012,3,13,1,4,777254.06,407488.84,246970.97,966695.1550000004,960842.5866666668
43,2012-03-30,623258.4,0,69.88,3.845,212.8142212,9.653,2012,3,13,1,4,310027.29,1857480.84,992774.4,658139.5450000003,964865.3391666667
42,2012-03-30,544408.14,0,67.92,4.294,130.9670968,7.545,2012,3,13,1,4,623258.4,922018.43,1837457.69,563736.9725000003,934738.0766666667
41,2012-03-30,1239423.19,0,51.56,3.75,197.4133259,6.589,2012,3,13,1,4,544408.14,777254.06,1992436.96,679279.2550000002,989413.1591666667
40,2012-03-30,871945.64,0,36.25,3.921,137.7261935,4.261,2012,3,13,1,4,1239423.19,310027.29,610940.94,819758.8425000003,936330.8574999999
39,2012-03-30,1499727.02,0,69.11,3.845,220.0454862,7.244,2012,3,13,1,4,871945.64,623258.4,296947.06,1038875.9975000003,1033698.215
38,2012-03-30,408679.36,0,64.36,4.294,130.9670968,12.187,2012,3,13,1,4,1499727.02,544408.14,1511068.07,1004943.8025000002,893639.6808333333
37,2012-03-30,533734.94,0,70.48,3.845,220.0454862,7.244,2012,3,13,1,4,408679.36,1239423.19,1790439.16,828521.7400000002,832953.8458333333
36,2012-03-30,304144.9,0,70.48,3.891,220.0454862,7.244,2012,3,13,1,4,533734.94,871945.64,413907.25,686571.5550000002,824341.8508333334
35,2012-03-30,744525.69,0,49.4,3.953,141.6990864,8.744,2012,3,13,1,4,304144.9,1499727.02,2091592.54,497771.2225000002,731595.5883333334
34,2012-03-30,938861.77,0,59.29,3.82,130.9670968,9.653,2012,3,13,1,4,744525.69,408679.36,321299.99,630316.8250000002,732999.2000000001
33,2012-03-30,251327.67,0,71.34,4.294,130.9670968,7.603,2012,3,13,1,4,938861.77,533734.94,1495143.62,559715.0075000002,689172.0008333334
32,2012-03-30,1108686.87,0,56.09,3.75,197.4133259,8.256,2012,3,13,1,4,251327.67,304144.9,615997.29,760850.5000000002,755726.9658333333
31,2012-03-30,1318854.22,0,67.87,3.845,220.9991248,7.057,2012,3,13,1,4,1108686.87,744525.69,729759.97,904432.6325000003,813693.2841666667
30,2012-03-30,449603.91,0,67.87,3.845,220.9991248,7.057,2012,3,13,1,4,1318854.22,938861.77,874223.25,782118.1675000002,805792.9316666668
29,2012-03-30,504566.28,0,46.4,3.921,137.7261935,8.988,2012,3,13,1,4,449603.91,251327.67,1300593.61,845427.8200000003,744554.8558333333
28,2012-03-30,1209524.11,0,64.36,4.294,130.9670968,12.187,2012,3,13,1,4,504566.28,1108686.87,1045419.87,870637.1300000002,772686.395
27,2012-03-30,1615494.14,0,49.4,4.098,141.6990864,8.009,2012,3,13,1,4,1209524.11,1318854.22,1904421.74,944797.1100000001,782333.6549999999
25,2012-03-30,684348.92,0,47.92,3.953,214.1647079,6.961,2012,3,13,1,4,1615494.14,449603.91,1893447.71,1003483.3625000003,805306.1183333333
1,2012-04-06,1899676.88,0,70.43,3.891,221.4356112,7.143,2012,4,14,2,4,684348.92,504566.28,565481.88,1352261.0125000002,919134.6133333333
2,2012-04-06,2129035.91,0,68.43,3.891,221.0737638,6.891,2012,4,14,2,4,1899676.88,1209524.11,493503.89,1582138.9625000004,1071208.8641666665
45,2012-04-06,899479.43,0,49.73,3.996,190.6851712,8.567,2012,4,14,2,4,2129035.91,1615494.14,851762.28,1403135.2850000001,1084121.6758333333
20,2012-04-06,2565259.92,0,50.06,3.996,214.2387053,7.139,2012,4,14,2,4,899479.43,684348.92,1031139.3,1873363.0350000001,1219654.855
19,2012-04-06,1631737.68,0,40.23,4.143,137.7970968,8.15,2012,4,14,2,4,2565259.92,1899676.88,1342254.55,1806378.2350000003,1334689.0225
18,2012-04-06,1200815.3,0,43.8,3.957,137.7970968,8.304,2012,4,14,2,4,1631737.68,2129035.91,550791.32,1574323.0825000003,1342366.3916666666
17,2012-04-06,986922.62,0,43.92,3.793,131.0375484,6.235,2012,4,14,2,4,1200815.3,899479.43,791835.37,1596183.8800000004,1314705.425
16,2012-04-06,502662.07,0,48.93,3.854,197.5971285,6.169,2012,4,14,2,4,986922.62,2565259.92,1649604.63,1080534.4175000002,1319126.9383333332
15,2012-04-06,659950.36,0,40.01,4.143,137.7970968,8.15,2012,4,14,2,4,502662.07,1631737.68,1230106.13,837587.5875000004,1332075.6116666666
14,2012-04-06,2376022.26,0,49.73,3.996,190.6851712,8.567,2012,4,14,2,4,659950.36,1200815.3,965769.93,1131389.3275000001,1429283.7908333333
12,2012-04-06,1128765.71,0,64.05,4.121,131.0375484,11.627,2012,4,14,2,4,2376022.26,986922.62,724798.76,1166850.1,1388723.0883333331
21,2012-04-06,761956.58,0,69.02,3.891,221.0737638,6.891,2012,4,14,2,4,1128765.71,502662.07,2074721.74,1231673.7275000003,1395190.3933333333
11,2012-04-06,1596325.01,0,74.19,3.891,224.9393405,6.664,2012,4,14,2,4,761956.58,659950.36,1327139.35,1465767.3900000001,1369911.0708333333
9,2012-04-06,677885.99,0,68.83,3.891,225.1820555,5.539,2012,4,14,2,4,1596325.01,2376022.26,1009121.2,1041233.3225000002,1248981.9108333334
8,2012-04-06,1046816.59,0,62.18,3.891,224.9883618,5.679,2012,4,14,2,4,677885.99,1128765.71,872469.03,1020746.0425000002,1261260.0075
7,2012-04-06,621425.98,0,44.29,3.854,197.5971285,8.09,2012,4,14,2,4,1046816.59,761956.58,485095.41,985613.3925000002,1099273.8458333334
6,2012-04-06,1840131.19,0,71.6,3.891,223.0419298,5.964,2012,4,14,2,4,621425.98,1596325.01,557547.25,1046564.9375000002,1116639.9716666667
5,2012-04-06,402985.7,0,70.4,3.891,222.0225762,5.801,2012,4,14,2,4,1840131.19,677885.99,1905033.01,977839.8650000002,1050154.1716666666
4,2012-04-06,2470206.13,0,67.69,3.864,131.0375484,4.308,2012,4,14,2,4,402985.7,1046816.59,1948982.7,1333687.2500000002,1173761.1308333334
3,2012-04-06,503232.13,0,73.01,3.891,224.9393405,6.664,2012,4,14,2,4,2470206.13,621425.98,1025382.22,1304138.7875000003,1173808.6358333335
44,2012-04-06,320021.1,0,48.85,3.793,131.0375484,5.621,2012,4,14,2,4,503232.13,1840131.19,1300104.03,924111.2650000002,1145481.1975
10,2012-04-06,2163384.17,0,65.99,4.282,131.0375484,7.382,2012,4,14,2,4,320021.1,402985.7,1815760.42,1364210.8825000003,1127761.3566666667
22,2012-04-06,1197489.66,0,46.38,3.957,141.7712396,7.671,2012,4,14,2,4,2163384.17,2470206.13,574985.37,1046031.7650000001,1133488.3525
13,2012-04-06,2271614.76,0,48.85,3.793,131.0375484,5.965,2012,4,14,2,4,1197489.66,503232.13,905935.29,1488127.4225,1259293.2008333334
37,2012-04-06,564848.78,0,73.95,3.891,220.1204125,6.989,2012,4,14,2,4,2271614.76,320021.1,583322.2,1549334.3425,1173336.8483333334
43,2012-04-06,658468.27,0,64.7,3.891,212.8887535,9.575,2012,4,14,2,4,564848.78,2163384.17,1508933.26,1173105.3675000002,1171718.7049999998
23,2012-04-06,1604605.69,0,37.43,3.957,137.7970968,4.125,2012,4,14,2,4,658468.27,1197489.66,331318.73,1274884.375,1218201.13
42,2012-04-06,652312.11,0,65.99,4.282,131.0375484,7.382,2012,4,14,2,4,1604605.69,2271614.76,2089381.77,870058.7125000001,1220774.9741666666
41,2012-04-06,1460234.31,0,48.48,3.854,197.5971285,6.547,2012,4,14,2,4,652312.11,564848.78,1261964.96,1093905.0950000002,1189116.9008333331
40,2012-04-06,1132064.23,0,36.54,3.957,137.7970968,4.125,2012,4,14,2,4,1460234.31,658468.27,407488.84,1212304.0850000002,1249873.445
39,2012-04-06,1764847.94,0,73.49,3.891,220.1204125,6.989,2012,4,14,2,4,1132064.23,1604605.69,1857480.84,1252364.6475,1191093.5958333332
38,2012-04-06,499267.66,0,64.05,4.121,131.0375484,11.627,2012,4,14,2,4,1764847.94,652312.11,922018.43,1214103.5350000001,1190763.2233333332
36,2012-04-06,331026.11,0,73.95,3.934,220.1204125,6.989,2012,4,14,2,4,499267.66,1460234.31,777254.06,931801.4850000001,1191680.3074999999
35,2012-04-06,860293.46,0,48.73,3.996,141.7712396,8.876,2012,4,14,2,4,331026.11,1132064.23,310027.29,863858.7925000001,1083089.4149999998
33,2012-04-06,275911.97,0,70.75,4.282,131.0375484,7.396,2012,4,14,2,4,860293.46,1764847.94,623258.4,491624.8000000001,1006291.2741666666
34,2012-04-06,1091020.37,0,54.42,3.864,131.0375484,9.575,2012,4,14,2,4,275911.97,499267.66,544408.14,639562.9775000002,907908.4083333333
32,2012-04-06,1270577.01,0,51.49,3.854,197.5971285,8.09,2012,4,14,2,4,1091020.37,331026.11,1239423.19,874450.7025000001,966719.0941666666
31,2012-04-06,1496169.81,0,69.02,3.891,221.0737638,6.891,2012,4,14,2,4,1270577.01,860293.46,871945.64,1033419.7900000003,1036527.5558333333
30,2012-04-06,461511.92,0,69.02,3.891,221.0737638,6.891,2012,4,14,2,4,1496169.81,275911.97,1499727.02,1079819.7775,941269.7416666667
29,2012-04-06,633826.55,0,46.38,3.957,137.7970968,9.14,2012,4,14,2,4,461511.92,1091020.37,408679.36,965521.3225000001,939729.2783333333
28,2012-04-06,1559592.79,0,64.05,4.121,131.0375484,11.627,2012,4,14,2,4,633826.55,1270577.01,533734.94,1037775.2675000001,948009.1516666667
27,2012-04-06,1899013.34,0,48.73,4.143,141.7712396,8.253,2012,4,14,2,4,1559592.79,1496169.81,304144.9,1138486.1500000001,1011921.5775
26,2012-04-06,1116829.23,0,33.35,3.957,137.7970968,7.489,2012,4,14,2,4,1899013.34,461511.92,744525.69,1302315.4775,957920.0183333332
25,2012-04-06,791356.9,0,44.73,3.996,214.2387053,7.139,2012,4,14,2,4,1116829.23,633826.55,938861.77,1341698.0650000002,982260.7883333334
24,2012-04-06,1524734.29,0,45.25,4.143,137.7970968,8.983,2012,4,14,2,4,791356.9,1559592.79,251327.67,1332983.4400000002,1081736.47
16,2012-04-13,450756.71,0,45.83,3.901,197.780931,6.169,2012,4,15,2,4,1524734.29,1899013.34,1108686.87,970919.2825000002,1047608.4075000001
15,2012-04-13,558585.13,0,43.52,4.187,137.868,8.15,2012,4,15,2,4,450756.71,1116829.23,1318854.22,831358.2575000001,1071164.5041666667
14,2012-04-13,1912909.69,0,51.83,4.044,190.7595962,8.567,2012,4,15,2,4,558585.13,791356.9,449603.91,1111746.455,1139655.2808333335
17,2012-04-13,877055.32,0,46.94,3.833,131.108,6.235,2012,4,15,2,4,1912909.69,1524734.29,504566.28,949826.7125000001,1106861.8066666666
1,2012-04-13,1621031.7,0,69.07,3.891,221.5102105,7.143,2012,4,15,2,4,877055.32,450756.71,1209524.11,1242395.46,1117266.9641666666
19,2012-04-13,1365098.46,0,44.42,4.187,137.868,8.15,2012,4,15,2,4,1621031.7,558585.13,1615494.14,1444023.7925,1192565.8425
13,2012-04-13,2057637.86,0,51.7,3.833,131.108,5.965,2012,4,15,2,4,1365098.46,1912909.69,684348.92,1480205.835,1311216.785
20,2012-04-13,2045396.06,0,45.68,4.044,214.3127027,7.139,2012,4,15,2,4,2057637.86,877055.32,1899676.88,1772291.0200000003,1351700.3908333334
18,2012-04-13,998443.5,0,47.75,4.025,137.868,8.304,2012,4,15,2,4,2045396.06,1621031.7,2129035.91,1616643.9700000002,1276652.9041666668
12,2012-04-13,1083811.19,0,64.28,4.254,131.108,11.627,2012,4,15,2,4,998443.5,1365098.46,899479.43,1546322.1525,1273901.4008333334
2,2012-04-13,1935869.1,0,68.08,3.891,221.1484028,6.891,2012,4,15,2,4,1083811.19,2057637.86,2565259.92,1515879.9625000001,1369277.4175
10,2012-04-13,1974687.51,0,70.28,4.254,131.108,7.382,2012,4,15,2,4,1935869.1,2045396.06,1631737.68,1498202.8250000002,1406773.5191666668
9,2012-04-13,578539.86,0,69.19,3.891,225.2562439,5.539,2012,4,15,2,4,1974687.51,998443.5,1200815.3,1393226.9150000003,1417422.115
8,2012-04-13,909989.45,0,65.19,3.891,225.0625714,5.679,2012,4,15,2,4,578539.86,1083811.19,986922.62,1349771.48,1446705.8083333333
7,2012-04-13,517420.23,0,41.43,3.901,197.780931,8.09,2012,4,15,2,4,909989.45,1935869.1,502662.07,995159.2625000002,1330415.02
6,2012-04-13,1616394.45,0,71.29,3.891,223.1163529,5.964,2012,4,15,2,4,517420.23,1974687.51,659950.36,905585.9975,1392026.6141666665
5,2012-04-13,351832.03,0,70.56,3.891,222.0971111,5.801,2012,4,15,2,4,1616394.45,578539.86,2376022.26,848909.04,1286259.9749999999
4,2012-04-13,2105301.39,0,68.69,3.881,131.108,4.308,2012,4,15,2,4,351832.03,909989.45,1128765.71,1147737.0250000001,1347943.5525
3,2012-04-13,420789.74,0,72.83,3.891,225.0135556,6.664,2012,4,15,2,4,2105301.39,517420.23,761956.58,1123579.4025,1211539.5425
21,2012-04-13,769319.04,0,69.03,3.891,221.1484028,6.891,2012,4,15,2,4,420789.74,1616394.45,1596325.01,911810.5500000003,1105199.7908333333
11,2012-04-13,1472752.01,0,72.74,3.891,225.0135556,6.664,2012,4,15,2,4,769319.04,351832.03,677885.99,1192040.5450000002,1144725.5
22,2012-04-13,939118.24,0,49.89,4.025,141.8433929,7.671,2012,4,15,2,4,1472752.01,2105301.39,1046816.59,900494.7575000003,1132667.7541666667
43,2012-04-13,665687.92,0,70.18,3.891,212.9632857,9.575,2012,4,15,2,4,939118.24,420789.74,621425.98,961719.3025000002,1026819.3224999999
24,2012-04-13,1285783.87,0,48.65,4.187,137.868,8.983,2012,4,15,2,4,665687.92,769319.04,1840131.19,1090835.5100000002,969410.6858333334
44,2012-04-13,311390.22,0,51.7,3.833,131.108,5.621,2012,4,15,2,4,1285783.87,1472752.01,402985.7,800495.0625000002,947148.2158333333
45,2012-04-13,781970.6,0,51.83,4.044,190.7595962,8.567,2012,4,15,2,4,311390.22,939118.24,2470206.13,761208.1525000002,936479.9783333334
42,2012-04-13,639123.45,0,70.28,4.254,131.108,7.382,2012,4,15,2,4,781970.6,665687.92,503232.13,754567.0350000003,946621.9133333332
41,2012-04-13,1323004.73,0,46.84,3.901,197.780931,6.547,2012,4,15,2,4,639123.45,1285783.87,320021.1,763872.2500000002,922172.77
40,2012-04-13,857811.17,0,40.65,4.025,137.868,4.125,2012,4,15,2,4,1323004.73,311390.22,2163384.17,900477.4875000003,964337.6983333334
39,2012-04-13,1580732.73,0,71.59,3.891,220.1953389,6.989,2012,4,15,2,4,857811.17,781970.6,1197489.66,1100168.0200000003,920623.6433333334
38,2012-04-13,435790.74,0,64.28,4.254,131.108,11.627,2012,4,15,2,4,1580732.73,639123.45,2271614.76,1049334.8425000003,921873.7266666667
37,2012-04-13,506973.17,0,72.54,3.891,220.1953389,6.989,2012,4,15,2,4,435790.74,1323004.73,564848.78,845326.9525000002,900011.5708333334
36,2012-04-13,339407.94,0,72.54,3.919,220.1953389,6.989,2012,4,15,2,4,506973.17,857811.17,658468.27,715726.1450000003,805566.2316666666
23,2012-04-13,1231752.54,0,41.81,4.025,137.868,4.125,2012,4,15,2,4,339407.94,1580732.73,1604605.69,628481.0975000003,829952.4233333335
35,2012-04-13,788633.42,0,52.22,4.044,141.8433929,8.876,2012,4,15,2,4,1231752.54,435790.74,652312.11,716691.7675000003,840197.8816666668
33,2012-04-13,312698.67,0,73.17,4.254,131.108,7.396,2012,4,15,2,4,788633.42,506973.17,1460234.31,668123.1425000003,759107.4483333334
32,2012-04-13,1171834.47,0,52.1,3.901,197.780931,8.09,2012,4,15,2,4,312698.67,339407.94,1132064.23,876229.7750000004,830811.1358333332
31,2012-04-13,1407842.91,0,69.03,3.891,221.1484028,6.891,2012,4,15,2,4,1171834.47,1231752.54,1764847.94,920252.3675000003,882967.1616666666
30,2012-04-13,428784.7,0,69.03,3.891,221.1484028,6.891,2012,4,15,2,4,1407842.91,788633.42,499267.66,830290.1875000003,865438.9325000001
29,2012-04-13,520493.83,0,49.89,4.025,137.868,9.14,2012,4,15,2,4,428784.7,312698.67,331026.11,882238.9775000003,798563.0241666666
28,2012-04-13,1290684.95,0,64.28,4.254,131.108,11.627,2012,4,15,2,4,520493.83,1171834.47,860293.46,911951.5975000003,834635.8391666667
27,2012-04-13,1650405.21,0,52.22,4.187,141.8433929,8.253,2012,4,15,2,4,1290684.95,1407842.91,275911.97,972592.1725000003,840441.8791666665
26,2012-04-13,889670.29,0,36.9,4.025,137.868,7.489,2012,4,15,2,4,1650405.21,428784.7,1091020.37,1087813.5700000003,878265.1749999999
25,2012-04-13,658691.56,0,42.46,4.044,214.3127027,7.139,2012,4,15,2,4,889670.29,520493.83,1270577.01,1122363.0025000004,890908.3741666666
34,2012-04-13,987353.65,0,59.12,3.881,131.108,9.575,2012,4,15,2,4,658691.56,1290684.95,1496169.81,1046530.1775000002,944903.85
2,2012-04-20,1847344.45,0,65.69,3.877,221.2021074,6.891,2012,4,16,2,4,987353.65,1650405.21,461511.92,1095764.9875000003,996203.1758333334
1,2012-04-20,1521577.87,0,66.76,3.877,221.5640737,7.143,2012,4,16,2,4,1847344.45,889670.29,633826.55,1253741.8825000003,1057281.88
25,2012-04-20,661566.48,0,57.1,4.027,214.3675045,7.139,2012,4,16,2,4,1521577.87,658691.56,1559592.79,1254460.6125000003,1086354.1975
29,2012-04-20,525200.59,0,58.81,4.046,137.9230667,9.14,2012,4,16,2,4,661566.48,987353.65,1899013.34,1138922.3475000004,1032468.0408333334
30,2012-04-20,462909.41,0,66.97,3.877,221.2021074,6.891,2012,4,16,2,4,525200.59,1847344.45,1116829.23,792813.5875000004,953723.5825
31,2012-04-20,1407036.59,0,66.97,3.877,221.2021074,6.891,2012,4,16,2,4,462909.41,1521577.87,791356.9,764178.2675000003,1035244.5733333332
32,2012-04-20,1121405.91,0,49.15,3.936,197.7227385,8.09,2012,4,16,2,4,1407036.59,661566.48,1524734.29,879138.1250000003,1085320.58
33,2012-04-20,261837.2,0,72.94,4.111,131.1173333,7.396,2012,4,16,2,4,1121405.91,525200.59,450756.71,813297.2775000004,999583.2675
34,2012-04-20,977628.78,0,55.34,3.864,131.1173333,9.575,2012,4,16,2,4,261837.2,462909.41,558585.13,941977.1200000003,943518.5650000001
35,2012-04-20,794660.24,0,62.62,4.027,141.9015262,8.876,2012,4,16,2,4,977628.78,1407036.59,1912909.69,788883.0325000004,935601.0608333334
28,2012-04-20,1180797.2,0,66.73,4.222,131.1173333,11.627,2012,4,16,2,4,794660.24,1121405.91,877055.32,803730.8550000003,979109.8641666666
36,2012-04-20,323915.32,0,70.87,3.918,220.2483937,6.989,2012,4,16,2,4,1180797.2,261837.2,1621031.7,819250.3850000002,923823.3366666668
38,2012-04-20,401615.8,0,66.73,4.222,131.1173333,11.627,2012,4,16,2,4,323915.32,977628.78,1365098.46,675247.1400000004,803345.9491666666
39,2012-04-20,1433391.04,0,70.04,3.877,220.2483937,6.989,2012,4,16,2,4,401615.8,794660.24,2057637.86,834929.8400000003,795997.0466666667
40,2012-04-20,896979.93,0,55.3,4.046,137.9230667,4.125,2012,4,16,2,4,1433391.04,1180797.2,2045396.06,763975.5225000003,815614.8341666666
41,2012-04-20,1220815.33,0,43.57,3.936,197.7227385,6.547,2012,4,16,2,4,896979.93,323915.32,998443.5,988200.5250000004,873582.7291666666
42,2012-04-20,552529.23,0,67.75,4.111,131.1173333,7.382,2012,4,16,2,4,1220815.33,401615.8,1083811.19,1025928.8825000004,881051.0475
43,2012-04-20,638144.98,0,67.28,3.877,213.0130524,9.575,2012,4,16,2,4,552529.23,1433391.04,1935869.1,827117.3675000004,816976.7466666667
44,2012-04-20,323233.8,0,50.24,3.845,131.1173333,5.621,2012,4,16,2,4,638144.98,896979.93,1974687.51,683680.8350000003,750462.4041666667
37,2012-04-20,523483.19,0,70.87,3.877,220.2483937,6.989,2012,4,16,2,4,323233.8,1220815.33,578539.86,509347.80000000034,772266.2366666668
27,2012-04-20,1639999.47,0,62.62,4.17,141.9015262,8.253,2012,4,16,2,4,523483.19,552529.23,909989.45,781215.3600000003,827463.7941666666
26,2012-04-20,923600.02,0,50.81,4.046,137.9230667,7.489,2012,4,16,2,4,1639999.47,638144.98,517420.23,852579.1200000003,838208.7758333333
5,2012-04-20,330063.06,0,67.33,3.877,222.1512315,5.801,2012,4,16,2,4,923600.02,323233.8,1616394.45,854286.4350000004,767314.2641666667
9,2012-04-20,542819.03,0,68.04,3.877,225.3117488,5.539,2012,4,16,2,4,330063.06,523483.19,351832.03,859120.3950000005,785556.2400000001
10,2012-04-20,1777166.53,0,67.75,4.111,131.1173333,7.382,2012,4,16,2,4,542819.03,1639999.47,2105301.39,893412.1600000004,900185.4675000001
11,2012-04-20,1315356.99,0,71.97,3.877,225.0689541,6.664,2012,4,16,2,4,1777166.53,923600.02,420789.74,991351.4025000003,890349.2966666667
12,2012-04-20,1006486.96,0,66.73,4.222,131.1173333,11.627,2012,4,16,2,4,1315356.99,330063.06,769319.04,1160457.3775000004,899474.8825
13,2012-04-20,1955689.12,0,50.24,3.845,131.1173333,5.965,2012,4,16,2,4,1006486.96,542819.03,1472752.01,1513674.9000000004,960714.3650000001
14,2012-04-20,1875686.44,0,63.13,4.027,190.8138013,8.567,2012,4,16,2,4,1955689.12,1777166.53,939118.24,1538304.8775000004,1070977.4658333333
15,2012-04-20,534780.57,0,54.47,4.17,137.9230667,8.15,2012,4,16,2,4,1875686.44,1315356.99,665687.92,1343160.7725000004,1062363.765
16,2012-04-20,436221.26,0,43.61,3.936,197.7227385,6.169,2012,4,16,2,4,534780.57,1006486.96,1285783.87,1200594.3475000004,1071779.3866666667
17,2012-04-20,1119979.98,0,47.69,3.845,131.1173333,6.235,2012,4,16,2,4,436221.26,1955689.12,311390.22,991667.0625000003,1121487.4525
18,2012-04-20,1025813.8,0,60.88,4.046,137.9230667,8.304,2012,4,16,2,4,1119979.98,1875686.44,781970.6,779198.9025000003,1070305.3133333332
19,2012-04-20,1255087.26,0,55.2,4.17,137.9230667,8.15,2012,4,16,2,4,1025813.8,534780.57,639123.45,959275.5750000004,1097929.25
20,2012-04-20,1884427.84,0,60.11,4.027,214.3675045,7.139,2012,4,16,2,4,1255087.26,436221.26,1323004.73,1321327.2200000002,1227459.6483333334
21,2012-04-20,734858.91,0,66.97,3.877,221.2021074,6.891,2012,4,16,2,4,1884427.84,1119979.98,857811.17,1225046.9525000004,1243462.9716666667
22,2012-04-20,1000342.87,0,58.81,4.046,141.9015262,7.671,2012,4,16,2,4,734858.91,1025813.8,1580732.73,1218679.2200000004,1178727.6666666667
23,2012-04-20,1287899.41,0,56.55,4.046,137.9230667,4.125,2012,4,16,2,4,1000342.87,1255087.26,435790.74,1226882.2575000003,1176439.535
24,2012-04-20,1208654.4,0,61.05,4.17,137.9230667,8.983,2012,4,16,2,4,1287899.41,1884427.84,506973.17,1057938.8975000004,1193286.8216666668
6,2012-04-20,1456073.24,0,68.64,3.877,223.17092,5.964,2012,4,16,2,4,1208654.4,734858.91,339407.94,1238242.4800000002,1151652.165
45,2012-04-20,776661.74,0,63.13,4.027,190.8138013,8.567,2012,4,16,2,4,1456073.24,1000342.87,1231752.54,1182322.1975000002,1060066.7733333332
8,2012-04-20,872288.46,0,63.59,3.877,225.1179914,5.679,2012,4,16,2,4,776661.74,1287899.41,788633.42,1078419.4600000002,1088192.4308333334
7,2012-04-20,457340.06,0,39.3,3.936,197.7227385,8.09,2012,4,16,2,4,872288.46,1208654.4,312698.67,890590.8750000003,1089952.3308333333
3,2012-04-20,434822.13,0,72.05,3.877,225.0689541,6.664,2012,4,16,2,4,457340.06,1456073.24,1171834.47,635278.0975000003,1032855.8433333333
4,2012-04-20,2144336.89,0,68.6,3.864,131.1173333,4.308,2012,4,16,2,4,434822.13,776661.74,1407842.91,977196.8850000002,1126066.1008333333
5,2012-04-27,324839.74,0,68.96,3.814,222.2053519,5.801,2012,4,17,2,4,2144336.89,872288.46,428784.7,840334.7050000003,1048545.4741666666
28,2012-04-27,1170456.16,0,77.99,4.193,131.1266667,11.627,2012,4,17,2,4,324839.74,457340.06,520493.83,1018613.7300000003,989047.8341666666
29,2012-04-27,497250.22,0,51.42,4.023,137.9781333,9.14,2012,4,17,2,4,1170456.16,434822.13,1290684.95,1034220.7525000004,969247.1099999999
30,2012-04-27,433744.83,0,69.21,3.814,221.255812,6.891,2012,4,17,2,4,497250.22,2144336.89,1650405.21,606572.7375000003,922030.6066666666
31,2012-04-27,1311352.25,0,69.21,3.814,221.255812,6.891,2012,4,17,2,4,433744.83,324839.74,889670.29,853200.8650000002,923985.0099999999
32,2012-04-27,1126962.44,0,61.76,3.927,197.664546,8.09,2012,4,17,2,4,1311352.25,1170456.16,658691.56,842327.4350000003,917177.3466666667
33,2012-04-27,249798.75,0,83.07,4.088,131.1266667,7.396,2012,4,17,2,4,1126962.44,497250.22,987353.65,780464.5675000004,816654.4725000001
34,2012-04-27,940299.87,0,66.49,3.81,131.1266667,9.575,2012,4,17,2,4,249798.75,433744.83,1847344.45,907103.3275000004,830290.9833333334
35,2012-04-27,721212.45,0,52.33,4.004,141.9596595,8.876,2012,4,17,2,4,940299.87,1311352.25,1521577.87,759568.3775000004,817701.3158333333
37,2012-04-27,528807.45,0,70.06,3.814,220.3014485,6.989,2012,4,17,2,4,721212.45,1126962.44,661566.48,610029.6300000004,823656.9316666666
27,2012-04-27,1565498.84,0,52.33,4.163,141.9596595,8.253,2012,4,17,2,4,528807.45,249798.75,525200.59,938954.6525000003,917879.9908333333
38,2012-04-27,419964.77,0,77.99,4.193,131.1266667,11.627,2012,4,17,2,4,1565498.84,940299.87,462909.41,808870.8775000003,774182.3141666666
39,2012-04-27,1456997.2,0,69.11,3.814,220.3014485,6.989,2012,4,17,2,4,419964.77,721212.45,1407036.59,992817.0650000004,868528.7691666667
40,2012-04-27,875372.91,0,47.51,4.023,137.9781333,4.125,2012,4,17,2,4,1456997.2,528807.45,1121405.91,1079458.4300000004,843938.4983333334
41,2012-04-27,1248950.65,0,57.66,3.927,197.664546,6.547,2012,4,17,2,4,875372.91,1565498.84,261837.2,1000321.3825000003,906580.2008333333
42,2012-04-27,526625.49,0,80.11,4.088,131.1266667,7.382,2012,4,17,2,4,1248950.65,419964.77,977628.78,1026986.5625000002,914320.2558333334
43,2012-04-27,593138.59,0,78.27,3.814,213.062819,9.575,2012,4,17,2,4,526625.49,1456997.2,794660.24,811021.9100000003,854469.1175
44,2012-04-27,330338.36,0,64.8,3.842,131.1266667,5.621,2012,4,17,2,4,593138.59,875372.91,1180797.2,674763.2725000003,788083.7774999999
36,2012-04-27,308389.82,0,70.06,3.888,220.3014485,6.989,2012,4,17,2,4,330338.36,1248950.65,323915.32,439623.06500000035,792966.3666666666
26,2012-04-27,911969.0,0,43.6,4.023,137.9781333,7.489,2012,4,17,2,4,308389.82,526625.49,401615.8,535958.9425000004,790605.4608333333
25,2012-04-27,655157.32,0,44.2,4.004,214.4223063,7.139,2012,4,17,2,4,911969.0,593138.59,1433391.04,551463.6250000003,785100.8666666667
24,2012-04-27,1194334.65,0,49.26,4.163,137.9781333,8.983,2012,4,17,2,4,655157.32,330338.36,896979.93,767462.6975000002,840561.4666666667
7,2012-04-27,467827.75,0,51.49,3.927,197.664546,8.09,2012,4,17,2,4,1194334.65,308389.82,1220815.33,807322.1800000004,749088.8758333334
3,2012-04-27,394616.11,0,73.39,3.814,225.1243526,6.664,2012,4,17,2,4,467827.75,911969.0,552529.23,677983.9575000004,746976.4874999999
2,2012-04-27,1764133.09,0,67.2,3.814,221.255812,6.891,2012,4,17,2,4,394616.11,655157.32,638144.98,955227.9000000003,772571.145
8,2012-04-27,879448.25,0,70.34,3.814,225.1734114,5.679,2012,4,17,2,4,1764133.09,1194334.65,323233.8,876506.3000000003,772910.7566666667
9,2012-04-27,550414.99,0,73.07,3.814,225.3672537,5.539,2012,4,17,2,4,879448.25,467827.75,523483.19,897153.1100000003,714699.4516666667
10,2012-04-27,1712987.56,0,80.11,4.088,131.1266667,7.382,2012,4,17,2,4,550414.99,394616.11,1639999.47,1226745.9725000004,813562.9575
11,2012-04-27,1236238.29,0,73.4,3.814,225.1243526,6.664,2012,4,17,2,4,1712987.56,1764133.09,923600.02,1094772.2725000002,867154.5991666667
13,2012-04-27,1970121.65,0,64.8,3.842,131.1266667,5.965,2012,4,17,2,4,1236238.29,879448.25,330063.06,1367440.6225000003,1003803.2066666667
6,2012-04-27,1456221.1,0,71.5,3.814,223.2254871,5.964,2012,4,17,2,4,1970121.65,550414.99,542819.03,1593892.1500000001,1099455.8133333335
14,2012-04-27,1784029.95,0,53.2,4.004,190.8680064,8.567,2012,4,17,2,4,1456221.1,1712987.56,1777166.53,1611652.7475000003,1172127.5591666668
16,2012-04-27,398445.15,0,59.69,3.927,197.664546,6.169,2012,4,17,2,4,1784029.95,1236238.29,1315356.99,1402204.4625000004,1150734.8783333334
17,2012-04-27,925916.65,0,59.11,3.842,131.1266667,6.235,2012,4,17,2,4,398445.15,1970121.65,1006486.96,1141153.2125000001,1128366.7116666667
18,2012-04-27,961186.23,0,50.43,4.023,137.9781333,8.304,2012,4,17,2,4,925916.65,1456221.1,1955689.12,1017394.4950000003,1169479.9183333332
19,2012-04-27,1285897.24,0,42.45,4.163,137.9781333,8.15,2012,4,17,2,4,961186.23,1784029.95,1875686.44,892861.3175000002,1243753.3458333334
20,2012-04-27,1886503.93,0,47.64,4.004,214.4223063,7.139,2012,4,17,2,4,1285897.24,398445.15,534780.57,1264876.0125000002,1253950.9158333333
21,2012-04-27,674829.58,0,69.21,3.814,221.255812,6.891,2012,4,17,2,4,1886503.93,925916.65,436221.26,1202104.245,1236899.3599999999
22,2012-04-27,922539.94,0,51.42,4.023,141.9596595,7.671,2012,4,17,2,4,674829.58,961186.23,1119979.98,1192442.6725000003,1267909.7725000002
23,2012-04-27,1277758.76,0,44.62,4.023,137.9781333,4.125,2012,4,17,2,4,922539.94,1285897.24,1025813.8,1190408.0525000002,1231640.7058333333
15,2012-04-27,527402.62,0,41.57,4.163,137.9781333,8.15,2012,4,17,2,4,1277758.76,1886503.93,1255087.26,850632.7250000003,1172571.0666666667
4,2012-04-27,2064065.66,0,76.47,3.81,131.1266667,4.308,2012,4,17,2,4,527402.62,674829.58,1884427.84,1197941.745,1180399.7341666666
12,2012-04-27,1004252.38,0,77.99,4.193,131.1266667,11.627,2012,4,17,2,4,2064065.66,922539.94,734858.91,1218369.8550000002,1142735.6741666666
45,2012-04-27,711571.88,0,53.2,4.004,190.8680064,8.567,2012,4,17,2,4,1004252.38,1277758.76,1000342.87,1076823.1350000002,1053364.1683333332
1,2012-04-27,1468928.37,0,67.23,3.814,221.6179368,7.143,2012,4,17,2,4,711571.88,527402.62,1287899.41,1312204.5725000002,1142571.1033333333
25,2012-05-04,696421.72,0,58.76,3.951,214.4771081,7.139,2012,5,18,2,4,1468928.37,2064065.66,1208654.4,970293.5875000003,1123446.5258333331
26,2012-05-04,946573.29,0,40.29,3.991,138.0332,7.489,2012,5,18,2,4,696421.72,1004252.38,1456073.24,955873.8150000003,1122228.7808333335
27,2012-05-04,1669388.45,0,53.68,4.124,142.0177929,8.253,2012,5,18,2,4,946573.29,711571.88,776661.74,1195327.9575000003,1154186.3816666666
28,2012-05-04,1450628.85,0,76.03,4.171,131.136,11.627,2012,5,18,2,4,1669388.45,1468928.37,872288.46,1190753.0775000001,1117863.4583333333
29,2012-05-04,504963.84,0,50.75,3.991,138.0332,9.14,2012,5,18,2,4,1450628.85,696421.72,457340.06,1142888.6075000002,1103707.98
30,2012-05-04,454477.54,0,77.53,3.749,221.3095166,6.891,2012,5,18,2,4,504963.84,946573.29,434822.13,1019864.6700000003,1064702.78
31,2012-05-04,1391257.28,0,77.53,3.749,221.3095166,6.891,2012,5,18,2,4,454477.54,1669388.45,2144336.89,950331.8775000003,1074160.99
32,2012-05-04,1187384.53,0,58.29,3.903,197.6063534,8.09,2012,5,18,2,4,1391257.28,1450628.85,324839.74,884520.7975000003,1129159.4825000002
33,2012-05-04,270497.51,0,82.43,4.058,131.136,7.396,2012,5,18,2,4,1187384.53,504963.84,1170456.16,825904.2150000002,979695.4700000001
34,2012-05-04,991104.4,0,65.04,3.747,131.136,9.575,2012,5,18,2,4,270497.51,454477.54,497250.22,960060.9300000002,978599.805
4,2012-05-04,2196968.33,0,80.14,3.747,131.136,4.308,2012,5,18,2,4,991104.4,1391257.28,433744.83,1161488.6925000004,1102382.8425
36,2012-05-04,312467.52,0,77.17,3.835,220.3545033,6.989,2012,5,18,2,4,2196968.33,1187384.53,1311352.25,942759.4400000002,1006011.105
37,2012-05-04,535311.64,0,77.17,3.749,220.3545033,6.989,2012,5,18,2,4,312467.52,270497.51,1126962.44,1008962.9725000003,992585.265
38,2012-05-04,491755.69,0,76.03,4.171,131.136,11.627,2012,5,18,2,4,535311.64,991104.4,249798.75,884125.7950000003,954683.7983333333
39,2012-05-04,1512227.34,0,77.15,3.749,220.3545033,6.989,2012,5,18,2,4,491755.69,2196968.33,940299.87,712940.5475000003,941587.0391666667
40,2012-05-04,993311.59,0,44.47,3.991,138.0332,4.125,2012,5,18,2,4,1512227.34,312467.52,721212.45,883151.5650000003,903477.2675000001
41,2012-05-04,1359770.73,0,52.86,3.903,197.6063534,6.547,2012,5,18,2,4,993311.59,535311.64,528807.45,1089266.3375000004,974711.1750000002
42,2012-05-04,609274.89,0,77.02,4.058,131.136,7.382,2012,5,18,2,4,1359770.73,491755.69,1565498.84,1118646.1375000002,987610.9541666666
43,2012-05-04,637964.2,0,77.47,3.749,213.1125857,9.575,2012,5,18,2,4,609274.89,1512227.34,419964.77,900080.3525000003,924836.5308333334
44,2012-05-04,326053.28,0,54.41,3.831,131.136,5.621,2012,5,18,2,4,637964.2,993311.59,1456997.2,733265.7750000003,853058.9266666666
24,2012-05-04,1306551.71,0,52.14,4.124,138.0332,8.983,2012,5,18,2,4,326053.28,1359770.73,875372.91,719961.0200000003,939396.7766666667
35,2012-05-04,772036.6,0,53.68,3.951,142.0177929,8.876,2012,5,18,2,4,1306551.71,609274.89,1248950.65,760651.4475000002,921141.1266666666
23,2012-05-04,1317379.68,0,45.88,3.991,138.0332,4.125,2012,5,18,2,4,772036.6,637964.2,526625.49,930505.3175000002,847842.0725000001
21,2012-05-04,697645.32,0,77.53,3.749,221.3095166,6.891,2012,5,18,2,4,1317379.68,326053.28,593138.59,1023403.3275000001,879940.2225
3,2012-05-04,439913.57,0,79.51,3.749,225.1797511,6.664,2012,5,18,2,4,697645.32,1306551.71,330338.36,806743.7925000002,871990.3833333334
2,2012-05-04,1923957.09,0,76.73,3.749,221.3095166,6.891,2012,5,18,2,4,439913.57,772036.6,308389.82,1094723.915,991340.5
45,2012-05-04,782300.68,0,55.21,3.951,190.9222115,8.567,2012,5,18,2,4,1923957.09,1317379.68,911969.0,960954.1650000003,930513.2783333333
5,2012-05-04,360932.69,0,77.1,3.749,222.2594722,5.801,2012,5,18,2,4,782300.68,697645.32,655157.32,876776.0075000003,877815.0366666666
6,2012-05-04,1543461.12,0,77.66,3.749,223.2800541,5.964,2012,5,18,2,4,360932.69,439913.57,1194334.65,1152662.8950000003,893122.5691666667
7,2012-05-04,465198.89,0,45.38,3.903,197.6063534,8.09,2012,5,18,2,4,1543461.12,1923957.09,467827.75,787973.3450000003,881116.2358333333
8,2012-05-04,937232.09,0,73.96,3.749,225.2288314,5.679,2012,5,18,2,4,465198.89,782300.68,394616.11,826706.1975000002,906055.2266666666
9,2012-05-04,586289.08,0,78.98,3.749,225.4227585,5.539,2012,5,18,2,4,937232.09,360932.69,1764133.09,883045.2950000003,927741.5433333333
22,2012-05-04,1005083.31,0,50.75,3.991,142.0177929,7.671,2012,5,18,2,4,586289.08,1543461.12,879448.25,748450.8425000003,902619.1766666666
10,2012-05-04,1821364.42,0,77.02,4.058,131.136,7.382,2012,5,18,2,4,1005083.31,465198.89,550414.99,1087492.225,990063.1616666666
12,2012-05-04,1073433.69,0,76.03,4.171,131.136,11.627,2012,5,18,2,4,1821364.42,937232.09,1712987.56,1121542.6250000002,969734.3291666666
13,2012-05-04,1995994.51,0,54.41,3.831,131.136,5.965,2012,5,18,2,4,1073433.69,586289.08,1236238.29,1473968.9825000002,1077930.095
14,2012-05-04,1949354.29,0,55.21,3.951,190.9222115,8.567,2012,5,18,2,4,1995994.51,1005083.31,1970121.65,1710036.7275000003,1203716.8216666665
15,2012-05-04,577868.38,0,51.04,4.124,138.0332,8.15,2012,5,18,2,4,1949354.29,1821364.42,1456221.1,1399162.7175,1091542.7625
16,2012-05-04,426959.62,0,51.34,3.903,197.6063534,6.169,2012,5,18,2,4,577868.38,1073433.69,1784029.95,1237544.2000000002,1061931.0075
17,2012-05-04,930121.14,0,48.86,3.831,131.136,6.235,2012,5,18,2,4,426959.62,1995994.51,398445.15,971075.8575000003,1109363.3783333334
18,2012-05-04,1050027.89,0,49.66,3.991,138.0332,8.304,2012,5,18,2,4,930121.14,1949354.29,925916.65,746244.2575000003,1068243.9425
19,2012-05-04,1405007.44,0,50.76,4.124,138.0332,8.15,2012,5,18,2,4,1050027.89,577868.38,961186.23,953029.0225000002,1146561.3216666668
20,2012-05-04,2163510.89,0,62.74,3.951,214.4771081,7.139,2012,5,18,2,4,1405007.44,426959.62,1285897.24,1387166.8400000003,1248751.2216666667
11,2012-05-04,1370251.22,0,79.07,3.749,225.1797511,6.664,2012,5,18,2,4,2163510.89,930121.14,1886503.93,1497199.3600000003,1314081.4000000001
1,2012-05-04,1684519.99,0,75.55,3.749,221.6718,7.143,2012,5,18,2,4,1370251.22,1050027.89,674829.58,1655822.3850000002,1370701.1233333333
1,2012-05-11,1611096.05,0,73.77,3.688,221.7256632,7.143,2012,5,19,2,4,1684519.99,1405007.44,922539.94,1707344.5375000003,1353178.7591666668
23,2012-05-11,1321914.34,0,52.9,3.947,138.0882667,4.125,2012,5,19,2,4,1611096.05,2163510.89,1277758.76,1496945.4000000004,1373885.4800000002
2,2012-05-11,1917520.99,0,73.87,3.688,221.3632212,6.891,2012,5,19,2,4,1321914.34,1370251.22,527402.62,1633762.8425000003,1367346.02
27,2012-05-11,1674306.31,0,58.97,4.055,142.0759262,8.253,2012,5,19,2,4,1917520.99,1684519.99,2064065.66,1631209.4225000003,1344425.355
28,2012-05-11,1264575.18,0,77.27,4.186,131.1453333,11.627,2012,5,19,2,4,1674306.31,1611096.05,1004252.38,1544579.2050000003,1401650.9216666666
29,2012-05-11,529707.87,0,56.72,3.947,138.0882667,9.14,2012,5,19,2,4,1264575.18,1321914.34,711571.88,1346527.5875000004,1410213.2758333331
30,2012-05-11,436070.45,0,74.14,3.688,221.3632212,6.891,2012,5,19,2,4,529707.87,1917520.99,1468928.37,976164.9525000002,1369042.385
31,2012-05-11,1392938.06,0,74.14,3.688,221.3632212,6.891,2012,5,19,2,4,436070.45,1674306.31,696421.72,905822.8900000004,1397618.2325000002
32,2012-05-11,1187051.07,0,55.4,3.87,197.5481609,8.09,2012,5,19,2,4,1392938.06,1264575.18,946573.29,886441.8625000004,1379455.2016666667
33,2012-05-11,295841.84,0,81.02,4.186,131.1453333,7.396,2012,5,19,2,4,1187051.07,529707.87,1669388.45,827975.3550000003,1223816.1141666668
35,2012-05-11,802383.63,0,58.97,3.889,142.0759262,8.876,2012,5,19,2,4,295841.84,436070.45,1450628.85,919553.6500000004,1176493.8150000002
26,2012-05-11,1062548.73,0,47.11,3.947,138.0882667,7.489,2012,5,19,2,4,802383.63,1392938.06,504963.84,836956.3175000004,1124662.8766666667
36,2012-05-11,330518.34,0,76.55,3.764,220.4075581,6.989,2012,5,19,2,4,1062548.73,1187051.07,454477.54,622823.1350000004,1017948.0674999999
38,2012-05-11,429914.6,0,77.27,4.186,131.1453333,11.627,2012,5,19,2,4,330518.34,295841.84,1391257.28,656341.3250000004,943614.7558333334
39,2012-05-11,1470792.41,0,75.52,3.688,220.4075581,6.989,2012,5,19,2,4,429914.6,802383.63,1187384.53,823443.5200000003,906387.3741666665
40,2012-05-11,967729.35,0,52.06,3.947,138.0882667,4.125,2012,5,19,2,4,1470792.41,1062548.73,270497.51,799738.6750000003,847505.9608333334
41,2012-05-11,1353285.1,0,50.22,3.87,197.5481609,6.547,2012,5,19,2,4,967729.35,330518.34,991104.4,1055430.3650000002,854898.4541666667
42,2012-05-11,643603.69,0,76.03,4.186,131.1453333,7.382,2012,5,19,2,4,1353285.1,429914.6,2196968.33,1108852.6375000002,864389.7725
43,2012-05-11,640159.04,0,67.59,3.688,213.1623524,9.575,2012,5,19,2,4,643603.69,1470792.41,312467.52,901194.2950000003,881397.1550000001
44,2012-05-11,341381.08,0,56.47,3.809,131.1453333,5.621,2012,5,19,2,4,640159.04,967729.35,535311.64,744607.2275000004,793767.4066666667
45,2012-05-11,770487.37,0,61.24,3.889,190.9764167,8.567,2012,5,19,2,4,341381.08,1353285.1,491755.69,598907.7950000004,759053.765
37,2012-05-11,527983.04,0,76.55,3.688,220.4075581,6.989,2012,5,19,2,4,770487.37,643603.69,1512227.34,570002.6325000003,778398.8650000001
25,2012-05-11,739866.16,0,59.21,3.889,214.5319099,7.139,2012,5,19,2,4,527983.04,640159.04,993311.59,594929.4125000003,773189.0758333333
34,2012-05-11,949625.52,0,61.92,3.685,131.1453333,9.575,2012,5,19,2,4,739866.16,341381.08,1359770.73,746990.5225000003,763778.8083333332
22,2012-05-11,997868.63,0,56.72,3.947,142.0759262,7.671,2012,5,19,2,4,949625.52,770487.37,609274.89,803835.8375000004,819391.3325
24,2012-05-11,1355391.79,0,58.7,4.055,138.0882667,8.983,2012,5,19,2,4,997868.63,527983.04,637964.2,1010688.0250000004,896514.4316666666
4,2012-05-11,2127661.17,0,67.64,3.685,131.1453333,4.308,2012,5,19,2,4,1355391.79,739866.16,326053.28,1357636.7775000003,951253.4950000001
5,2012-05-11,333870.52,0,73.45,3.688,222.3135926,5.801,2012,5,19,2,4,2127661.17,949625.52,1306551.71,1203698.0275000003,898431.9258333334
6,2012-05-11,1517075.67,0,72.66,3.688,223.3346212,5.964,2012,5,19,2,4,333870.52,997868.63,772036.6,1333499.7875,912081.1400000001
7,2012-05-11,460397.41,0,48.54,3.87,197.5481609,8.09,2012,5,19,2,4,1517075.67,1355391.79,1317379.68,1109751.1925000001,896813.9500000001
8,2012-05-11,920128.89,0,64.96,3.688,225.2842514,5.679,2012,5,19,2,4,460397.41,2127661.17,697645.32,807868.1225000003,920144.7708333334
9,2012-05-11,592572.3,0,70.94,3.688,225.4782634,5.539,2012,5,19,2,4,920128.89,333870.52,439913.57,872543.5675000002,941077.3725
10,2012-05-11,1792345.3,0,76.03,4.186,131.1453333,7.382,2012,5,19,2,4,592572.3,1517075.67,1923957.09,941360.9750000003,1026232.2000000001
11,2012-05-11,1300147.07,0,75.13,3.688,225.2351496,6.664,2012,5,19,2,4,1792345.3,460397.41,782300.68,1151298.3900000001,1090579.2025
12,2012-05-11,1041995.22,0,77.27,4.186,131.1453333,11.627,2012,5,19,2,4,1300147.07,920128.89,360932.69,1181764.9725000004,1115756.6241666668
3,2012-05-11,431985.36,0,75.19,3.688,225.2351496,6.664,2012,5,19,2,4,1041995.22,592572.3,1543461.12,1141618.2375000003,1072619.9441666666
14,2012-05-11,1987531.05,0,61.24,3.889,190.9764167,8.567,2012,5,19,2,4,431985.36,1792345.3,465198.89,1190414.6750000003,1155091.8125
15,2012-05-11,579539.95,0,54.23,4.055,138.0882667,8.15,2012,5,19,2,4,1987531.05,1300147.07,937232.09,1010262.8950000003,1090437.4925
16,2012-05-11,479855.0,0,53.57,3.87,197.5481609,6.169,2012,5,19,2,4,579539.95,1041995.22,586289.08,869727.8400000003,953120.3116666665
17,2012-05-11,944100.3,0,49.96,3.809,131.1453333,6.235,2012,5,19,2,4,479855.0,431985.36,1005083.31,997756.5750000002,1003972.7933333333
18,2012-05-11,1060433.1,0,57.44,3.947,138.0882667,8.304,2012,5,19,2,4,944100.3,1987531.05,1821364.42,765982.0875000003,965919.2458333332
19,2012-05-11,1442873.22,0,55.33,4.055,138.0882667,8.15,2012,5,19,2,4,1060433.1,579539.95,1073433.69,981815.4050000003,1047792.23
20,2012-05-11,2168097.11,0,63.19,3.889,214.5319099,7.139,2012,5,19,2,4,1442873.22,479855.0,1995994.51,1403875.9325000003,1151789.5816666668
21,2012-05-11,649945.54,0,74.14,3.688,221.3632212,6.891,2012,5,19,2,4,2168097.11,944100.3,1949354.29,1330337.2425000004,1156570.6849999998
13,2012-05-11,2080764.17,0,56.47,3.809,131.1453333,5.965,2012,5,19,2,4,649945.54,1060433.1,577868.38,1585420.0100000002,1180605.5908333333
20,2012-05-18,2039222.26,0,60.99,3.848,214.5485571,7.139,2012,5,20,2,4,2080764.17,1442873.22,426959.62,1734507.2700000003,1242195.19
13,2012-05-18,2131900.55,0,65.17,3.808,131.0983226,5.965,2012,5,20,2,4,2039222.26,2168097.11,930121.14,1725458.1300000001,1333020.6341666665
14,2012-05-18,1932233.17,0,66.3,3.848,190.9964479,8.567,2012,5,20,2,4,2131900.55,649945.54,1050027.89,2046030.0375,1458041.2850000001
15,2012-05-18,600050.98,0,58.84,4.029,138.1065806,8.15,2012,5,20,2,4,1932233.17,2080764.17,1405007.44,1675851.7400000002,1342417.9458333333
19,2012-05-18,1366937.1,0,58.81,4.029,138.1065806,8.15,2012,5,20,2,4,600050.98,2039222.26,2163510.89,1507780.4500000002,1408034.375
17,2012-05-18,968816.33,0,59.67,3.808,131.0983226,6.235,2012,5,20,2,4,1366937.1,2131900.55,1370251.22,1217009.3950000003,1448781.1524999999
18,2012-05-18,1047444.59,0,62.31,3.899,138.1065806,8.304,2012,5,20,2,4,968816.33,1932233.17,1684519.99,995812.2500000002,1457393.1766666665
12,2012-05-18,1020486.05,0,84.51,4.11,131.0983226,11.627,2012,5,20,2,4,1047444.59,600050.98,1611096.05,1100921.0175000003,1454064.2558333334
16,2012-05-18,493506.47,0,56.74,3.837,197.5553137,6.169,2012,5,20,2,4,1020486.05,1366937.1,1321914.34,882563.3600000002,1374950.3599999999
11,2012-05-18,1352442.31,0,72.53,3.63,225.2512024,6.664,2012,5,20,2,4,493506.47,968816.33,1917520.99,978469.8550000002,1306979.1266666667
6,2012-05-18,1513635.64,0,70.5,3.63,223.3511928,5.964,2012,5,20,2,4,1352442.31,1047444.59,1674306.31,1095017.6175000002,1378953.3016666668
9,2012-05-18,571463.93,0,69.52,3.63,225.4942498,5.539,2012,5,20,2,4,1513635.64,1020486.05,1264575.18,982762.0875000003,1253178.2816666665
8,2012-05-18,913922.01,0,64.16,3.63,225.3002908,5.679,2012,5,20,2,4,571463.93,493506.47,529707.87,1087865.9725000001,1159403.2608333332
7,2012-05-18,468428.3,0,49.41,3.837,197.5553137,8.09,2012,5,20,2,4,913922.01,1352442.31,436070.45,866862.4700000002,1020780.5733333334
5,2012-05-18,336189.66,0,70.45,3.63,222.330443,5.801,2012,5,20,2,4,468428.3,1513635.64,1392938.06,572500.9750000002,887776.9474999999
4,2012-05-18,2207214.81,0,68.43,3.62,131.0983226,4.308,2012,5,20,2,4,336189.66,571463.93,1187051.07,981438.6950000002,1021707.2666666666
3,2012-05-18,418112.76,0,72.38,3.63,225.2512024,6.664,2012,5,20,2,4,2207214.81,913922.01,295841.84,857486.3825000003,942638.5716666667
2,2012-05-18,2000940.67,0,71.27,3.63,221.380331,6.891,2012,5,20,2,4,418112.76,468428.3,802383.63,1240614.475,1028648.9333333332
1,2012-05-18,1595901.87,0,70.33,3.63,221.742674,7.143,2012,5,20,2,4,2000940.67,336189.66,1062548.73,1555542.5275,1074353.7066666668
10,2012-05-18,1795152.73,0,85.19,4.308,131.0983226,7.382,2012,5,20,2,4,1595901.87,2207214.81,330518.34,1452527.0075000003,1138909.2633333334
22,2012-05-18,986612.02,0,61.9,3.899,142.0970115,7.671,2012,5,20,2,4,1795152.73,418112.76,429914.6,1594651.8225000002,1180001.3925
21,2012-05-18,700554.16,0,72.42,3.63,221.380331,6.891,2012,5,20,2,4,986612.02,2000940.67,1470792.41,1269555.1950000003,1125677.3800000001
24,2012-05-18,1298809.8,0,63.1,4.029,138.1065806,8.983,2012,5,20,2,4,700554.16,1595901.87,967729.35,1195282.1775000002,1107775.2266666666
45,2012-05-18,800842.28,0,66.3,3.848,190.9964479,8.567,2012,5,20,2,4,1298809.8,1795152.73,1353285.1,946704.5650000002,1126890.0891666666
44,2012-05-18,334042.43,0,65.17,3.808,131.0983226,5.621,2012,5,20,2,4,800842.28,986612.02,643603.69,783562.1675000003,1078566.7908333333
43,2012-05-18,648541.81,0,72.06,3.63,213.1753618,9.575,2012,5,20,2,4,334042.43,700554.16,640159.04,770559.0800000003,1093576.25
42,2012-05-18,590636.38,0,85.19,4.308,131.0983226,7.382,2012,5,20,2,4,648541.81,1298809.8,341381.08,593515.7250000002,1114780.1433333333
41,2012-05-18,1331514.44,0,55.24,3.837,197.5553137,6.547,2012,5,20,2,4,590636.38,800842.28,770487.37,726183.7650000001,1041805.1125000002
40,2012-05-18,896295.41,0,57.59,3.899,138.1065806,4.125,2012,5,20,2,4,1331514.44,334042.43,527983.04,866747.0100000001,1081653.6666666667
39,2012-05-18,1522978.54,0,72.36,3.63,220.4252149,6.989,2012,5,20,2,4,896295.41,648541.81,739866.16,1085356.1925000001,1041823.4891666668
38,2012-05-18,412314.71,0,84.51,4.11,131.0983226,11.627,2012,5,20,2,4,1522978.54,590636.38,949625.52,1040775.7750000001,943191.2258333334
37,2012-05-18,534847.96,0,73.7,3.63,220.4252149,6.989,2012,5,20,2,4,412314.71,1331514.44,997868.63,841609.1550000001,838165.8283333333
36,2012-05-18,324801.13,0,73.7,3.713,220.4252149,6.989,2012,5,20,2,4,534847.96,896295.41,1355391.79,698735.5850000001,783014.9208333334
35,2012-05-18,819196.68,0,65.15,3.848,142.0970115,8.876,2012,5,20,2,4,324801.13,1522978.54,2127661.17,522790.1200000001,792901.7975
23,2012-05-18,1332952.47,0,58.42,3.899,138.1065806,4.125,2012,5,20,2,4,819196.68,412314.71,333870.52,752949.56,795747.02
33,2012-05-18,276899.95,0,89.81,4.308,131.0983226,7.396,2012,5,20,2,4,1332952.47,534847.96,1517075.67,688462.5575000001,752085.1591666667
34,2012-05-18,998672.85,0,64.97,3.62,131.0983226,9.575,2012,5,20,2,4,276899.95,324801.13,460397.41,856930.4875000002,807471.0274999999
26,2012-05-18,978082.84,0,52.55,3.899,138.1065806,7.489,2012,5,20,2,4,998672.85,819196.68,920128.89,896652.0275000001,834932.7800000001
27,2012-05-18,1707158.82,0,65.15,4.029,142.0970115,8.253,2012,5,20,2,4,978082.84,1332952.47,592572.3,990203.6150000002,927976.3166666668
28,2012-05-18,1213310.45,0,84.51,4.11,131.0983226,11.627,2012,5,20,2,4,1707158.82,276899.95,1792345.3,1224306.2400000002,918125.9841666667
25,2012-05-18,717207.19,0,58.21,3.848,214.5485571,7.139,2012,5,20,2,4,1213310.45,998672.85,1300147.07,1153939.8250000002,903201.9658333333
30,2012-05-18,460945.14,0,72.42,3.63,221.380331,6.891,2012,5,20,2,4,717207.19,978082.84,1041995.22,1024655.4000000001,814699.1825000001
31,2012-05-18,1441473.82,0,72.42,3.63,221.380331,6.891,2012,5,20,2,4,460945.14,1707158.82,431985.36,958234.1500000001,900462.4416666668
32,2012-05-18,1177539.71,0,57.46,3.837,197.5553137,8.09,2012,5,20,2,4,1441473.82,1213310.45,1987531.05,949291.4650000001,954020.0874999999
29,2012-05-18,543706.04,0,61.9,3.899,138.1065806,9.14,2012,5,20,2,4,1177539.71,717207.19,579539.95,905916.1775000002,972262.1633333334
34,2012-05-25,1015737.61,0,72.42,3.551,131.0287742,9.575,2012,5,21,2,4,543706.04,460945.14,479855.0,1044614.2950000002,988640.5741666667
28,2012-05-25,1151214.41,0,83.84,4.293,131.0287742,11.627,2012,5,21,2,4,1015737.61,1441473.82,944100.3,972049.4425000001,973495.7358333333
29,2012-05-25,549665.67,0,62.39,3.85,138.1101935,9.14,2012,5,21,2,4,1151214.41,1177539.71,1060433.1,815080.9325000001,996226.2125
30,2012-05-25,449355.91,0,79.49,3.561,221.3828029,6.891,2012,5,21,2,4,549665.67,543706.04,1442873.22,791493.4000000001,950449.8008333333
31,2012-05-25,1397094.26,0,79.49,3.561,221.3828029,6.891,2012,5,21,2,4,449355.91,1015737.61,2168097.11,886832.5625000002,985367.4191666666
32,2012-05-25,1232784.22,0,59.74,3.804,197.5886046,8.09,2012,5,21,2,4,1397094.26,1151214.41,649945.54,907225.0150000001,945836.2025000001
33,2012-05-25,261851.74,0,88.89,4.127,131.0287742,7.396,2012,5,21,2,4,1232784.22,549665.67,2080764.17,835271.5325000002,866547.9766666667
35,2012-05-25,822167.17,0,64.77,3.798,142.1032776,8.876,2012,5,21,2,4,261851.74,449355.91,2039222.26,928474.3475000001,875294.6416666667
40,2012-05-25,991054.49,0,65.25,3.85,138.1101935,4.125,2012,5,21,2,4,822167.17,1397094.26,2131900.55,826964.4050000001,919470.4208333334
37,2012-05-25,540625.79,0,78.94,3.561,220.4287124,6.989,2012,5,21,2,4,991054.49,1232784.22,1932233.17,653924.7975000001,844399.7516666666
38,2012-05-25,422810.12,0,83.84,4.293,131.0287742,11.627,2012,5,21,2,4,540625.79,261851.74,600050.98,694164.3925000001,781505.6191666666
39,2012-05-25,1596036.66,0,78.31,3.561,220.4287124,6.989,2012,5,21,2,4,422810.12,822167.17,1366937.1,887631.7650000001,869199.8374999999
27,2012-05-25,1818906.73,0,64.77,3.979,142.1032776,8.253,2012,5,21,2,4,1596036.66,991054.49,968816.33,1094594.8250000002,936130.5975
41,2012-05-25,1424500.47,0,54.89,3.804,197.5886046,6.547,2012,5,21,2,4,1818906.73,540625.79,1047444.59,1315563.495,958904.4358333334
42,2012-05-25,535764.58,0,86.03,4.127,131.0287742,7.382,2012,5,21,2,4,1424500.47,422810.12,1020486.05,1343802.11,957746.0116666667
43,2012-05-25,597406.39,0,82.41,3.561,213.1736682,9.575,2012,5,21,2,4,535764.58,1596036.66,493506.47,1094144.5425,970083.5516666666
44,2012-05-25,343268.29,0,62.39,3.801,131.0287742,5.621,2012,5,21,2,4,597406.39,1818906.73,1352442.31,725234.9325000001,882264.7208333333
45,2012-05-25,817741.17,0,67.21,3.798,191.0028096,8.567,2012,5,21,2,4,343268.29,1424500.47,1513635.64,573545.1075000002,847677.7999999999
36,2012-05-25,306098.17,0,78.94,3.636,220.4287124,6.989,2012,5,21,2,4,817741.17,535764.58,571463.93,516128.50500000006,851365.0025
26,2012-05-25,1067310.74,0,58.2,3.85,138.1101935,7.489,2012,5,21,2,4,306098.17,597406.39,913922.01,633604.5925,871793.6333333333
21,2012-05-25,722891.24,0,79.49,3.561,221.3828029,6.891,2012,5,21,2,4,1067310.74,343268.29,468428.3,728510.3300000001,849446.6958333333
24,2012-05-25,1407897.57,0,65.79,3.979,138.1101935,8.983,2012,5,21,2,4,722891.24,817741.17,336189.66,876049.4300000002,921719.3441666666
5,2012-05-25,341994.48,0,78.23,3.561,222.3323853,5.801,2012,5,21,2,4,1407897.57,306098.17,2207214.81,885023.5075000001,914984.7074999999
6,2012-05-25,1603793.42,0,78.47,3.561,223.3525662,5.964,2012,5,21,2,4,341994.48,1067310.74,418112.76,1019144.1775,915631.1041666666
4,2012-05-25,2154137.67,0,77.47,3.551,131.0287742,4.308,2012,5,21,2,4,1603793.42,722891.24,2000940.67,1376955.7850000001,943567.0158333333
7,2012-05-25,532739.77,0,50.6,3.804,197.5886046,8.09,2012,5,21,2,4,2154137.67,1407897.57,1595901.87,1158166.335,869253.6241666665
8,2012-05-25,895157.44,0,76.11,3.561,225.3005779,5.679,2012,5,21,2,4,532739.77,341994.48,1795152.73,1296457.0750000002,899203.0291666667
9,2012-05-25,547226.0,0,79.69,3.561,225.4944288,5.539,2012,5,21,2,4,895157.44,1603793.42,986612.02,1032315.2200000001,895021.3300000001
10,2012-05-25,1830939.1,0,86.03,4.127,131.0287742,7.382,2012,5,21,2,4,547226.0,2154137.67,700554.16,951515.5775000001,1018993.8975
11,2012-05-25,1297335.87,0,78.44,3.561,225.2515168,6.664,2012,5,21,2,4,1830939.1,532739.77,1298809.8,1142664.6025,1058960.1224999998
12,2012-05-25,991514.21,0,83.84,4.293,131.0287742,11.627,2012,5,21,2,4,1297335.87,895157.44,800842.28,1166753.7950000002,1116078.1258333332
13,2012-05-25,2043349.41,0,62.39,3.801,131.0287742,5.965,2012,5,21,2,4,991514.21,547226.0,334042.43,1540784.6475000002,1197414.6816666666
1,2012-05-25,1555444.55,0,77.22,3.561,221.744944,7.143,2012,5,21,2,4,2043349.41,1830939.1,648541.81,1471911.01,1266794.1241666665
15,2012-05-25,693780.42,0,67.97,3.979,138.1101935,8.15,2012,5,21,2,4,1555444.55,1297335.87,590636.38,1321022.1475,1207284.3616666666
16,2012-05-25,518045.09,0,57.36,3.804,197.5886046,6.169,2012,5,21,2,4,693780.42,991514.21,1331514.44,1202654.8675000002,1221955.2458333333
17,2012-05-25,984881.59,0,55.69,3.801,131.0287742,6.235,2012,5,21,2,4,518045.09,2043349.41,896295.41,938037.9125000002,1170379.26
18,2012-05-25,1088446.58,0,65.48,3.85,138.1101935,8.304,2012,5,21,2,4,984881.59,1555444.55,1522978.54,821288.4200000002,1081571.6691666667
19,2012-05-25,1485540.28,0,67.79,3.979,138.1101935,8.15,2012,5,21,2,4,1088446.58,693780.42,412314.71,1019228.3850000002,1160971.7116666667
20,2012-05-25,2114989.0,0,70.04,3.798,214.5499425,7.139,2012,5,21,2,4,1485540.28,518045.09,534847.96,1418464.3625000003,1262624.3416666666
22,2012-05-25,1047297.38,0,62.39,3.85,142.1032776,7.671,2012,5,21,2,4,2114989.0,984881.59,324801.13,1434068.3100000003,1304296.9566666668
23,2012-05-25,1552934.64,0,66.43,3.85,138.1101935,4.125,2012,5,21,2,4,1047297.38,1088446.58,819196.68,1550190.3250000002,1281129.9183333332
25,2012-05-25,783371.02,0,67.69,3.798,214.5499425,7.139,2012,5,21,2,4,1552934.64,1485540.28,1332952.47,1374648.0100000002,1238299.5141666664
14,2012-05-25,2030869.61,0,67.21,3.798,191.0028096,8.567,2012,5,21,2,4,783371.02,2114989.0,276899.95,1353618.1625,1324912.4641666666
3,2012-05-25,413701.29,0,78.58,3.561,225.2515168,6.664,2012,5,21,2,4,2030869.61,1047297.38,998672.85,1195219.1400000001,1189108.4541666666
2,2012-05-25,1912791.09,0,78.19,3.561,221.3828029,6.891,2012,5,21,2,4,413701.29,1552934.64,978082.84,1285183.2525000002,1218887.3324999998
10,2012-06-01,1767471.48,0,80.06,4.277,130.9592258,7.382,2012,6,22,2,4,1912791.09,783371.02,1707158.82,1531208.3675000002,1308361.5875
18,2012-06-01,1118313.7,0,71.42,3.798,138.1138065,8.304,2012,6,22,2,4,1767471.48,2030869.61,1213310.45,1303069.3900000001,1358383.9716666667
17,2012-06-01,938914.28,0,54.13,3.788,130.9592258,6.235,2012,6,22,2,4,1118313.7,413701.29,717207.19,1434372.6375000002,1354553.3625
15,2012-06-01,663971.26,0,67.61,3.915,138.1138065,8.15,2012,6,22,2,4,938914.28,1912791.09,460945.14,1122167.6800000002,1319180.4191666667
14,2012-06-01,2049485.49,0,74.48,3.742,191.0091712,8.567,2012,6,22,2,4,663971.26,1767471.48,1441473.82,1192671.1825,1366175.8533333333
13,2012-06-01,2035431.39,0,61.11,3.788,130.9592258,5.965,2012,6,22,2,4,2049485.49,1118313.7,1177539.71,1421950.605,1359546.0525
12,2012-06-01,981345.2,0,78.11,4.277,130.9592258,11.627,2012,6,22,2,4,2035431.39,938914.28,543706.04,1432558.3350000002,1354050.0374999999
11,2012-06-01,1361595.33,0,81.67,3.501,225.2518313,6.664,2012,6,22,2,4,981345.2,663971.26,1015737.61,1606964.3525,1338105.095
9,2012-06-01,583648.59,0,80.26,3.501,225.4946078,5.539,2012,6,22,2,4,1361595.33,2049485.49,1151214.41,1240505.1275,1321461.5591666668
8,2012-06-01,921161.2,0,78.31,3.501,225.300865,5.679,2012,6,22,2,4,583648.59,2035431.39,549665.67,961937.5800000001,1228985.8583333332
7,2012-06-01,598495.02,0,55.06,3.764,197.6218954,8.09,2012,6,22,2,4,921161.2,981345.2,449355.91,866225.0350000001,1244385.3358333334
6,2012-06-01,1681121.38,0,80.39,3.501,223.3539397,5.964,2012,6,22,2,4,598495.02,1361595.33,1397094.26,946106.5475000001,1225079.5266666666
5,2012-06-01,359867.8,0,79.72,3.501,222.3343277,5.801,2012,6,22,2,4,1681121.38,583648.59,1232784.22,890161.3500000001,1107779.22
4,2012-06-01,2179360.94,0,77.41,3.483,130.9592258,4.308,2012,6,22,2,4,359867.8,921161.2,261851.74,1204711.2850000001,1196199.8233333332
3,2012-06-01,432268.53,0,81.55,3.501,225.2518313,6.664,2012,6,22,2,4,2179360.94,598495.02,822167.17,1163154.6625,1153979.3441666665
2,2012-06-01,1910092.37,0,78.38,3.501,221.3852748,6.891,2012,6,22,2,4,432268.53,1681121.38,991054.49,1220397.4100000001,1257822.77
1,2012-06-01,1624477.58,0,77.95,3.501,221.7472139,7.143,2012,6,22,2,4,1910092.37,359867.8,540625.79,1536549.8550000002,1222405.4441666666
45,2012-06-01,837144.63,0,74.48,3.742,191.0091712,8.567,2012,6,22,2,4,1624477.58,2179360.94,422810.12,1200995.7775,1122548.2141666666
44,2012-06-01,323410.94,0,61.11,3.788,130.9592258,5.621,2012,6,22,2,4,837144.63,432268.53,1596036.66,1173781.3800000001,1067720.3591666666
43,2012-06-01,605078.62,0,80.89,3.501,213.1719747,9.575,2012,6,22,2,4,323410.94,1910092.37,1818906.73,847527.9425000001,1004677.2999999999
19,2012-06-01,1450733.29,0,68.18,3.915,138.1138065,8.15,2012,6,22,2,4,605078.62,1624477.58,1424500.47,804091.8700000001,1076934.3583333334
20,2012-06-01,2143126.59,0,73.67,3.742,214.5513278,7.139,2012,6,22,2,4,1450733.29,837144.63,535764.58,1130587.36,1178764.8075
16,2012-06-01,532311.93,0,58.97,3.764,197.6218954,6.169,2012,6,22,2,4,2143126.59,323410.94,597406.39,1182812.6075,1173249.55
22,2012-06-01,1102857.37,0,70.01,3.798,142.1095438,7.671,2012,6,22,2,4,532311.93,605078.62,343268.29,1307257.2950000002,1125060.8825
42,2012-06-01,521953.78,0,80.06,4.277,130.9592258,7.382,2012,6,22,2,4,1102857.37,1450733.29,817741.17,1075062.4175000002,1138568.0475
41,2012-06-01,1374891.36,0,57.29,3.764,197.6218954,6.547,2012,6,22,2,4,521953.78,2143126.59,306098.17,883003.6100000002,1071528.9158333333
40,2012-06-01,1037464.27,0,64.75,3.798,138.1138065,4.125,2012,6,22,2,4,1374891.36,532311.93,1067310.74,1009291.6950000002,1121961.8941666668
39,2012-06-01,1640476.77,0,80.33,3.501,220.4322099,6.989,2012,6,22,2,4,1037464.27,1102857.37,722891.24,1143696.5450000002,1099493.9275
38,2012-06-01,435579.7,0,78.11,4.277,130.9592258,11.627,2012,6,22,2,4,1640476.77,521953.78,1407897.57,1122103.0250000001,1000419.1041666666
37,2012-06-01,531811.85,0,80.74,3.501,220.4322099,6.989,2012,6,22,2,4,435579.7,1374891.36,341994.48,911333.1475000002,974974.7058333334
36,2012-06-01,306005.53,0,80.74,3.567,220.4322099,6.989,2012,6,22,2,4,531811.85,1037464.27,1603793.42,728468.4625000001,973524.2549999999
21,2012-06-01,695439.83,0,79.24,3.501,221.3852748,6.891,2012,6,22,2,4,306005.53,1640476.77,2154137.67,492209.22750000015,981054.3558333333
34,2012-06-01,977062.44,0,70.41,3.483,130.9592258,9.575,2012,6,22,2,4,695439.83,435579.7,532739.77,627579.9125000001,941581.785
33,2012-06-01,261131.09,0,83.57,4.277,130.9592258,7.396,2012,6,22,2,4,977062.44,531811.85,895157.44,559909.7225000001,784748.8266666668
32,2012-06-01,1157557.79,0,62.84,3.764,197.6218954,8.09,2012,6,22,2,4,261131.09,306005.53,547226.0,772797.7875000001,836852.6483333333
35,2012-06-01,932195.52,0,73.4,3.742,142.1095438,8.876,2012,6,22,2,4,1157557.79,695439.83,1830939.1,831986.7100000001,822630.8275
30,2012-06-01,427021.18,0,79.24,3.501,221.3852748,6.891,2012,6,22,2,4,932195.52,977062.44,1297335.87,694476.3950000001,814719.7775
23,2012-06-01,1476144.34,0,66.22,3.798,138.1138065,4.125,2012,6,22,2,4,427021.18,261131.09,991514.21,998229.7075000001,823157.5258333334
31,2012-06-01,1404516.29,0,79.24,3.501,221.3852748,6.891,2012,6,22,2,4,1476144.34,1157557.79,2043349.41,1059969.3325,853745.1941666667
25,2012-06-01,694765.95,0,69.54,3.742,214.5513278,7.139,2012,6,22,2,4,1404516.29,932195.52,1555444.55,1000611.9400000002,774935.9591666666
26,2012-06-01,1015853.03,0,58.51,3.798,138.1138065,7.489,2012,6,22,2,4,694765.95,427021.18,693780.42,1147819.9025,823292.07
24,2012-06-01,1467722.19,0,71.79,3.915,138.1138065,8.983,2012,6,22,2,4,1015853.03,1476144.34,518045.09,1145714.3650000002,901284.5983333333
28,2012-06-01,1245480.95,0,78.11,4.277,130.9592258,11.627,2012,6,22,2,4,1467722.19,1404516.29,984881.59,1105955.53,979574.2166666667
29,2012-06-01,576252.35,0,70.01,3.798,138.1138065,9.14,2012,6,22,2,4,1245480.95,694765.95,1088446.58,1076327.1300000001,969641.9266666668
27,2012-06-01,1900638.6,0,73.4,3.915,142.1095438,8.253,2012,6,22,2,4,576252.35,1015853.03,1485540.28,1297523.5225,1046606.6066666666
18,2012-06-08,1110479.94,0,59.1,3.746,138.1174194,8.304,2012,6,23,2,4,1900638.6,1467722.19,2114989.0,1208212.96,1117385.6775
11,2012-06-08,1414343.53,0,82.1,3.452,225.2521458,6.664,2012,6,23,2,4,1110479.94,1245480.95,1047297.38,1250428.605,1138784.4891666668
17,2012-06-08,987990.24,0,60.51,3.776,130.8896774,6.235,2012,6,23,2,4,1414343.53,576252.35,1552934.64,1353363.0775000001,1143434.0491666666
19,2012-06-08,1390122.11,0,60.19,3.871,138.1174194,8.15,2012,6,23,2,4,987990.24,1900638.6,783371.02,1225733.955,1223692.46
16,2012-06-08,603618.89,0,65.43,3.741,197.6551863,6.169,2012,6,23,2,4,1390122.11,1110479.94,2030869.61,1099018.6925000001,1150982.0058333334
15,2012-06-08,611390.67,0,59.35,3.871,138.1174194,8.15,2012,6,23,2,4,603618.89,1414343.53,413701.29,898280.4775,1084888.2041666668
14,2012-06-08,2099615.88,0,64.3,3.689,191.0155329,8.567,2012,6,23,2,4,611390.67,987990.24,1912791.09,1176186.8875000002,1201959.0316666665
13,2012-06-08,2182437.9,0,68.4,3.776,130.8896774,5.965,2012,6,23,2,4,2099615.88,1390122.11,1767471.48,1374265.835,1299174.4375
12,2012-06-08,1086231.47,0,84.83,4.103,130.8896774,11.627,2012,6,23,2,4,2182437.9,603618.89,1118313.7,1494918.98,1267383.5441666667
10,2012-06-08,1840491.41,0,86.87,4.103,130.8896774,7.382,2012,6,23,2,4,1086231.47,611390.67,938914.28,1802194.165,1316967.7491666665
43,2012-06-08,643032.51,0,85.73,3.452,213.1702811,9.575,2012,6,23,2,4,1840491.41,2099615.88,663971.26,1438048.3225,1322532.7625
8,2012-06-08,928820.0,0,74.28,3.452,225.3011521,5.679,2012,6,23,2,4,643032.51,2182437.9,2049485.49,1124643.8475000001,1241547.8791666667
7,2012-06-08,642963.75,0,63.07,3.741,197.6551863,8.09,2012,6,23,2,4,928820.0,1086231.47,2035431.39,1013826.9175000002,1202588.1966666665
6,2012-06-08,1696619.52,0,80.5,3.452,223.3553131,5.964,2012,6,23,2,4,642963.75,1840491.41,981345.2,977858.9450000001,1226111.1958333333
5,2012-06-08,341704.59,0,81.02,3.452,222.33627,5.801,2012,6,23,2,4,1696619.52,643032.51,1361595.33,902526.9650000002,1172254.0583333333
4,2012-06-08,2245257.18,0,78.11,3.433,130.8896774,4.308,2012,6,23,2,4,341704.59,928820.0,583648.59,1231636.2600000002,1243515.3141666667
3,2012-06-08,446336.8,0,81.65,3.452,225.2521458,6.664,2012,6,23,2,4,2245257.18,642963.75,921161.2,1182479.5225000002,1230408.4733333334
2,2012-06-08,2010216.49,0,78.69,3.452,221.3877467,6.891,2012,6,23,2,4,446336.8,1696619.52,598495.02,1260878.7650000001,1346977.2916666667
1,2012-06-08,1697230.96,0,78.3,3.452,221.7494839,7.143,2012,6,23,2,4,2010216.49,341704.59,1681121.38,1599760.3575000004,1313445.215
20,2012-06-08,2231962.13,0,62.01,3.689,214.5527132,7.139,2012,6,23,2,4,1697230.96,2245257.18,359867.8,1596436.5950000002,1317572.2341666666
9,2012-06-08,582525.42,0,78.91,3.452,225.4947868,5.539,2012,6,23,2,4,2231962.13,446336.8,2179360.94,1630483.7500000002,1275596.7300000002
21,2012-06-08,707895.72,0,79.47,3.452,221.3877467,6.891,2012,6,23,2,4,582525.42,2010216.49,432268.53,1304903.5575,1181213.7558333334
22,2012-06-08,1061134.37,0,61.71,3.746,142.1158099,7.671,2012,6,23,2,4,707895.72,1697230.96,1910092.37,1145879.4100000001,1216055.5775000001
23,2012-06-08,1568048.54,0,56.82,3.746,138.1174194,4.125,2012,6,23,2,4,1061134.37,2231962.13,1624477.58,979901.0125000002,1269324.6225
42,2012-06-08,642671.48,0,86.87,4.103,130.8896774,7.382,2012,6,23,2,4,1568048.54,582525.42,837144.63,994937.5275000002,1269300.2666666668
45,2012-06-08,795133.0,0,64.3,3.689,191.0155329,8.567,2012,6,23,2,4,642671.48,707895.72,323410.94,1016746.8475000001,1194176.39
44,2012-06-08,340238.38,0,68.4,3.776,130.8896774,5.621,2012,6,23,2,4,795133.0,1061134.37,605078.62,836522.8500000001,1194054.2058333333
40,2012-06-08,1079386.88,0,55.78,3.746,138.1174194,4.125,2012,6,23,2,4,340238.38,1568048.54,1450733.29,714357.435,1096898.3475
39,2012-06-08,1623442.24,0,81.12,3.452,220.4357073,6.989,2012,6,23,2,4,1079386.88,642671.48,2143126.59,959550.125,1194990.4675
38,2012-06-08,448110.25,0,84.83,4.103,130.8896774,11.627,2012,6,23,2,4,1623442.24,795133.0,532311.93,872794.4375,1064814.9475
41,2012-06-08,1436383.84,0,65.11,3.741,197.6551863,6.547,2012,6,23,2,4,448110.25,340238.38,1102857.37,1146830.8025000002,1043077.6875
36,2012-06-08,338273.38,0,81.5,3.513,220.4357073,6.989,2012,6,23,2,4,1436383.84,1079386.88,521953.78,961552.4275000001,885270.2916666669
35,2012-06-08,873415.01,0,64.05,3.689,142.1158099,8.876,2012,6,23,2,4,338273.38,1623442.24,1374891.36,774045.6200000002,909511.0908333333
34,2012-06-08,999511.29,0,75.35,3.433,130.8896774,9.575,2012,6,23,2,4,873415.01,448110.25,1037464.27,911895.8800000001,933812.3883333333
37,2012-06-08,528940.78,0,81.5,3.452,220.4357073,6.989,2012,6,23,2,4,999511.29,1436383.84,1640476.77,685035.1150000001,889462.9225
32,2012-06-08,1246322.44,0,71.14,3.741,197.6551863,8.09,2012,6,23,2,4,528940.78,338273.38,435579.7,912047.3800000001,862652.4141666667
31,2012-06-08,1443285.79,0,79.47,3.452,221.3877467,6.891,2012,6,23,2,4,1246322.44,873415.01,531811.85,1054515.0750000002,929370.2733333333
30,2012-06-08,437222.94,0,79.47,3.452,221.3877467,6.891,2012,6,23,2,4,1443285.79,999511.29,306005.53,913942.9875,899544.435
29,2012-06-08,554093.15,0,61.71,3.746,138.1174194,9.14,2012,6,23,2,4,437222.94,528940.78,695439.83,920231.0800000001,917365.6658333332
28,2012-06-08,1440687.69,0,84.83,4.103,130.8896774,11.627,2012,6,23,2,4,554093.15,1246322.44,977062.44,968822.3925000001,947474.0666666668
27,2012-06-08,1764756.31,0,64.05,3.871,142.1158099,8.253,2012,6,23,2,4,1440687.69,1443285.79,261131.09,1049190.0225000002,959250.2391666666
26,2012-06-08,1106176.83,0,49.43,3.746,138.1174194,7.489,2012,6,23,2,4,1764756.31,437222.94,1157557.79,1216428.495,1014089.1208333332
25,2012-06-08,730254.19,0,58.48,3.689,214.5527132,7.139,2012,6,23,2,4,1106176.83,554093.15,932195.52,1260468.7550000001,955244.9833333334
33,2012-06-08,286082.76,0,90.94,4.103,130.8896774,7.396,2012,6,23,2,4,730254.19,1440687.69,427021.18,971817.5225000002,950895.765
24,2012-06-08,1406313.13,0,59.93,3.871,138.1174194,8.983,2012,6,23,2,4,286082.76,1764756.31,1476144.34,882206.7275,995303.9416666665
13,2012-06-15,2152229.11,0,65.97,3.756,130.8295333,5.965,2012,6,24,2,4,1406313.13,1106176.83,1404516.29,1143719.7974999999,1091363.76
14,2012-06-15,1905733.68,0,71.93,3.62,191.0299731,8.567,2012,6,24,2,4,2152229.11,730254.19,694765.95,1437589.6700000002,1206096.5016666667
19,2012-06-15,1440263.15,0,68.19,3.786,138.1295333,8.15,2012,6,24,2,4,1905733.68,286082.76,1015853.03,1726134.7674999998,1222258.2274999998
16,2012-06-15,570045.79,0,65.36,3.723,197.692292,6.169,2012,6,24,2,4,1440263.15,1406313.13,1467722.19,1517067.9324999999,1149488.2275
17,2012-06-15,964169.67,0,56.67,3.756,130.8295333,6.235,2012,6,24,2,4,570045.79,2152229.11,1245480.95,1220053.0725,1193400.4549999998
18,2012-06-15,1057425.83,0,66.58,3.683,138.1295333,8.304,2012,6,24,2,4,964169.67,1905733.68,576252.35,1007976.1100000002,1235344.845
15,2012-06-15,636737.65,0,67.7,3.786,138.1295333,8.15,2012,6,24,2,4,1057425.83,1440263.15,1900638.6,807094.7350000002,1168349.0083333333
12,2012-06-15,1019555.51,0,85.94,4.144,130.8295333,11.627,2012,6,24,2,4,636737.65,570045.79,1110479.94,919472.1650000002,1106248.9416666667
2,2012-06-15,1962924.3,0,80.56,3.393,221.4009901,6.891,2012,6,24,2,4,1019555.51,964169.67,1414343.53,1169160.8225000002,1177644.5641666667
10,2012-06-15,1811562.88,0,88.58,4.144,130.8295333,7.382,2012,6,24,2,4,1962924.3,1057425.83,987990.24,1357695.085,1267753.6216666666
9,2012-06-15,564606.1,0,82.21,3.393,225.5070634,5.539,2012,6,24,2,4,1811562.88,636737.65,1390122.11,1339662.1975,1290963.9
8,2012-06-15,916918.7,0,77.14,3.393,225.3134743,5.679,2012,6,24,2,4,564606.1,1019555.51,603618.89,1314002.995,1250181.0308333335
7,2012-06-15,666942.02,0,59.33,3.723,197.692292,8.09,2012,6,24,2,4,916918.7,1962924.3,611390.67,990007.425,1126407.1066666667
6,2012-06-15,1642247.48,0,82.1,3.393,223.3680933,5.964,2012,6,24,2,4,666942.02,1811562.88,2099615.88,947678.5750000001,1104449.923333333
5,2012-06-15,327383.64,0,81.64,3.393,222.3492901,5.801,2012,6,24,2,4,1642247.48,564606.1,2182437.9,888372.9600000001,1011709.9641666667
4,2012-06-15,2234190.93,0,80.94,3.372,130.8295333,4.308,2012,6,24,2,4,327383.64,916918.7,1086231.47,1217691.0175,1150388.7258333333
3,2012-06-15,442074.79,0,84.66,3.393,225.2644795,6.664,2012,6,24,2,4,2234190.93,666942.02,1840491.41,1161474.21,1106880.8191666666
20,2012-06-15,2165160.29,0,71.51,3.62,214.5653243,7.139,2012,6,24,2,4,442074.79,1642247.48,643032.51,1292202.4125,1199192.0241666667
11,2012-06-15,1417875.42,0,84.97,3.393,225.2644795,6.664,2012,6,24,2,4,2165160.29,327383.64,928820.0,1564825.3575000004,1264286.8383333331
21,2012-06-15,727049.04,0,81.51,3.393,221.4009901,6.891,2012,6,24,2,4,1417875.42,2234190.93,642963.75,1188039.8850000002,1239911.2991666666
31,2012-06-15,1431003.43,0,81.51,3.393,221.4009901,6.891,2012,6,24,2,4,727049.04,442074.79,1696619.52,1435272.0450000002,1195584.5599999998
23,2012-06-15,1543667.68,0,64.73,3.683,138.1295333,4.125,2012,6,24,2,4,1431003.43,2165160.29,341704.59,1279898.8925,1173259.96
45,2012-06-15,821498.18,0,71.93,3.62,191.0299731,8.567,2012,6,24,2,4,1543667.68,1417875.42,2245257.18,1130804.5825,1194667.6333333333
44,2012-06-15,338400.82,0,65.97,3.756,130.8295333,5.621,2012,6,24,2,4,821498.18,727049.04,446336.8,1033642.5275000001,1146457.8099999998
43,2012-06-15,634815.1,0,87.75,3.393,213.1786952,9.575,2012,6,24,2,4,338400.82,1431003.43,2010216.49,834595.4450000002,1143780.5666666667
1,2012-06-15,1630607.0,0,79.35,3.393,221.7626421,7.143,2012,6,24,2,4,634815.1,1543667.68,1697230.96,856330.2750000001,1142810.5266666666
42,2012-06-15,606309.13,0,88.58,4.144,130.8295333,7.382,2012,6,24,2,4,1630607.0,821498.18,2231962.13,802533.0125000001,1166054.3175000001
41,2012-06-15,1384584.59,0,64.92,3.723,197.692292,6.547,2012,6,24,2,4,606309.13,338400.82,582525.42,1064078.955,1095253.7891666666
40,2012-06-15,977950.28,0,63.39,3.683,138.1295333,4.125,2012,6,24,2,4,1384584.59,634815.1,707895.72,1149862.7500000002,1139910.08
39,2012-06-15,1587499.82,0,81.33,3.393,220.4494148,6.989,2012,6,24,2,4,977950.28,1630607.0,1061134.37,1139085.955,1091771.7075000003
38,2012-06-15,430222.07,0,85.94,4.144,130.8295333,11.627,2012,6,24,2,4,1587499.82,606309.13,1568048.54,1095064.1900000002,1009467.2616666666
37,2012-06-15,508573.16,0,82.15,3.393,220.4494148,6.989,2012,6,24,2,4,430222.07,1384584.59,642671.48,876061.3325000001,991260.9383333334
36,2012-06-15,333146.88,0,82.15,3.407,220.4494148,6.989,2012,6,24,2,4,508573.16,977950.28,795133.0,714860.4825000002,899772.8925000001
35,2012-06-15,848289.41,0,69.52,3.62,142.1292548,8.876,2012,6,24,2,4,333146.88,1587499.82,340238.38,530057.8800000001,841824.7033333335
34,2012-06-15,982345.51,0,76.48,3.372,130.8295333,9.575,2012,6,24,2,4,848289.41,430222.07,1079386.88,668088.7400000001,855228.6475000001
32,2012-06-15,1234759.54,0,70.91,3.723,197.692292,8.09,2012,6,24,2,4,982345.51,508573.16,1623442.24,849635.3350000002,929925.2075
30,2012-06-15,438523.24,0,81.51,3.393,221.4009901,6.891,2012,6,24,2,4,1234759.54,333146.88,448110.25,875979.425,913567.5525000001
29,2012-06-15,552338.76,0,66.56,3.683,138.1295333,9.14,2012,6,24,2,4,438523.24,848289.41,1436383.84,801991.7625000001,823711.8658333332
28,2012-06-15,1229760.97,0,85.94,4.144,130.8295333,11.627,2012,6,24,2,4,552338.76,982345.51,338273.38,863845.6275000002,875666.1858333334
27,2012-06-15,1773500.56,0,69.52,3.786,142.1292548,8.253,2012,6,24,2,4,1229760.97,1234759.54,873415.01,998530.8825000001,908075.8500000001
26,2012-06-15,1029248.22,0,57.84,3.683,138.1295333,7.489,2012,6,24,2,4,1773500.56,438523.24,999511.29,1146212.1275,912350.6783333332
25,2012-06-15,753860.89,0,68.34,3.62,214.5653243,7.139,2012,6,24,2,4,1029248.22,552338.76,528940.78,1196592.6600000001,842880.7675000001
24,2012-06-15,1364445.98,0,68.28,3.786,138.1295333,8.983,2012,6,24,2,4,753860.89,1229760.97,1246322.44,1230263.9125,920732.7600000001
22,2012-06-15,1061219.19,0,66.56,3.683,142.1292548,7.671,2012,6,24,2,4,1364445.98,1773500.56,1443285.79,1052193.57,966786.5958333333
33,2012-06-15,290444.31,0,92.44,4.144,130.8295333,7.396,2012,6,24,2,4,1061219.19,1029248.22,437222.94,867492.5925000001,963228.0483333333
44,2012-06-22,336241.0,0,72.89,3.737,130.7929,5.621,2012,6,25,2,4,290444.31,753860.89,554093.15,763087.6200000001,920557.3475
45,2012-06-22,822569.16,0,74.22,3.564,191.0646096,8.567,2012,6,25,2,4,336241.0,1364445.98,1440687.69,627618.415,907242.6516666667
21,2012-06-22,735870.0,0,81.78,3.346,221.4411622,6.891,2012,6,25,2,4,822569.16,1061219.19,1764756.31,546281.1175000002,865668.5233333334
20,2012-06-22,2060588.69,0,76.51,3.564,214.606,7.139,2012,6,25,2,4,735870.0,290444.31,1106176.83,988817.2125000001,1000840.6441666667
19,2012-06-22,1468350.36,0,75.83,3.722,138.1629,8.15,2012,6,25,2,4,2060588.69,336241.0,730254.19,1271844.5525000002,1077174.9441666666
18,2012-06-22,1080357.89,0,70.92,3.629,138.1629,8.304,2012,6,25,2,4,1468350.36,822569.16,286082.76,1336291.735,1064724.6875
17,2012-06-22,981210.57,0,62.9,3.737,130.7929,6.235,2012,6,25,2,4,1080357.89,735870.0,1406313.13,1397626.8775,998700.5216666666
16,2012-06-22,581745.72,0,70.41,3.735,197.7389345,6.169,2012,6,25,2,4,981210.57,2060588.69,2152229.11,1027916.1350000001,961408.6466666666
15,2012-06-22,687085.6,0,74.28,3.722,138.1629,8.15,2012,6,25,2,4,581745.72,1468350.36,1905733.68,832599.9450000001,955844.0391666666
14,2012-06-22,1660228.88,0,74.22,3.564,191.0646096,8.567,2012,6,25,2,4,687085.6,1080357.89,1440263.15,977567.6925000001,980492.6141666666
22,2012-06-22,1112449.3,0,70.61,3.629,142.1606464,7.671,2012,6,25,2,4,1660228.88,981210.57,570045.79,1010377.375,984761.79
13,2012-06-22,2094373.0,0,72.89,3.737,130.7929,5.965,2012,6,25,2,4,1112449.3,581745.72,964169.67,1388534.195,1135089.1808333334
11,2012-06-22,1355680.3,0,83.26,3.346,225.3068615,6.664,2012,6,25,2,4,2094373.0,687085.6,1057425.83,1555682.87,1220042.4558333333
10,2012-06-22,1755334.18,0,89.92,4.014,130.7929,7.382,2012,6,25,2,4,1355680.3,1660228.88,636737.65,1579459.1950000003,1297772.8741666665
9,2012-06-22,562173.12,0,81.05,3.346,225.5495841,5.539,2012,6,25,2,4,1755334.18,1112449.3,1019555.51,1441890.1500000001,1283298.1341666665
8,2012-06-22,899449.65,0,78.85,3.346,225.3558843,5.679,2012,6,25,2,4,562173.12,2094373.0,1962924.3,1143159.3125,1186536.5475
7,2012-06-22,687344.68,0,63.69,3.735,197.7389345,8.09,2012,6,25,2,4,899449.65,1355680.3,1811562.88,976075.4075000001,1121452.7408333335
6,2012-06-22,1618272.25,0,81.2,3.346,223.4093906,5.964,2012,6,25,2,4,687344.68,1755334.18,564606.1,941809.925,1166278.9375
5,2012-06-22,325041.68,0,80.57,3.346,222.3900046,5.801,2012,6,25,2,4,1618272.25,562173.12,916918.7,882527.0650000002,1111598.1966666665
4,2012-06-22,2197299.65,0,81.63,3.329,130.7929,4.308,2012,6,25,2,4,325041.68,899449.65,666942.02,1206989.565,1246227.6908333334
12,2012-06-22,981386.25,0,91.61,4.014,130.7929,11.627,2012,6,25,2,4,2197299.65,687344.68,1642247.48,1280499.9575,1270752.745
3,2012-06-22,419497.95,0,82.7,3.346,225.3068615,6.664,2012,6,25,2,4,981386.25,1618272.25,327383.64,980806.3825000002,1167358.5008333332
23,2012-06-22,1522042.57,0,71.82,3.629,138.1629,4.125,2012,6,25,2,4,419497.95,325041.68,2234190.93,1280056.605,1201491.2733333332
25,2012-06-22,721601.9,0,73.52,3.564,214.606,7.139,2012,6,25,2,4,1522042.57,2197299.65,442074.79,911132.1675000001,1087093.6816666666
43,2012-06-22,613270.79,0,87.51,3.346,213.2123786,9.575,2012,6,25,2,4,721601.9,981386.25,2165160.29,819103.3025000001,1025226.2225
42,2012-06-22,540031.29,0,89.92,4.014,130.7929,7.382,2012,6,25,2,4,613270.79,419497.95,1417875.42,849236.6375000001,923950.9816666668
41,2012-06-22,1386407.17,0,66.88,3.735,197.7389345,6.547,2012,6,25,2,4,540031.29,1522042.57,727049.04,815327.7875000001,992637.1525
40,2012-06-22,1033552.18,0,69.32,3.629,138.1629,4.125,2012,6,25,2,4,1386407.17,721601.9,1431003.43,893315.3575000002,1003812.3633333333
39,2012-06-22,1532316.79,0,79.84,3.346,220.4886472,6.989,2012,6,25,2,4,1033552.18,613270.79,1543667.68,1123076.8575000002,1074226.7058333333
38,2012-06-22,405938.35,0,91.61,4.014,130.7929,11.627,2012,6,25,2,4,1532316.79,540031.29,821498.18,1089553.6225,973198.8808333334
37,2012-06-22,484032.75,0,80.4,3.346,220.4886472,6.989,2012,6,25,2,4,405938.35,1386407.17,338400.82,863960.0175000002,986448.1366666667
36,2012-06-22,306411.01,0,80.4,3.358,220.4886472,6.989,2012,6,25,2,4,484032.75,1033552.18,634815.1,682174.7250000001,828874.0833333334
24,2012-06-22,1434709.63,0,72.29,3.722,138.1629,8.983,2012,6,25,2,4,306411.01,1532316.79,1630607.0,657772.935,866651.0316666666
35,2012-06-22,911696.0,0,73.23,3.564,142.1606464,8.876,2012,6,25,2,4,1434709.63,405938.35,606309.13,784212.3475,907667.5358333333
33,2012-06-22,261666.29,0,95.75,4.014,130.7929,7.396,2012,6,25,2,4,911696.0,484032.75,1384584.59,728620.7325,802636.1791666667
32,2012-06-22,1196880.11,0,74.85,3.735,197.7389345,8.09,2012,6,25,2,4,261666.29,306411.01,977950.28,951238.0075000001,842242.6966666667
31,2012-06-22,1394065.76,0,81.78,3.346,221.4411622,6.891,2012,6,25,2,4,1196880.11,1434709.63,1587499.82,941077.0400000002,907308.9441666667
30,2012-06-22,428554.63,0,81.78,3.346,221.4411622,6.891,2012,6,25,2,4,1394065.76,911696.0,430222.07,820291.6975000001,898019.2225
29,2012-06-22,581854.5,0,70.61,3.629,138.1629,9.14,2012,6,25,2,4,428554.63,261666.29,508573.16,900338.7500000001,830973.1666666666
28,2012-06-22,1180671.55,0,91.61,4.014,130.7929,11.627,2012,6,25,2,4,581854.5,1196880.11,333146.88,896286.6100000002,843233.1141666668
27,2012-06-22,1837884.79,0,73.23,3.722,142.1606464,8.253,2012,6,25,2,4,1180671.55,1394065.76,848289.41,1007241.3675000002,868697.1141666668
26,2012-06-22,1056282.91,0,63.04,3.629,138.1629,7.489,2012,6,25,2,4,1837884.79,428554.63,982345.51,1164173.4375000002,922892.4941666666
34,2012-06-22,1000285.1,0,78.85,3.329,130.7929,9.575,2012,6,25,2,4,1056282.91,581854.5,1234759.54,1268781.0875000001,965913.5233333333
2,2012-06-22,1887733.21,0,81.04,3.346,221.4411622,6.891,2012,6,25,2,4,1000285.1,1180671.55,438523.24,1445546.5025,1097690.3733333333
1,2012-06-22,1527845.81,0,78.39,3.346,221.8030211,7.143,2012,6,25,2,4,1887733.21,1837884.79,552338.76,1368036.7575,1105451.7216666667
45,2012-06-29,773367.71,0,75.22,3.506,191.0992462,8.567,2012,6,26,2,4,1527845.81,1056282.91,1229760.97,1297307.9575,1093924.3641666668
20,2012-06-29,2055952.61,0,74.15,3.506,214.6466757,7.139,2012,6,26,2,4,773367.71,1000285.1,1773500.56,1561224.8350000002,1243448.2241666666
19,2012-06-29,1379652.65,0,69.92,3.667,138.1962667,8.15,2012,6,26,2,4,2055952.61,1887733.21,1029248.22,1434204.695,1258679.2691666668
18,2012-06-29,1097006.3,0,70.17,3.577,138.1962667,8.304,2012,6,26,2,4,1379652.65,1527845.81,753860.89,1326494.8175000004,1233924.3141666667
17,2012-06-29,982322.24,0,71.14,3.681,130.7562667,6.235,2012,6,26,2,4,1097006.3,773367.71,1364445.98,1378733.45,1280071.615
16,2012-06-29,570162.28,0,77.31,3.693,197.785577,6.169,2012,6,26,2,4,982322.24,2055952.61,1061219.19,1007285.8675000002,1279097.2633333334
15,2012-06-29,624099.48,0,68.91,3.667,138.1962667,8.15,2012,6,26,2,4,570162.28,1379652.65,290444.31,818397.5750000001,1232716.2575
14,2012-06-29,1591835.02,0,75.22,3.506,191.0992462,8.567,2012,6,26,2,4,624099.48,1097006.3,336241.0,942104.7550000001,1212212.11
13,2012-06-29,2037663.71,0,82.0,3.681,130.7562667,5.965,2012,6,26,2,4,1591835.02,982322.24,822569.16,1205940.1225,1293993.8433333333
21,2012-06-29,716341.39,0,88.05,3.286,221.4813343,6.891,2012,6,26,2,4,2037663.71,570162.28,735870.0,1242484.9000000001,1270331.8675
12,2012-06-29,943124.74,0,90.47,3.875,130.7562667,11.627,2012,6,26,2,4,716341.39,624099.48,2060588.69,1322241.215,1191614.4949999999
10,2012-06-29,1707481.9,0,91.36,3.875,130.7562667,7.382,2012,6,26,2,4,943124.74,1591835.02,1468350.36,1351152.935,1206584.1691666667
9,2012-06-29,544770.7,0,87.18,3.286,225.5921049,5.539,2012,6,26,2,4,1707481.9,2037663.71,1080357.89,977929.6825000001,1187534.4183333332
8,2012-06-29,878298.22,0,84.47,3.286,225.3982943,5.679,2012,6,26,2,4,544770.7,716341.39,981210.57,1018418.89,1089396.5525
7,2012-06-29,704335.41,0,68.84,3.693,197.785577,8.09,2012,6,26,2,4,878298.22,943124.74,581745.72,958721.5575000001,1033120.1158333332
6,2012-06-29,1648863.46,0,87.35,3.286,223.4506878,5.964,2012,6,26,2,4,704335.41,1707481.9,687085.6,944066.9475000001,1079108.2125000001
5,2012-06-29,329658.1,0,87.08,3.286,222.4307191,5.801,2012,6,26,2,4,1648863.46,544770.7,1660228.88,890288.7975000002,1024719.5341666667
4,2012-06-29,2128362.92,0,84.23,3.257,130.7562667,4.308,2012,6,26,2,4,329658.1,878298.22,1112449.3,1202804.9725000001,1154569.5875
3,2012-06-29,422965.33,0,86.42,3.286,225.3492435,6.664,2012,6,26,2,4,2128362.92,704335.41,2094373.0,1132462.4525000001,1137808.4083333334
11,2012-06-29,1297028.6,0,87.86,3.286,225.3492435,6.664,2012,6,26,2,4,422965.33,1648863.46,1355680.3,1044503.7375000002,1113241.2066666668
22,2012-06-29,1053881.78,0,70.99,3.577,142.1920381,7.671,2012,6,26,2,4,1297028.6,329658.1,1755334.18,1225559.6575000002,1031259.3791666668
24,2012-06-29,1428869.9,0,70.4,3.667,138.1962667,8.983,2012,6,26,2,4,1053881.78,2128362.92,562173.12,1050686.4025,1090636.7550000001
25,2012-06-29,718890.81,0,69.84,3.506,214.6466757,7.139,2012,6,26,2,4,1428869.9,422965.33,899449.65,1124667.7725000002,1071950.5941666665
44,2012-06-29,338386.08,0,82.0,3.681,130.7562667,5.621,2012,6,26,2,4,718890.81,1297028.6,687344.68,885007.1425000001,957859.2758333334
43,2012-06-29,593128.13,0,89.85,3.286,213.2460619,9.575,2012,6,26,2,4,338386.08,1053881.78,1618272.25,769818.73,961889.0616666666
42,2012-06-29,507403.77,0,91.36,3.875,130.7562667,7.382,2012,6,26,2,4,593128.13,1428869.9,325041.68,539452.1975000001,930981.1908333333
41,2012-06-29,1355600.01,0,76.54,3.693,197.785577,6.547,2012,6,26,2,4,507403.77,718890.81,2197299.65,698629.4975,985253.2408333333
40,2012-06-29,988764.84,0,64.42,3.577,138.1962667,4.125,2012,6,26,2,4,1355600.01,338386.08,981386.25,861224.1875000001,930245.0225
39,2012-06-29,1492388.98,0,85.72,3.286,220.5278796,6.989,2012,6,26,2,4,988764.84,593128.13,419497.95,1086039.4000000001,1027139.2625000001
38,2012-06-29,404634.36,0,90.47,3.875,130.7562667,11.627,2012,6,26,2,4,1492388.98,507403.77,1522042.57,1060347.0475,883495.2158333333
37,2012-06-29,508309.81,0,86.68,3.286,220.5278796,6.989,2012,6,26,2,4,404634.36,1355600.01,721601.9,848524.4975000002,890607.2558333334
36,2012-06-29,291530.43,0,86.68,3.273,220.5278796,6.989,2012,6,26,2,4,508309.81,988764.84,613270.79,674215.8950000001,806815.7416666666
35,2012-06-29,892133.41,0,73.94,3.506,142.1920381,8.876,2012,6,26,2,4,291530.43,1492388.98,540031.29,524152.0025000001,793336.7108333333
34,2012-06-29,942970.63,0,81.91,3.257,130.7562667,9.575,2012,6,26,2,4,892133.41,404634.36,1386407.17,658736.0700000001,752845.105
33,2012-06-29,244338.31,0,98.15,3.875,130.7562667,7.396,2012,6,26,2,4,942970.63,508309.81,1033552.18,592743.1950000001,713299.0633333334
32,2012-06-29,1178211.81,0,81.95,3.693,197.785577,8.09,2012,6,26,2,4,244338.31,291530.43,1532316.79,814413.5400000002,783284.5408333334
31,2012-06-29,1349202.25,0,88.05,3.286,221.4813343,6.891,2012,6,26,2,4,1178211.81,892133.41,405938.35,928680.7500000001,846290.7175000001
30,2012-06-29,423192.4,0,88.05,3.286,221.4813343,6.891,2012,6,26,2,4,1349202.25,942970.63,484032.75,798736.1925000001,839273.1033333332
29,2012-06-29,555954.13,0,70.99,3.577,138.1962667,9.14,2012,6,26,2,4,423192.4,244338.31,306411.01,876640.1475000002,772635.9466666667
28,2012-06-29,1129031.98,0,90.47,3.875,130.7562667,11.627,2012,6,26,2,4,555954.13,1178211.81,1434709.63,864345.1900000002,784324.875
27,2012-06-29,1842555.32,0,73.94,3.667,142.1920381,8.253,2012,6,26,2,4,1129031.98,1349202.25,911696.0,987683.4575000001,813505.4033333333
26,2012-06-29,1051190.44,0,60.71,3.577,138.1962667,7.489,2012,6,26,2,4,1842555.32,423192.4,261666.29,1144682.9675000003,867385.0766666667
2,2012-06-29,1881046.12,0,86.32,3.286,221.4813343,6.891,2012,6,26,2,4,1051190.44,555954.13,1196880.11,1475955.9650000003,981779.7691666667
1,2012-06-29,1540421.49,0,84.88,3.286,221.8434,7.143,2012,6,26,2,4,1881046.12,1129031.98,1394065.76,1578803.3425,1085854.0241666667
23,2012-06-29,1451782.16,0,64.23,3.577,138.1962667,4.125,2012,6,26,2,4,1540421.49,1842555.32,428554.63,1481110.0525000002,1132491.4200000002
33,2012-07-06,273690.37,0,93.21,3.666,130.7196333,7.147,2012,7,27,3,4,1451782.16,1051190.44,581854.5,1286735.0350000001,1076718.065
25,2012-07-06,753385.55,0,75.52,3.475,214.6873514,7.28,2012,7,27,3,4,273690.37,1881046.12,1180671.55,1004819.8925000001,1119138.6683333335
26,2012-07-06,1180470.8,0,64.94,3.538,138.2296333,7.405,2012,7,27,3,4,753385.55,1540421.49,1837884.79,914832.2200000001,1119326.9175
28,2012-07-06,1500863.54,0,89.13,3.765,130.7196333,10.926,2012,7,27,3,4,1180470.8,1451782.16,1056282.91,927102.5650000002,1131965.3583333334
29,2012-07-06,578832.41,0,77.41,3.538,138.2296333,9.419,2012,7,27,3,4,1500863.54,273690.37,1000285.1,1003388.0750000002,1144935.3591666666
30,2012-07-06,440553.42,0,85.26,3.227,221.5215064,6.565,2012,7,27,3,4,578832.41,753385.55,1887733.21,925180.0425000002,1135318.6333333333
31,2012-07-06,1458059.42,0,85.26,3.227,221.5215064,6.565,2012,7,27,3,4,440553.42,1180470.8,1527845.81,994577.1975000001,1162737.5866666667
32,2012-07-06,1214183.97,0,78.68,3.646,197.8322195,7.872,2012,7,27,3,4,1458059.42,1500863.54,773367.71,922907.3050000002,1110373.3074999999
34,2012-07-06,1007867.68,0,77.95,3.187,130.7196333,9.285,2012,7,27,3,4,1214183.97,578832.41,2055952.61,1030166.1225,1106763.0775000001
35,2012-07-06,985479.64,0,82.08,3.475,142.2234298,8.839,2012,7,27,3,4,1007867.68,440553.42,1379652.65,1166397.6775000002,1032132.5375
36,2012-07-06,306578.89,0,81.52,3.232,220.567112,6.623,2012,7,27,3,4,985479.64,1458059.42,1097006.3,878527.5450000002,929312.3208333333
37,2012-07-06,519498.32,0,81.52,3.227,220.567112,6.623,2012,7,27,3,4,306578.89,1214183.97,982322.24,704856.1325000002,851622.0008333334
38,2012-07-06,471086.22,0,89.13,3.765,130.7196333,10.926,2012,7,27,3,4,519498.32,1007867.68,570162.28,570660.7675000002,868071.6549999999
39,2012-07-06,1659221.99,0,81.05,3.227,220.567112,6.623,2012,7,27,3,4,471086.22,985479.64,624099.48,739096.3550000001,943558.0249999999
40,2012-07-06,1182901.56,0,69.08,3.538,138.2296333,4.156,2012,7,27,3,4,1659221.99,306578.89,1591835.02,958177.0225000001,943760.5883333334
41,2012-07-06,1456300.89,0,74.47,3.646,197.8322195,6.432,2012,7,27,3,4,1182901.56,519498.32,2037663.71,1192377.665,940047.0341666667
42,2012-07-06,618702.09,0,86.87,3.666,130.7196333,7.17,2012,7,27,3,4,1456300.89,471086.22,716341.39,1229281.6325,943369.5075
43,2012-07-06,645618.59,0,82.68,3.227,213.2797452,9.285,2012,7,27,3,4,618702.09,1659221.99,943124.74,975880.7825000001,960458.2716666666
44,2012-07-06,358461.58,0,79.23,3.63,130.7196333,5.407,2012,7,27,3,4,645618.59,1182901.56,1707481.9,769770.7875000001,868825.1183333333
45,2012-07-06,843361.1,0,82.99,3.475,191.1338827,8.684,2012,7,27,3,4,358461.58,1456300.89,544770.7,616535.8400000001,837923.2125
24,2012-07-06,1645097.75,0,77.18,3.646,138.2296333,8.953,2012,7,27,3,4,843361.1,618702.09,878298.22,873134.7550000001,891025.7183333333
23,2012-07-06,1545370.16,0,70.86,3.538,138.2296333,4.156,2012,7,27,3,4,1645097.75,645618.59,704335.41,1098072.6475000002,937683.2616666667
27,2012-07-06,2062224.92,0,82.08,3.646,142.2234298,8.239,2012,7,27,3,4,1545370.16,358461.58,1648863.46,1524013.4825000002,1083987.0975
21,2012-07-06,693013.59,0,85.26,3.227,221.5215064,6.565,2012,7,27,3,4,2062224.92,843361.1,329658.1,1486426.605,1098446.7033333334
1,2012-07-06,1769854.16,0,81.57,3.227,221.8837789,6.908,2012,7,27,3,4,693013.59,1645097.75,2128362.92,1517615.7075,1206677.365
2,2012-07-06,2041507.4,0,84.2,3.227,221.5215064,6.565,2012,7,27,3,4,1769854.16,1545370.16,422965.33,1641650.0175,1238534.4825
3,2012-07-06,411206.5,0,83.14,3.227,225.3916254,6.334,2012,7,27,3,4,2041507.4,2062224.92,1297028.6,1228895.4125,1174226.5608333333
4,2012-07-06,2224499.28,0,80.37,3.187,130.7196333,4.077,2012,7,27,3,4,411206.5,693013.59,1053881.78,1611766.835,1238243.0933333333
5,2012-07-06,341214.43,0,82.35,3.227,222.4714336,5.603,2012,7,27,3,4,2224499.28,1769854.16,1428869.9,1254606.9025,1215119.1216666666
6,2012-07-06,1876359.39,0,82.95,3.227,223.4919851,5.668,2012,7,27,3,4,341214.43,2041507.4,718890.81,1213319.9,1317680.8549999997
7,2012-07-06,805642.61,0,64.67,3.646,197.8322195,7.872,2012,7,27,3,4,1876359.39,411206.5,338386.08,1311928.9275,1354945.9408333332
22,2012-07-06,1097786.14,0,77.41,3.538,142.2234298,7.753,2012,7,27,3,4,805642.61,2224499.28,593128.13,1030250.6425000001,1376148.0274999999
9,2012-07-06,578790.36,0,84.15,3.227,225.6346256,5.277,2012,7,27,3,4,1097786.14,341214.43,507403.77,1089644.625,1287289.0783333334
10,2012-07-06,1805999.79,0,86.87,3.666,130.7196333,7.17,2012,7,27,3,4,578790.36,1876359.39,1355600.01,1072054.725,1309008.2141666666
11,2012-07-06,1461129.94,0,83.44,3.227,225.3916254,6.334,2012,7,27,3,4,1805999.79,805642.61,988764.84,1235926.5575,1258916.9658333333
8,2012-07-06,936205.5,0,81.24,3.227,225.4407043,5.401,2012,7,27,3,4,1461129.94,1097786.14,1492388.98,1195531.3975,1279182.9583333333
20,2012-07-06,2358055.3,0,79.2,3.475,214.6873514,7.28,2012,7,27,3,4,936205.5,578790.36,404634.36,1640347.6324999998,1328199.72
13,2012-07-06,2184980.35,0,79.23,3.63,130.7196333,5.765,2012,7,27,3,4,2358055.3,1805999.79,508309.81,1735092.7725000002,1340155.7991666666
14,2012-07-06,1862128.95,0,82.99,3.475,191.1338827,8.684,2012,7,27,3,4,2184980.35,1461129.94,291530.43,1835342.5250000001,1461066.0033333332
15,2012-07-06,678024.75,0,74.64,3.646,138.2296333,8.193,2012,7,27,3,4,1862128.95,936205.5,892133.41,1770797.3375000001,1332193.1258333332
16,2012-07-06,641763.53,0,70.49,3.646,197.8322195,6.061,2012,7,27,3,4,678024.75,2358055.3,942970.63,1341724.395,1357238.8841666665
17,2012-07-06,1046782.52,0,68.91,3.63,130.7196333,5.936,2012,7,27,3,4,641763.53,2184980.35,244338.31,1057174.9375,1288107.4783333333
18,2012-07-06,1158247.31,0,76.08,3.538,138.2296333,8.535,2012,7,27,3,4,1046782.52,1862128.95,1178211.81,881204.5275000001,1317491.2033333334
19,2012-07-06,1557120.44,0,76.07,3.646,138.2296333,8.193,2012,7,27,3,4,1158247.31,678024.75,1349202.25,1100978.4500000002,1355769.0616666668
12,2012-07-06,1014898.78,0,89.13,3.765,130.7196333,10.926,2012,7,27,3,4,1557120.44,641763.53,423192.4,1194262.2625000002,1392111.43
33,2012-07-13,287033.64,0,97.6,3.723,130.683,7.147,2012,7,28,3,4,1014898.78,1046782.52,555954.13,1004325.0425000001,1265530.9175
32,2012-07-13,1141184.66,0,71.57,3.613,197.8788621,7.872,2012,7,28,3,4,287033.64,1158247.31,1129031.98,1000059.3800000001,1238868.8108333333
31,2012-07-13,1374301.34,0,82.51,3.256,221.5616784,6.565,2012,7,28,3,4,1141184.66,1557120.44,1842555.32,954354.6050000002,1275376.7975
30,2012-07-13,417640.34,0,82.51,3.256,221.5616784,6.565,2012,7,28,3,4,1374301.34,1014898.78,1051190.44,805039.9950000001,1113675.5508333333
26,2012-07-13,1063149.78,0,64.47,3.561,138.263,7.405,2012,7,28,3,4,417640.34,287033.64,1881046.12,999069.0300000003,1020189.67
28,2012-07-13,1179915.04,0,95.61,3.723,130.683,10.926,2012,7,28,3,4,1063149.78,1141184.66,1540421.49,1008751.6250000002,963338.5108333332
27,2012-07-13,1755889.53,0,78.95,3.689,142.2548214,8.239,2012,7,28,3,4,1179915.04,1374301.34,1451782.16,1104148.6725000003,1053160.5758333334
34,2012-07-13,954677.75,0,74.02,3.224,130.683,9.285,2012,7,28,3,4,1755889.53,417640.34,273690.37,1238408.0250000001,1079236.7608333335
29,2012-07-13,514709.76,0,75.81,3.561,138.263,9.419,2012,7,28,3,4,954677.75,1063149.78,753385.55,1101298.02,1034897.3641666668
35,2012-07-13,825763.48,0,78.95,3.523,142.2548214,8.839,2012,7,28,3,4,514709.76,1179915.04,1180470.8,1012760.1300000001,1007190.3783333334
23,2012-07-13,1384921.63,0,69.19,3.561,138.263,4.156,2012,7,28,3,4,825763.48,1755889.53,1500863.54,920018.155,992840.4775
37,2012-07-13,506005.47,0,78.15,3.256,220.6063444,6.623,2012,7,28,3,4,1384921.63,954677.75,578832.41,807850.0850000001,950432.7016666667
38,2012-07-13,416036.75,0,95.61,3.723,130.683,10.926,2012,7,28,3,4,506005.47,514709.76,440553.42,783181.8325,961182.9608333334
39,2012-07-13,1471261.76,0,78.16,3.256,220.6063444,6.623,2012,7,28,3,4,416036.75,825763.48,1458059.42,944556.4025000001,988689.3858333334
40,2012-07-13,979848.71,0,67.48,3.561,138.263,4.156,2012,7,28,3,4,1471261.76,1384921.63,1214183.97,843288.1725000001,955818.3333333334
41,2012-07-13,1332594.07,0,67.24,3.613,197.8788621,6.432,2012,7,28,3,4,979848.71,506005.47,1007867.68,1049935.3225000002,1032064.4775
42,2012-07-13,628099.08,0,89.8,3.723,130.683,7.17,2012,7,28,3,4,1332594.07,416036.75,985479.64,1102950.905,995810.2525
43,2012-07-13,627634.04,0,78.82,3.256,213.3134286,9.285,2012,7,28,3,4,628099.08,1471261.76,306578.89,892043.9750000002,949786.8358333334
44,2012-07-13,336479.49,0,83.68,3.595,130.683,5.407,2012,7,28,3,4,627634.04,979848.71,519498.32,731201.67,831502.6658333334
45,2012-07-13,749817.08,0,79.97,3.523,191.1685192,8.684,2012,7,28,3,4,336479.49,1332594.07,471086.22,585507.4225000001,814430.9433333334
25,2012-07-13,714093.95,0,73.87,3.523,214.728027,7.28,2012,7,28,3,4,749817.08,628099.08,1659221.99,607006.1400000001,831046.2925
36,2012-07-13,298337.41,0,78.15,3.245,220.6063444,6.623,2012,7,28,3,4,714093.95,627634.04,1182901.56,524681.9825,787094.12
24,2012-07-13,1405475.78,0,75.36,3.689,138.263,8.953,2012,7,28,3,4,298337.41,336479.49,1456300.89,791931.0550000002,788806.9658333333
11,2012-07-13,1320239.51,0,82.46,3.256,225.4340074,6.334,2012,7,28,3,4,1405475.78,749817.08,618702.09,934536.6625000001,856659.8024999999
22,2012-07-13,971361.38,0,75.81,3.561,142.2548214,7.753,2012,7,28,3,4,1320239.51,714093.95,645618.59,998853.52,902936.855
1,2012-07-13,1527014.04,0,77.12,3.256,221.9241579,6.908,2012,7,28,3,4,971361.38,298337.41,358461.58,1306022.6775000002,907582.8783333333
3,2012-07-13,416913.1,0,82.28,3.256,225.4340074,6.334,2012,7,28,3,4,1527014.04,1405475.78,843361.1,1058882.0075,860671.5775
4,2012-07-13,2100252.61,0,76.86,3.224,130.683,4.077,2012,7,28,3,4,416913.1,1320239.51,1645097.75,1253885.2825000002,924643.1225
5,2012-07-13,316203.64,0,80.78,3.256,222.5121481,5.603,2012,7,28,3,4,2100252.61,971361.38,1545370.16,1090095.8475000001,898651.8358333333
6,2012-07-13,1588142.26,0,80.27,3.256,223.5332824,5.668,2012,7,28,3,4,316203.64,1527014.04,2062224.92,1105377.9025,978694.1875
7,2012-07-13,694150.89,0,64.21,3.613,197.8788621,7.872,2012,7,28,3,4,1588142.26,416913.1,693013.59,1174687.35,1008500.1374999998
8,2012-07-13,890488.01,0,78.46,3.256,225.4831143,5.401,2012,7,28,3,4,694150.89,2100252.61,1769854.16,872246.2000000001,1020222.715
9,2012-07-13,536537.64,0,82.39,3.256,225.6771463,5.277,2012,7,28,3,4,890488.01,316203.64,2041507.4,927329.7000000001,1005426.3558333333
10,2012-07-13,1765571.91,0,89.8,3.723,130.683,7.17,2012,7,28,3,4,536537.64,1588142.26,411206.5,971687.1125,1127695.8975
2,2012-07-13,1830075.13,0,80.17,3.256,221.5616784,6.565,2012,7,28,3,4,1765571.91,694150.89,2224499.28,1255668.1725,1163079.1766666665
13,2012-07-13,2002750.99,0,83.68,3.595,130.683,5.765,2012,7,28,3,4,1830075.13,890488.01,341214.43,1533733.9175,1219955.1333333333
14,2012-07-13,1544422.35,0,79.97,3.523,191.1685192,8.684,2012,7,28,3,4,2002750.99,536537.64,1876359.39,1785705.095,1267710.2141666666
15,2012-07-13,591335.5,0,72.62,3.689,138.263,8.193,2012,7,28,3,4,1544422.35,1765571.91,805642.61,1492145.9925000002,1189737.0025000002
16,2012-07-13,569005.06,0,70.29,3.613,197.8788621,6.061,2012,7,28,3,4,591335.5,1830075.13,1097786.14,1176878.475,1202411.3325
17,2012-07-13,960746.04,0,72.94,3.595,130.683,5.936,2012,7,28,3,4,569005.06,2002750.99,578790.36,916377.2375000002,1107452.4516666667
18,2012-07-13,1024784.92,0,75.09,3.561,138.263,8.535,2012,7,28,3,4,960746.04,1544422.35,1805999.79,786467.8800000001,1166500.8916666668
19,2012-07-13,1321741.35,0,73.17,3.689,138.263,8.193,2012,7,28,3,4,1024784.92,591335.5,1461129.94,969069.3425000001,1144300.8158333334
20,2012-07-13,2134680.12,0,78.27,3.523,214.728027,7.28,2012,7,28,3,4,1321741.35,569005.06,936205.5,1360488.1075000002,1264344.9183333332
12,2012-07-13,960312.75,0,95.61,3.723,130.683,10.926,2012,7,28,3,4,2134680.12,960746.04,2358055.3,1360379.7850000001,1270163.6466666667
21,2012-07-13,668132.36,0,82.51,3.256,221.5616784,6.565,2012,7,28,3,4,960312.75,1024784.92,2184980.35,1271216.6450000003,1281129.8733333333
21,2012-07-20,691200.33,0,84.25,3.311,221.5701123,6.565,2012,7,29,3,4,668132.36,1321741.35,1862128.95,1113581.3900000001,1191598.9083333334
29,2012-07-20,506705.36,0,76.57,3.61,138.2331935,9.419,2012,7,29,3,4,691200.33,2134680.12,678024.75,706587.7000000001,1081318.0941666667
28,2012-07-20,1149427.48,0,85.53,3.726,130.7012903,10.926,2012,7,29,3,4,506705.36,960312.75,641763.53,753866.3825000001,1010207.8016666668
27,2012-07-20,1730913.66,0,78.64,3.732,142.2337569,8.239,2012,7,29,3,4,1149427.48,668132.36,1046782.52,1019561.7075,1025748.7441666666
22,2012-07-20,991969.37,0,76.57,3.61,142.2337569,7.753,2012,7,29,3,4,1730913.66,691200.33,1158247.31,1094753.9675,1059134.9
25,2012-07-20,685676.58,0,74.32,3.567,214.7331351,7.28,2012,7,29,3,4,991969.37,506705.36,1557120.44,1139496.7725,1068857.5266666666
24,2012-07-20,1394299.0,0,76.42,3.732,138.2331935,8.953,2012,7,29,3,4,685676.58,1149427.48,1014898.78,1200714.6525,1104986.94
30,2012-07-20,427491.04,0,84.25,3.311,221.5701123,6.565,2012,7,29,3,4,1394299.0,1730913.66,287033.64,874858.9975,1055212.45
26,2012-07-20,1049625.9,0,66.75,3.61,138.2331935,7.405,2012,7,29,3,4,427491.04,991969.37,1141184.66,889273.1300000001,1032536.1625
31,2012-07-20,1392395.2,0,84.25,3.311,221.5701123,6.565,2012,7,29,3,4,1049625.9,685676.58,1374301.34,1065952.7850000001,970679.0858333333
36,2012-07-20,303289.55,0,81.76,3.301,220.6148749,6.623,2012,7,29,3,4,1392395.2,1394299.0,417640.34,793200.4225000001,915927.1525
33,2012-07-20,253205.89,0,91.49,3.589,130.7012903,7.147,2012,7,29,3,4,303289.55,427491.04,1063149.78,749629.1350000001,881349.9466666667
34,2012-07-20,950929.59,0,77.7,3.263,130.7012903,9.285,2012,7,29,3,4,253205.89,1049625.9,1179915.04,724955.0575000001,902994.0516666666
35,2012-07-20,841224.74,0,78.64,3.567,142.2337569,8.839,2012,7,29,3,4,950929.59,1392395.2,1755889.53,587162.4425000001,930870.6666666666
37,2012-07-20,503744.56,0,81.76,3.311,220.6148749,6.623,2012,7,29,3,4,841224.74,303289.55,954677.75,637276.1950000001,877063.7566666667
38,2012-07-20,441683.74,0,85.53,3.726,130.7012903,10.926,2012,7,29,3,4,503744.56,253205.89,514709.76,684395.6575000001,769627.9299999998
39,2012-07-20,1582168.27,0,80.32,3.311,220.6148749,6.623,2012,7,29,3,4,441683.74,950929.59,825763.48,842205.3275000001,818811.1716666667
40,2012-07-20,968502.38,0,70.45,3.61,138.2331935,4.156,2012,7,29,3,4,1582168.27,841224.74,1384921.63,874024.7375,842379.9883333333
41,2012-07-20,1347175.93,0,74.06,3.585,197.9290378,6.432,2012,7,29,3,4,968502.38,503744.56,506005.47,1084882.58,838453.0658333333
32,2012-07-20,1167829.33,0,77.76,3.585,197.9290378,7.872,2012,7,29,3,4,1347175.93,441683.74,416036.75,1266418.9775,900147.9233333335
20,2012-07-20,1970170.29,0,76.04,3.567,214.7331351,7.28,2012,7,29,3,4,1167829.33,1582168.27,1471261.76,1363419.4825000002,976859.9558333334
23,2012-07-20,1381339.23,0,71.13,3.61,138.2331935,4.156,2012,7,29,3,4,1970170.29,968502.38,979848.71,1466628.6950000003,975938.625
18,2012-07-20,1033543.56,0,77.43,3.61,138.2331935,8.535,2012,7,29,3,4,1381339.23,1347175.93,1332594.07,1388220.6025000003,1036793.1258333335
42,2012-07-20,530318.39,0,84.45,3.589,130.7012903,7.17,2012,7,29,3,4,1033543.56,1167829.33,628099.08,1228842.8675,1059885.8341666667
45,2012-07-20,737613.65,0,78.89,3.567,191.1670428,8.684,2012,7,29,3,4,530318.39,1970170.29,627634.04,920703.7075000001,1042109.5058333334
44,2012-07-20,337819.16,0,75.69,3.556,130.7012903,5.407,2012,7,29,3,4,737613.65,1381339.23,336479.49,659823.6900000002,1000159.0408333334
1,2012-07-20,1497954.76,0,80.42,3.311,221.9327267,6.908,2012,7,29,3,4,337819.16,1033543.56,749817.08,775926.4900000001,1083009.8908333334
2,2012-07-20,1819666.46,0,83.23,3.311,221.5701123,6.565,2012,7,29,3,4,1497954.76,530318.39,714093.95,1098263.5075,1197841.7841666667
3,2012-07-20,432424.85,0,81.38,3.311,225.4438827,6.334,2012,7,29,3,4,1819666.46,737613.65,298337.41,1021966.3075000001,1102029.8325
4,2012-07-20,2175563.69,0,79.14,3.263,130.7012903,4.077,2012,7,29,3,4,432424.85,337819.16,1405475.78,1481402.44,1202618.2750000001
5,2012-07-20,321205.12,0,81.05,3.311,222.5209358,5.603,2012,7,29,3,4,2175563.69,1497954.76,1320239.51,1187215.03,1117120.7075
6,2012-07-20,1574361.97,0,81.57,3.311,223.5424501,5.668,2012,7,29,3,4,321205.12,1819666.46,971361.38,1125888.9075000002,1150998.4275
19,2012-07-20,1317672.92,0,76.17,3.732,138.2331935,8.193,2012,7,29,3,4,1574361.97,432424.85,1527014.04,1347200.925,1096623.6466666667
7,2012-07-20,686345.69,0,62.87,3.585,197.9290378,7.872,2012,7,29,3,4,1317672.92,2175563.69,416913.1,974896.425,1038707.5183333332
9,2012-07-20,513991.57,0,83.39,3.311,225.6871121,5.277,2012,7,29,3,4,686345.69,321205.12,2100252.61,1023093.0375,995411.5191666667
10,2012-07-20,1869967.03,0,84.45,3.589,130.7012903,7.17,2012,7,29,3,4,513991.57,1574361.97,316203.64,1096994.3025000002,1107048.9058333335
11,2012-07-20,1344483.81,0,82.41,3.311,225.4438827,6.334,2012,7,29,3,4,1869967.03,1317672.92,1588142.26,1103697.0250000001,1157621.4191666667
12,2012-07-20,941550.34,0,85.53,3.726,130.7012903,10.926,2012,7,29,3,4,1344483.81,686345.69,694150.89,1167498.1875000002,1207932.3508333333
13,2012-07-20,2053089.32,0,75.69,3.556,130.7012903,5.765,2012,7,29,3,4,941550.34,513991.57,890488.01,1552272.6250000002,1254193.5641666667
14,2012-07-20,1553250.16,0,78.89,3.567,191.1670428,8.684,2012,7,29,3,4,2053089.32,1869967.03,536537.64,1473093.4075000002,1231992.2058333333
15,2012-07-20,592369.22,0,75.31,3.732,138.2331935,8.193,2012,7,29,3,4,1553250.16,1344483.81,1765571.91,1285064.76,1245320.9033333333
16,2012-07-20,565297.54,0,68.43,3.585,197.9290378,6.061,2012,7,29,3,4,592369.22,941550.34,1830075.13,1191001.56,1111132.0574999999
17,2012-07-20,944698.7,0,70.59,3.556,130.7012903,5.936,2012,7,29,3,4,565297.54,2053089.32,2002750.99,913903.905,1163089.8558333335
8,2012-07-20,888834.07,0,79.94,3.311,225.4930078,5.401,2012,7,29,3,4,944698.7,1553250.16,1544422.35,747799.8825000001,1105962.5308333333
43,2012-07-20,596554.05,0,83.83,3.311,213.3219124,9.285,2012,7,29,3,4,888834.07,592369.22,591335.5,748846.0900000001,1045869.2916666666
1,2012-07-27,1439123.71,0,82.66,3.407,221.9412954,6.908,2012,7,30,3,4,596554.05,565297.54,569005.06,967302.6325000001,1108600.7933333332
3,2012-07-27,389427.9,0,84.94,3.407,225.4537579,6.334,2012,7,30,3,4,1439123.71,944698.7,960746.04,828484.9325,1098220.4875
23,2012-07-27,1322932.36,0,69.31,3.701,138.2033871,4.156,2012,7,30,3,4,389427.9,888834.07,1024784.92,937009.5050000001,1052634.2650000001
22,2012-07-27,925731.21,0,73.52,3.701,142.2126924,7.753,2012,7,30,3,4,1322932.36,596554.05,1321741.35,1019303.7950000002,1017738.215
21,2012-07-27,677789.14,0,88.09,3.407,221.5785461,6.565,2012,7,30,3,4,925731.21,1439123.71,2134680.12,828970.1525000002,995758.1150000001
20,2012-07-27,1911559.1,0,74.6,3.647,214.7382432,7.28,2012,7,30,3,4,677789.14,389427.9,960312.75,1209502.9525000001,983963.93
19,2012-07-27,1248915.43,0,74.43,3.82,138.2033871,8.193,2012,7,30,3,4,1911559.1,1322932.36,668132.36,1190998.7200000002,958602.7025
18,2012-07-27,924506.26,0,72.97,3.701,138.2033871,8.535,2012,7,30,3,4,1248915.43,925731.21,691200.33,1190692.4825000002,986280.7891666666
17,2012-07-27,907493.24,0,74.2,3.537,130.7195806,5.936,2012,7,30,3,4,924506.26,677789.14,506705.36,1248118.5075,1014797.0975
16,2012-07-27,539337.87,0,69.0,3.57,197.9792136,6.061,2012,7,30,3,4,907493.24,1911559.1,1149427.48,905063.2000000001,981017.0283333333
15,2012-07-27,571190.83,0,73.9,3.82,138.2033871,8.193,2012,7,30,3,4,539337.87,1248915.43,1730913.66,735632.05,954546.7583333334
14,2012-07-27,1479514.66,0,77.2,3.647,191.1655664,8.684,2012,7,30,3,4,571190.83,924506.26,991969.37,874384.1500000001,1028126.8091666667
13,2012-07-27,1914430.53,0,80.42,3.537,130.7195806,5.765,2012,7,30,3,4,1479514.66,907493.24,685676.58,1126118.4725000001,1067735.7108333332
12,2012-07-27,916967.92,0,93.47,3.769,130.7195806,10.926,2012,7,30,3,4,1914430.53,539337.87,1394299.0,1220525.985,1111697.3791666667
11,2012-07-27,1272395.02,0,85.43,3.407,225.4537579,6.334,2012,7,30,3,4,916967.92,571190.83,427491.04,1395827.0325000002,1107485.9341666666
10,2012-07-27,1817603.66,0,83.98,3.769,130.7195806,7.17,2012,7,30,3,4,1272395.02,1479514.66,1049625.9,1480349.2825,1181808.6383333334
9,2012-07-27,495951.0,0,86.41,3.407,225.6970779,5.277,2012,7,30,3,4,1817603.66,1914430.53,1392395.2,1125729.4000000001,1166655.46
8,2012-07-27,838227.52,0,81.71,3.407,225.5029014,5.401,2012,7,30,3,4,495951.0,916967.92,303289.55,1106044.3,1077211.1616666666
7,2012-07-27,686365.4,0,64.6,3.57,197.9792136,7.872,2012,7,30,3,4,838227.52,1272395.02,253205.89,959536.8950000001,1030331.9925
6,2012-07-27,1513229.16,0,85.78,3.407,223.5516178,5.668,2012,7,30,3,4,686365.4,1817603.66,950929.59,883443.27,1079392.2341666666
5,2012-07-27,306827.36,0,85.06,3.407,222.5297234,5.603,2012,7,30,3,4,1513229.16,495951.0,841224.74,836162.3600000001,1029336.7441666666
24,2012-07-27,1307339.14,0,73.62,3.82,138.2033871,8.953,2012,7,30,3,4,306827.36,838227.52,503744.56,953440.265,1093336.8499999999
2,2012-07-27,1757923.88,0,86.37,3.407,221.5785461,6.565,2012,7,30,3,4,1307339.14,686365.4,441683.74,1221329.885,1192231.2708333333
25,2012-07-27,659109.53,0,72.98,3.647,214.7382432,7.28,2012,7,30,3,4,1757923.88,1513229.16,1582168.27,1007799.9775,1123864.1766666665
27,2012-07-27,1625883.71,0,76.01,3.82,142.2126924,8.239,2012,7,30,3,4,659109.53,306827.36,968502.38,1337564.065,1099818.6083333332
45,2012-07-27,711671.58,0,77.2,3.647,191.1655664,8.684,2012,7,30,3,4,1625883.71,1307339.14,1347175.93,1188647.175,1082710.5799999998
44,2012-07-27,319855.26,0,80.42,3.537,130.7195806,5.407,2012,7,30,3,4,711671.58,1757923.88,1167829.33,829130.02,1003332.2666666666
43,2012-07-27,572447.52,0,82.01,3.407,213.3303963,9.285,2012,7,30,3,4,319855.26,659109.53,1970170.29,807464.5175,899569.255
42,2012-07-27,516352.21,0,83.98,3.769,130.7195806,7.17,2012,7,30,3,4,572447.52,1625883.71,1381339.23,530081.6425,901269.3558333333
41,2012-07-27,1344723.97,0,73.31,3.57,197.9792136,6.432,2012,7,30,3,4,516352.21,711671.58,1033543.56,688344.74,943477.3933333334
40,2012-07-27,954396.85,0,67.88,3.701,138.2033871,4.156,2012,7,30,3,4,1344723.97,319855.26,530318.39,846980.1375000001,965813.3475
39,2012-07-27,1487797.54,0,82.89,3.407,220.6234054,6.623,2012,7,30,3,4,954396.85,572447.52,737613.65,1075817.6425,963694.0458333334
38,2012-07-27,407186.47,0,93.47,3.769,130.7195806,10.926,2012,7,30,3,4,1487797.54,516352.21,337819.16,1048526.2075,972057.305
26,2012-07-27,1031745.14,0,64.12,3.701,138.2033871,7.405,2012,7,30,3,4,407186.47,1344723.97,1497954.76,970281.5,949091.1383333333
37,2012-07-27,514489.17,0,84.0,3.407,220.6234054,6.623,2012,7,30,3,4,1031745.14,954396.85,1819666.46,860304.58,845471.5791666667
35,2012-07-27,808030.15,0,76.01,3.647,142.2126924,8.839,2012,7,30,3,4,514489.17,1487797.54,432424.85,690362.7324999999,857881.6308333334
34,2012-07-27,917883.79,0,77.3,3.356,130.7195806,9.285,2012,7,30,3,4,808030.15,407186.47,2175563.69,818037.0625,798881.6375000001
33,2012-07-27,249134.32,0,93.95,3.769,130.7195806,7.147,2012,7,30,3,4,917883.79,1031745.14,321205.12,622384.3575,760336.8658333333
32,2012-07-27,1144901.52,0,77.56,3.57,197.9792136,7.872,2012,7,30,3,4,249134.32,514489.17,1574361.97,779987.4450000001,829090.7208333333
31,2012-07-27,1303732.36,0,88.09,3.407,221.5785461,6.565,2012,7,30,3,4,1144901.52,808030.15,1317672.92,903912.9975,890031.1241666666
30,2012-07-27,424581.17,0,88.09,3.407,221.5785461,6.565,2012,7,30,3,4,1303732.36,917883.79,686345.69,780587.3425,882383.5375000001
29,2012-07-27,475158.24,0,73.52,3.701,138.2033871,9.419,2012,7,30,3,4,424581.17,249134.32,513991.57,837093.3225000001,809919.7266666667
28,2012-07-27,1135035.09,0,93.47,3.769,130.7195806,10.926,2012,7,30,3,4,475158.24,1144901.52,1869967.03,834626.7150000001,824972.9133333334
36,2012-07-27,279643.43,0,84.0,3.392,220.6234054,6.623,2012,7,30,3,4,1135035.09,1303732.36,1344483.81,578604.4825,724293.4041666668
4,2012-07-27,2048613.65,0,81.06,3.356,130.7195806,4.077,2012,7,30,3,4,279643.43,424581.17,941550.34,984612.6025,861079.0025000001
45,2012-08-03,725729.51,0,76.58,3.654,191.16409,8.684,2012,8,31,3,4,2048613.65,475158.24,2053089.32,1047255.4199999999,835577.7000000001
43,2012-08-03,614378.94,0,85.06,3.417,213.3388802,9.285,2012,8,31,3,4,725729.51,1135035.09,1553250.16,917091.3825,843901.8475
2,2012-08-03,1946104.64,0,90.22,3.417,221.5869799,6.565,2012,8,31,3,4,614378.94,279643.43,592369.22,1333706.6849999998,938741.3883333333
25,2012-08-03,709724.6,0,72.08,3.654,214.7433514,7.28,2012,8,31,3,4,1946104.64,2048613.65,565297.54,998984.4225,921394.7891666667
26,2012-08-03,1090915.09,0,65.6,3.698,138.1735806,7.405,2012,8,31,3,4,709724.6,725729.51,944698.7,1090280.8175,991543.1866666666
27,2012-08-03,1705810.84,0,75.22,3.819,142.1916279,8.239,2012,8,31,3,4,1090915.09,614378.94,888834.07,1363138.7925,1038285.63
28,2012-08-03,1376520.1,0,88.16,3.76,130.737871,10.926,2012,8,31,3,4,1705810.84,1946104.64,596554.05,1220742.6575000002,1044351.2749999999
29,2012-08-03,504754.74,0,72.99,3.698,138.1735806,9.419,2012,8,31,3,4,1376520.1,709724.6,1439123.71,1169500.1925000001,1051032.4058333333
30,2012-08-03,425136.55,0,91.57,3.417,221.5869799,6.565,2012,8,31,3,4,504754.74,1090915.09,389427.9,1003055.5575,1046863.9316666666
31,2012-08-03,1390174.63,0,91.57,3.417,221.5869799,6.565,2012,8,31,3,4,425136.55,1705810.84,1322932.36,924146.5049999999,1068125.5599999998
32,2012-08-03,1183571.35,0,75.09,3.528,198.0293893,7.872,2012,8,31,3,4,1390174.63,1376520.1,925731.21,875909.3175000001,1143452.8866666665
24,2012-08-03,1440374.13,0,73.26,3.819,138.1735806,8.953,2012,8,31,3,4,1183571.35,504754.74,677789.14,1109814.165,1092766.26
33,2012-08-03,258533.12,0,92.13,3.595,130.737871,7.147,2012,8,31,3,4,1440374.13,425136.55,1911559.1,1068163.3075,1053833.2274999998
35,2012-08-03,866216.36,0,75.22,3.654,142.1916279,8.839,2012,8,31,3,4,258533.12,1390174.63,1248915.43,937173.74,1074819.6791666667
36,2012-08-03,304989.97,0,85.56,3.404,220.6319358,6.623,2012,8,31,3,4,866216.36,1183571.35,924506.26,717528.3949999999,938060.1233333334
37,2012-08-03,521959.28,0,85.56,3.417,220.6319358,6.623,2012,8,31,3,4,304989.97,1440374.13,907493.24,487924.6825,922413.0133333333
38,2012-08-03,469311.17,0,88.16,3.76,130.737871,10.926,2012,8,31,3,4,521959.28,258533.12,539337.87,540619.195,870612.6866666666
39,2012-08-03,1608277.74,0,84.05,3.417,220.6319358,6.623,2012,8,31,3,4,469311.17,866216.36,571190.83,726134.54,862484.9283333333
40,2012-08-03,1068346.76,0,70.15,3.698,138.1735806,4.156,2012,8,31,3,4,1608277.74,304989.97,1479514.66,916973.7375,836803.8166666668
41,2012-08-03,1439607.35,0,73.16,3.528,198.0293893,6.432,2012,8,31,3,4,1068346.76,521959.28,1914430.53,1146385.755,914708.2008333333
42,2012-08-03,573084.71,0,84.76,3.595,130.737871,7.17,2012,8,31,3,4,1439607.35,469311.17,916967.92,1172329.1400000001,927037.2141666665
34,2012-08-03,973250.41,0,78.93,3.374,130.737871,9.285,2012,8,31,3,4,573084.71,1608277.74,1272395.02,1013572.3075,892293.5291666667
44,2012-08-03,342385.38,0,81.99,3.512,130.737871,5.407,2012,8,31,3,4,973250.41,1068346.76,1817603.66,832081.9625,822194.6983333334
23,2012-08-03,1416926.31,0,71.51,3.698,138.1735806,4.156,2012,8,31,3,4,342385.38,1439607.35,495951.0,826411.7025,820240.7133333334
12,2012-08-03,958667.23,0,88.16,3.76,130.737871,10.926,2012,8,31,3,4,1416926.31,573084.71,838227.52,922807.3325,878585.2225
3,2012-08-03,419990.29,0,86.55,3.417,225.4636332,6.334,2012,8,31,3,4,958667.23,973250.41,686365.4,784492.3025,841399.7166666667
4,2012-08-03,2174514.13,0,83.86,3.374,130.737871,4.077,2012,8,31,3,4,419990.29,342385.38,1513229.16,1242524.49,997193.3966666666
5,2012-08-03,324195.17,0,86.91,3.417,222.5385111,5.603,2012,8,31,3,4,2174514.13,1416926.31,306827.36,969341.705,980713.0541666666
6,2012-08-03,1627274.93,0,87.55,3.417,223.5607856,5.668,2012,8,31,3,4,324195.17,958667.23,1307339.14,1136493.63,1077210.0341666664
7,2012-08-03,680954.81,0,61.83,3.528,198.0293893,7.872,2012,8,31,3,4,1627274.93,419990.29,1757923.88,1201734.76,999933.1233333332
8,2012-08-03,897076.73,0,85.06,3.417,225.5127949,5.401,2012,8,31,3,4,680954.81,2174514.13,659109.53,882375.4099999999,985660.6208333332
9,2012-08-03,533887.54,0,90.23,3.417,225.7070437,5.277,2012,8,31,3,4,897076.73,324195.17,1625883.71,934798.5025,910183.9699999999
10,2012-08-03,1939440.09,0,84.76,3.595,130.737871,7.17,2012,8,31,3,4,533887.54,1627274.93,711671.58,1012839.7925000001,1024046.9183333333
11,2012-08-03,1399341.07,0,86.94,3.417,225.4636332,6.334,2012,8,31,3,4,1939440.09,680954.81,319855.26,1192436.3575000002,1059554.4733333334
1,2012-08-03,1631135.79,0,86.11,3.417,221.9498642,6.908,2012,8,31,3,4,1399341.07,897076.73,572447.52,1375951.1225,1166950.3408333333
13,2012-08-03,2044148.23,0,81.99,3.512,130.737871,5.765,2012,8,31,3,4,1631135.79,533887.54,516352.21,1753516.295,1219218.8341666667
14,2012-08-03,1656886.46,0,76.58,3.654,191.16409,8.684,2012,8,31,3,4,2044148.23,1939440.09,1344723.97,1682877.8875,1277403.77
15,2012-08-03,590739.62,0,73.13,3.819,138.1735806,8.193,2012,8,31,3,4,1656886.46,1399341.07,954396.85,1480727.525,1291632.8808333334
16,2012-08-03,584000.71,0,68.59,3.528,198.0293893,6.061,2012,8,31,3,4,590739.62,1631135.79,1487797.54,1218943.755,1159090.0958333334
17,2012-08-03,877813.33,0,72.94,3.512,130.737871,5.936,2012,8,31,3,4,584000.71,2044148.23,407186.47,927360.03,1205224.9425000001
18,2012-08-03,1052066.58,0,72.67,3.698,138.1735806,8.535,2012,8,31,3,4,877813.33,1656886.46,1031745.14,776155.06,1157290.9133333333
19,2012-08-03,1342123.78,0,73.41,3.819,138.1735806,8.193,2012,8,31,3,4,1052066.58,590739.62,514489.17,964001.1,1212388.3275
20,2012-08-03,2094515.71,0,74.73,3.654,214.7433514,7.28,2012,8,31,3,4,1342123.78,584000.71,808030.15,1341629.85,1312174.9091666667
21,2012-08-03,693785.85,0,91.57,3.417,221.5869799,6.565,2012,8,31,3,4,2094515.71,877813.33,917883.79,1295622.98,1325499.7683333333
22,2012-08-03,1007257.83,0,72.99,3.698,142.1916279,7.753,2012,8,31,3,4,693785.85,1052066.58,249134.32,1284420.7925,1247817.9133333333
45,2012-08-10,733037.32,0,78.65,3.722,191.1626135,8.684,2012,8,32,3,4,1007257.83,1342123.78,1144901.52,1132149.1775,1192292.6008333333
35,2012-08-10,888368.8,0,78.44,3.722,142.1705634,8.839,2012,8,32,3,4,733037.32,2094515.71,1303732.36,830612.45,1130395.3516666666
44,2012-08-10,333594.81,0,81.69,3.509,130.7561613,5.407,2012,8,32,3,4,888368.8,693785.85,424581.17,740564.69,987849.2333333333
20,2012-08-10,2144245.39,0,75.4,3.722,214.7484595,7.28,2012,8,32,3,4,333594.81,1007257.83,475158.24,1024811.5800000001,1028462.4775
19,2012-08-10,1408907.89,0,74.45,3.863,138.1437742,8.193,2012,8,32,3,4,2144245.39,733037.32,1135035.09,1193779.2225,1096643.1666666667
18,2012-08-10,967304.07,0,75.7,3.772,138.1437742,8.535,2012,8,32,3,4,1408907.89,888368.8,279643.43,1213513.0399999998,1128585.1133333333
17,2012-08-10,849074.04,0,73.29,3.509,130.7561613,5.936,2012,8,32,3,4,967304.07,333594.81,2048613.65,1342382.8475,1126190.1725
16,2012-08-10,554036.84,0,70.24,3.509,198.0795651,6.061,2012,8,32,3,4,849074.04,2144245.39,725729.51,944830.7099999998,1084687.6941666666
15,2012-08-10,590453.63,0,73.99,3.863,138.1437742,8.193,2012,8,32,3,4,554036.84,1408907.89,614378.94,740217.1449999998,1022048.5150000001
14,2012-08-10,1648570.03,0,78.65,3.722,191.1626135,8.684,2012,8,32,3,4,590453.63,967304.07,1946104.64,910533.6349999999,984886.375
12,2012-08-10,984689.9,0,95.91,3.811,130.7561613,10.926,2012,8,32,3,4,1648570.03,849074.04,709724.6,944437.5999999999,1009128.3791666668
11,2012-08-10,1388973.65,0,86.21,3.494,225.4735085,6.334,2012,8,32,3,4,984689.9,554036.84,1090915.09,1153171.8024999998,1040938.0308333334
10,2012-08-10,1880436.94,0,90.78,3.811,130.7561613,7.17,2012,8,32,3,4,1388973.65,590453.63,1705810.84,1475667.63,1136554.6658333333
9,2012-08-10,538713.47,0,88.66,3.494,225.7170094,5.277,2012,8,32,3,4,1880436.94,1648570.03,1376520.1,1198203.4899999998,1107416.7216666667
8,2012-08-10,930745.69,0,83.74,3.494,225.5226885,5.401,2012,8,32,3,4,538713.47,984689.9,504754.74,1184717.4374999998,1157179.2950000002
7,2012-08-10,675926.3,0,63.41,3.509,198.0795651,7.872,2012,8,32,3,4,930745.69,1388973.65,425136.55,1006455.5999999999,1034819.3708333332
6,2012-08-10,1588380.73,0,87.04,3.494,223.5699533,5.668,2012,8,32,3,4,675926.3,1880436.94,1390174.63,933441.5474999999,1049775.4408333332
5,2012-08-10,306759.7,0,86.96,3.494,222.5472987,5.603,2012,8,32,3,4,1588380.73,538713.47,1183571.35,875453.105,994730.0766666667
4,2012-08-10,2193367.69,0,83.21,3.476,130.7561613,4.077,2012,8,32,3,4,306759.7,930745.69,1440374.13,1191108.605,1106754.5475
3,2012-08-10,391811.6,0,85.85,3.494,225.4735085,6.334,2012,8,32,3,4,2193367.69,675926.3,258533.12,1120079.93,1093235.7775
2,2012-08-10,1866719.96,0,88.55,3.494,221.5954138,6.565,2012,8,32,3,4,391811.6,1588380.73,866216.36,1189664.7374999998,1199591.305
1,2012-08-10,1592409.97,0,85.05,3.494,221.9584329,6.908,2012,8,32,3,4,1866719.96,306759.7,304989.97,1511077.305,1194911.3
21,2012-08-10,700272.01,0,89.57,3.494,221.5954138,6.565,2012,8,32,3,4,1592409.97,2193367.69,521959.28,1137803.3849999998,1171209.8091666666
22,2012-08-10,973812.79,0,76.74,3.772,142.1705634,7.753,2012,8,32,3,4,700272.01,391811.6,469311.17,1283303.6824999999,1136613.0708333333
13,2012-08-10,2041019.92,0,81.69,3.509,130.7561613,5.765,2012,8,32,3,4,973812.79,1866719.96,1608277.74,1326878.6724999999,1149994.9858333333
24,2012-08-10,1497054.81,0,75.53,3.863,138.1437742,8.953,2012,8,32,3,4,2041019.92,1592409.97,1068346.76,1303039.8824999998,1229856.764166667
23,2012-08-10,1436311.76,0,71.12,3.772,138.1437742,4.156,2012,8,32,3,4,1497054.81,700272.01,1439607.35,1487049.82,1271987.27
42,2012-08-10,576620.31,0,90.78,3.811,130.7561613,7.17,2012,8,32,3,4,1436311.76,973812.79,573084.71,1387751.7,1263711.7708333333
41,2012-08-10,1504545.94,0,71.73,3.509,198.0795651,6.432,2012,8,32,3,4,576620.31,2041019.92,973250.41,1253633.2049999998,1256725.5383333333
40,2012-08-10,1007906.43,0,70.09,3.772,138.1437742,4.156,2012,8,32,3,4,1504545.94,1497054.81,342385.38,1131346.1099999999,1315154.4325
39,2012-08-10,1641867.92,0,83.47,3.494,220.6404663,6.623,2012,8,32,3,4,1007906.43,1436311.76,1416926.31,1182735.15,1269196.1183333334
38,2012-08-10,436690.13,0,95.91,3.811,130.7561613,10.926,2012,8,32,3,4,1641867.92,576620.31,958667.23,1147752.6049999997,1272935.9958333333
37,2012-08-10,500964.59,0,84.41,3.494,220.6404663,6.623,2012,8,32,3,4,436690.13,1504545.94,419990.29,896857.2675,1159123.048333333
36,2012-08-10,298947.51,0,84.41,3.49,220.6404663,6.623,2012,8,32,3,4,500964.59,1007906.43,2174514.13,719617.5374999999,1051334.51
34,2012-08-10,1004523.59,0,78.26,3.476,130.7561613,9.285,2012,8,32,3,4,298947.51,1641867.92,324195.17,560281.4549999998,1076688.8083333333
43,2012-08-10,643558.78,0,86.36,3.494,213.3473641,9.285,2012,8,32,3,4,1004523.59,436690.13,1627274.93,611998.6174999999,1049167.6408333334
32,2012-08-10,1227469.2,0,75.93,3.509,198.0795651,7.872,2012,8,32,3,4,643558.78,500964.59,680954.81,793624.7699999999,981371.7474999999
33,2012-08-10,297753.49,0,100.07,3.811,130.7561613,7.147,2012,8,32,3,4,1227469.2,298947.51,897076.73,793326.2649999999,881429.9708333333
25,2012-08-10,710496.97,0,71.93,3.722,214.7484595,7.28,2012,8,32,3,4,297753.49,1004523.59,533887.54,719819.6099999999,820945.4049999999
27,2012-08-10,1720537.26,0,78.44,3.863,142.1705634,8.239,2012,8,32,3,4,710496.97,643558.78,1939440.09,989064.2299999997,916271.8175
28,2012-08-10,1269113.41,0,95.91,3.811,130.7561613,10.926,2012,8,32,3,4,1720537.26,1227469.2,1399341.07,999475.2824999999,896652.44
26,2012-08-10,1121476.51,0,67.01,3.772,138.1437742,7.405,2012,8,32,3,4,1269113.41,297753.49,1631135.79,1205406.0374999999,906116.6133333333
30,2012-08-10,430878.28,0,89.57,3.494,221.5954138,6.565,2012,8,32,3,4,1121476.51,710496.97,2044148.23,1135501.3649999998,805200.8099999999
31,2012-08-10,1386472.59,0,89.57,3.494,221.5954138,6.565,2012,8,32,3,4,430878.28,1720537.26,1656886.46,1051985.1975,884349.3483333333
29,2012-08-10,518628.42,0,76.74,3.772,138.1437742,9.419,2012,8,32,3,4,1386472.59,1269113.41,590739.62,864363.95,885821.3341666668
15,2012-08-17,579738.2,0,70.29,3.963,138.1857097,8.193,2012,8,33,3,4,518628.42,1121476.51,584000.71,728929.3724999999,909220.5583333332
21,2012-08-17,751963.81,0,85.55,3.571,221.6751459,6.565,2012,8,33,3,4,579738.2,430878.28,877813.33,809200.7549999999,888173.91
20,2012-08-17,2045061.22,0,69.57,3.807,214.825578,7.28,2012,8,33,3,4,751963.81,1386472.59,1052066.58,973847.9124999999,1004965.7799999999
19,2012-08-17,1375101.26,0,69.83,3.963,138.1857097,8.193,2012,8,33,3,4,2045061.22,518628.42,1342123.78,1187966.1224999998,1017268.4516666667
18,2012-08-17,1048134.24,0,73.25,3.84,138.1857097,8.535,2012,8,33,3,4,1375101.26,579738.2,2094515.71,1305065.1324999998,1079800.1808333334
17,2012-08-17,844928.17,0,70.98,3.545,130.7909677,5.936,2012,8,33,3,4,1048134.24,751963.81,693785.85,1328306.2225,1091002.7808333333
22,2012-08-17,981273.26,0,74.92,3.84,142.2157385,7.753,2012,8,33,3,4,844928.17,2045061.22,1007257.83,1062359.2325,1029397.4474999999
16,2012-08-17,521896.6,0,62.07,3.545,198.1001057,6.061,2012,8,33,3,4,981273.26,1375101.26,733037.32,849058.0674999999,967129.38
14,2012-08-17,1660433.3,0,75.71,3.807,191.2284919,8.684,2012,8,33,3,4,521896.6,1048134.24,888368.8,1002132.8324999999,1012042.4458333333
9,2012-08-17,535153.47,0,86.37,3.571,225.7995323,5.277,2012,8,33,3,4,1660433.3,844928.17,333594.81,924689.1575,1020732.045
12,2012-08-17,1005003.12,0,94.87,4.002,130.7909677,10.926,2012,8,33,3,4,535153.47,981273.26,2144245.39,930621.6224999998,988942.9224999999
11,2012-08-17,1421307.2,0,87.73,3.571,225.5558664,6.334,2012,8,33,3,4,1005003.12,521896.6,1408907.89,1155474.2725,1064166.1541666666
10,2012-08-17,1827797.4,0,88.83,4.002,130.7909677,7.17,2012,8,33,3,4,1421307.2,1660433.3,967304.07,1197315.2974999999,1168171.0875000001
8,2012-08-17,896613.19,0,81.21,3.571,225.6050797,5.401,2012,8,33,3,4,1827797.4,535153.47,849074.04,1287680.2275,1180225.2025
7,2012-08-17,642450.4,0,59.66,3.545,198.1001057,7.872,2012,8,33,3,4,896613.19,1005003.12,554036.84,1197042.0474999999,1063340.9675
4,2012-08-17,2283540.3,0,81.41,3.552,130.7909677,4.077,2012,8,33,3,4,642450.4,1421307.2,590453.63,1412600.3224999998,1139044.2208333334
6,2012-08-17,1543049.52,0,87.53,3.571,223.6510224,5.668,2012,8,33,3,4,2283540.3,1827797.4,1648570.03,1341413.3524999998,1180287.1608333334
5,2012-08-17,314014.18,0,87.52,3.571,222.6276753,5.603,2012,8,33,3,4,1543049.52,896613.19,984689.9,1195763.5999999996,1136044.3283333334
23,2012-08-17,1510131.45,0,69.97,3.84,138.1857097,4.156,2012,8,33,3,4,314014.18,642450.4,1388973.65,1412683.8624999998,1180115.8441666667
13,2012-08-17,2095769.18,0,79.4,3.545,130.7909677,5.765,2012,8,33,3,4,1510131.45,2283540.3,1880436.94,1365741.0824999998,1311271.8924999998
24,2012-08-17,1397970.54,0,72.87,3.963,138.1857097,8.953,2012,8,33,3,4,2095769.18,1543049.52,538713.47,1329471.3375,1289399.9958333333
44,2012-08-17,327389.51,0,79.4,3.545,130.7909677,5.407,2012,8,33,3,4,1397970.54,314014.18,930745.69,1332815.17,1272086.3324999998
26,2012-08-17,1068292.56,0,65.54,3.84,138.1857097,7.405,2012,8,33,3,4,327389.51,1510131.45,675926.3,1222355.4474999998,1277360.4525
3,2012-08-17,394918.83,0,87.36,3.571,225.5558664,6.334,2012,8,33,3,4,1068292.56,2095769.18,1588380.73,797142.86,1191828.0883333331
1,2012-08-17,1597868.05,0,84.85,3.571,222.0384109,6.908,2012,8,33,3,4,394918.83,1397970.54,306759.7,847117.2374999999,1172667.3091666668
43,2012-08-17,640210.85,0,85.66,3.571,213.4226959,9.285,2012,8,33,3,4,1597868.05,327389.51,2193367.69,925322.5724999999,1151300.4475
42,2012-08-17,575997.78,0,88.83,4.002,130.7909677,7.17,2012,8,33,3,4,640210.85,1068292.56,391811.6,802248.8774999998,1145762.7291666665
41,2012-08-17,1560590.05,0,65.77,3.545,198.1001057,6.432,2012,8,33,3,4,575997.78,394918.83,1866719.96,1093666.6825,1085516.875
40,2012-08-17,969387.48,0,69.41,3.84,138.1857097,4.156,2012,8,33,3,4,1560590.05,1597868.05,1592409.97,936546.5399999999,1037711.7050000001
39,2012-08-17,1720221.91,0,84.72,3.571,220.7199609,6.623,2012,8,33,3,4,969387.48,640210.85,700272.01,1206549.305,1154895.6825
38,2012-08-17,411866.46,0,94.87,4.002,130.7909677,10.926,2012,8,33,3,4,1720221.91,575997.78,973812.79,1165516.4749999999,1063373.5999999999
37,2012-08-17,509633.71,0,85.89,3.571,220.7199609,6.623,2012,8,33,3,4,411866.46,1560590.05,2041019.92,902777.3899999999,931195.6441666667
36,2012-08-17,314607.22,0,85.89,3.571,220.7199609,6.623,2012,8,33,3,4,509633.71,969387.48,1497054.81,739082.3249999998,840915.3675
35,2012-08-17,887979.47,0,76.51,3.807,142.2157385,8.839,2012,8,33,3,4,314607.22,1720221.91,1436311.76,531021.7149999999,887631.1974999999
34,2012-08-17,1013820.86,0,77.78,3.552,130.7909677,9.285,2012,8,33,3,4,887979.47,411866.46,576620.31,681510.315,883091.8891666667
33,2012-08-17,270097.76,0,96.79,4.002,130.7909677,7.147,2012,8,33,3,4,1013820.86,509633.71,1504545.94,621626.3274999999,872690.1333333333
32,2012-08-17,1261306.37,0,70.75,3.545,198.1001057,7.872,2012,8,33,3,4,270097.76,314607.22,1007906.43,858301.1149999999,844643.3266666667
31,2012-08-17,1410181.7,0,85.55,3.571,221.6751459,6.565,2012,8,33,3,4,1261306.37,887979.47,1641867.92,988851.6724999999,908807.5641666666
30,2012-08-17,423351.15,0,85.55,3.571,221.6751459,6.565,2012,8,33,3,4,1410181.7,1013820.86,436690.13,841234.2449999999,896087.0116666667
29,2012-08-17,416881.66,0,74.92,3.84,138.1857097,9.419,2012,8,33,3,4,423351.15,270097.76,500964.59,877930.2199999999,800777.9791666666
28,2012-08-17,1184198.41,0,94.87,4.002,130.7909677,10.926,2012,8,33,3,4,416881.66,1261306.37,298947.51,858653.2299999999,818678.89
27,2012-08-17,1735339.59,0,76.51,3.963,142.2157385,8.239,2012,8,33,3,4,1184198.41,1410181.7,1004523.59,939942.7024999999,819938.6966666667
25,2012-08-17,728467.72,0,66.99,3.807,214.825578,7.28,2012,8,33,3,4,1735339.59,423351.15,643558.78,1016221.845,846322.1349999999
2,2012-08-17,1928016.01,0,84.79,3.571,221.6751459,6.565,2012,8,33,3,4,728467.72,416881.66,1227469.2,1394005.4324999999,964520.66
45,2012-08-17,722496.93,0,75.71,3.807,191.2284919,8.684,2012,8,33,3,4,1928016.01,1184198.41,297753.49,1278580.0624999998,998511.4691666666
24,2012-08-24,1303726.54,0,68.13,3.997,138.2814516,8.953,2012,8,34,3,4,722496.93,1735339.59,710496.97,1170676.7999999998,1033157.0583333335
23,2012-08-24,1702220.96,0,64.63,3.874,138.2814516,4.156,2012,8,34,3,4,1303726.54,728467.72,1720537.26,1414115.1099999999,1090523.7333333334
25,2012-08-24,756527.64,0,64.53,3.834,214.9567044,7.28,2012,8,34,3,4,1702220.96,1928016.01,1269113.41,1121243.0174999998,1131059.5566666666
26,2012-08-24,1022704.2,0,62.08,3.874,138.2814516,7.405,2012,8,34,3,4,756527.64,722496.93,1121476.51,1196294.835,1111176.0425000002
27,2012-08-24,1780443.36,0,72.93,3.997,142.3105933,8.239,2012,8,34,3,4,1022704.2,1303726.54,430878.28,1315474.04,1142031.1808333334
28,2012-08-24,1199309.59,0,85.32,4.055,130.8381613,10.926,2012,8,34,3,4,1780443.36,1702220.96,1386472.59,1189746.1975,1206694.3841666665
29,2012-08-24,615026.15,0,70.42,3.874,138.2814516,9.419,2012,8,34,3,4,1199309.59,756527.64,518628.42,1154370.825,1223206.425
30,2012-08-24,425296.65,0,77.72,3.62,221.8083518,6.565,2012,8,34,3,4,615026.15,1022704.2,579738.2,1005018.9375,1159964.6116666668
31,2012-08-24,1379783.21,0,77.72,3.62,221.8083518,6.565,2012,8,34,3,4,425296.65,1780443.36,751963.81,904853.8999999999,1130334.9133333333
22,2012-08-24,1060906.75,0,70.42,3.874,142.3105933,7.753,2012,8,34,3,4,1379783.21,1199309.59,2045061.22,870253.19,1158038.1658333333
32,2012-08-24,1272809.11,0,70.12,3.558,198.0984199,7.872,2012,8,34,3,4,1060906.75,615026.15,1375101.26,1034698.9299999999,1103437.5908333336
34,2012-08-24,926250.21,0,72.44,3.61,130.8381613,9.285,2012,8,34,3,4,1272809.11,425296.65,1048134.24,1159937.3199999998,1120417.0308333335
35,2012-08-24,895274.72,0,72.93,3.834,142.3105933,8.839,2012,8,34,3,4,926250.21,1379783.21,844928.17,1038810.1974999999,1086379.3791666667
36,2012-08-24,282545.55,0,81.26,3.574,220.8526787,6.623,2012,8,34,3,4,895274.72,1060906.75,981273.26,844219.8974999998,968073.0949999999
37,2012-08-24,522665.04,0,81.26,3.62,220.8526787,6.623,2012,8,34,3,4,282545.55,1272809.11,521896.6,656683.8799999999,948584.545
38,2012-08-24,397428.22,0,85.32,4.055,130.8381613,10.926,2012,8,34,3,4,522665.04,926250.21,1660433.3,524478.3824999998,896478.2133333333
39,2012-08-24,1724669.75,0,80.49,3.62,220.8526787,6.623,2012,8,34,3,4,397428.22,895274.72,535153.47,731827.1399999999,891830.4125
40,2012-08-24,945318.47,0,63.91,3.874,138.2814516,4.156,2012,8,34,3,4,1724669.75,282545.55,1005003.12,897520.3699999999,870664.4858333333
41,2012-08-24,1464462.85,0,69.07,3.558,198.0984199,6.432,2012,8,34,3,4,945318.47,522665.04,1421307.2,1132969.8224999998,941450.8775
33,2012-08-24,247672.56,0,89.62,4.055,130.8381613,7.147,2012,8,34,3,4,1464462.85,397428.22,1827797.4,1095530.9074999997,926648.87
42,2012-08-24,535537.03,0,82.5,4.055,130.8381613,7.17,2012,8,34,3,4,247672.56,1724669.75,896613.19,798247.7274999998,856295.0216666668
45,2012-08-24,718232.26,0,72.62,3.834,191.3448865,8.684,2012,8,34,3,4,535537.03,945318.47,642450.4,741476.1749999999,827738.8141666668
20,2012-08-24,2005341.43,0,68.27,3.834,214.9567044,7.28,2012,8,34,3,4,718232.26,1464462.85,2283540.3,876695.8199999998,888783.1741666667
2,2012-08-24,1876788.15,0,76.91,3.62,221.8083518,6.565,2012,8,34,3,4,2005341.43,247672.56,1543049.52,1283974.7174999998,967994.6691666668
3,2012-08-24,412449.67,0,83.01,3.62,225.6925864,6.334,2012,8,34,3,4,1876788.15,535537.03,314014.18,1253202.8774999997,927759.2483333334
4,2012-08-24,2125241.68,0,75.76,3.61,130.8381613,4.077,2012,8,34,3,4,412449.67,718232.26,1510131.45,1604955.2325,1081317.2591666668
5,2012-08-24,320831.36,0,79.45,3.62,222.7617437,5.603,2012,8,34,3,4,2125241.68,2005341.43,2095769.18,1183827.7149999999,1064497.7858333334
6,2012-08-24,1501095.49,0,79.03,3.62,223.7860175,5.668,2012,8,34,3,4,320831.36,1876788.15,1397970.54,1089904.5499999998,1156470.0583333333
7,2012-08-24,609099.37,0,59.27,3.558,198.0984199,7.872,2012,8,34,3,4,1501095.49,412449.67,327389.51,1139066.9749999999,1063505.8599999999
8,2012-08-24,936373.65,0,73.77,3.62,225.7418442,5.401,2012,8,34,3,4,609099.37,2125241.68,1068292.56,841849.9674999998,1062760.4583333333
9,2012-08-24,572887.78,0,77.9,3.62,225.9364729,5.277,2012,8,34,3,4,936373.65,320831.36,394918.83,904864.0724999998,988462.5358333335
21,2012-08-24,802003.61,0,77.72,3.62,221.8083518,6.565,2012,8,34,3,4,572887.78,1501095.49,1597868.05,730091.1024999998,1034656.79
10,2012-08-24,1764984.15,0,82.5,4.055,130.8381613,7.17,2012,8,34,3,4,802003.61,609099.37,640210.85,1019062.2974999998,1137110.7166666666
12,2012-08-24,1048101.39,0,85.32,4.055,130.8381613,10.926,2012,8,34,3,4,1764984.15,936373.65,575997.78,1046994.2324999998,1164599.8108333333
13,2012-08-24,2059458.25,0,77.37,3.582,130.8381613,5.765,2012,8,34,3,4,1048101.39,572887.78,1560590.05,1418636.8499999999,1169109.5458333334
14,2012-08-24,1621841.33,0,72.62,3.834,191.3448865,8.684,2012,8,34,3,4,2059458.25,802003.61,969387.48,1623596.2799999998,1147863.9775
15,2012-08-24,606210.77,0,66.98,3.997,138.2814516,8.193,2012,8,34,3,4,1621841.33,1764984.15,1720221.91,1333902.9349999996,1164010.7358333333
16,2012-08-24,551152.15,0,61.44,3.558,198.0984199,6.061,2012,8,34,3,4,606210.77,1048101.39,411866.46,1209665.6249999998,1032836.6083333334
17,2012-08-24,924299.78,0,68.89,3.582,130.8381613,5.936,2012,8,34,3,4,551152.15,2059458.25,509633.71,925876.0074999998,1083125.6433333333
18,2012-08-24,1145840.91,0,68.52,3.874,138.2814516,8.535,2012,8,34,3,4,924299.78,1621841.33,314607.22,806875.9024999997,1053521.095
19,2012-08-24,1544653.37,0,66.66,3.997,138.2814516,8.193,2012,8,34,3,4,1145840.91,606210.77,887979.47,1041486.5524999998,1131483.9283333335
11,2012-08-24,1409515.73,0,83.17,3.62,225.6925864,6.334,2012,8,34,3,4,1544653.37,551152.15,1013820.86,1256077.4474999998,1170912.435
43,2012-08-24,598234.64,0,81.65,3.62,213.5481636,9.285,2012,8,34,3,4,1409515.73,924299.78,270097.76,1174561.1624999996,1173024.6733333333
1,2012-08-24,1494122.38,0,77.66,3.62,222.1719457,6.908,2012,8,34,3,4,598234.64,1145840.91,1261306.37,1261631.5299999998,1230701.2375
44,2012-08-24,337985.74,0,77.37,3.582,130.8381613,5.407,2012,8,34,3,4,1494122.38,1544653.37,1410181.7,959964.6224999998,1111784.7033333334
28,2012-08-31,1227118.75,0,89.78,4.093,130.8853548,10.926,2012,8,35,3,4,337985.74,1409515.73,423351.15,914365.3774999997,1126702.8166666667
29,2012-08-31,545844.91,0,71.93,3.884,138.3771935,9.419,2012,8,35,3,4,1227118.75,598234.64,416881.66,901267.9449999997,1000568.3716666667
30,2012-08-31,439132.5,0,83.58,3.638,221.9415576,6.565,2012,8,35,3,4,545844.91,1494122.38,1184198.41,637520.4749999997,902009.3024999999
31,2012-08-31,1373651.49,0,83.58,3.638,221.9415576,6.565,2012,8,35,3,4,439132.5,337985.74,1735339.59,896436.9124999999,965962.6958333333
32,2012-08-31,1183979.27,0,76.12,3.556,198.0967341,7.872,2012,8,35,3,4,1373651.49,1227118.75,728467.72,885652.0424999999,1018698.2891666666
33,2012-08-31,237129.81,0,94.55,3.886,130.8853548,7.147,2012,8,35,3,4,1183979.27,545844.91,1928016.01,808473.2674999998,961434.125
34,2012-08-31,933487.71,0,75.89,3.646,130.8853548,9.285,2012,8,35,3,4,237129.81,439132.5,722496.93,932062.0699999998,943738.025
35,2012-08-31,931278.97,0,75.0,3.867,142.4054482,8.839,2012,8,35,3,4,933487.71,1373651.49,1303726.54,821468.9399999997,892623.4916666667
36,2012-08-31,282647.48,0,84.79,3.608,220.9853964,6.623,2012,8,35,3,4,931278.97,1183979.27,1702220.96,596135.9924999997,798717.8041666667
37,2012-08-31,538344.1,0,84.79,3.638,220.9853964,6.623,2012,8,35,3,4,282647.48,237129.81,756527.64,671439.5649999997,793726.9258333333
38,2012-08-31,424904.95,0,89.78,4.093,130.8853548,10.926,2012,8,35,3,4,538344.1,933487.71,1022704.2,544293.8749999998,704625.4733333333
39,2012-08-31,1710923.94,0,83.72,3.638,220.9853964,6.623,2012,8,35,3,4,424904.95,931278.97,1780443.36,739205.1174999997,819036.9900000001
40,2012-08-31,987264.67,0,66.11,3.884,138.3771935,4.156,2012,8,35,3,4,1710923.94,282647.48,1199309.59,915359.4149999998,799049.15
41,2012-08-31,1360517.52,0,71.56,3.556,198.0967341,6.432,2012,8,35,3,4,987264.67,538344.1,615026.15,1120902.7699999998,866938.5341666667
42,2012-08-31,504760.57,0,86.97,3.886,130.8853548,7.17,2012,8,35,3,4,1360517.52,424904.95,425296.65,1140866.6749999998,872407.54
43,2012-08-31,593141.29,0,81.12,3.638,213.6736313,9.285,2012,8,35,3,4,504760.57,1710923.94,1379783.21,861421.0124999997,807365.0233333333
44,2012-08-31,339490.69,0,79.18,3.624,130.8853548,5.407,2012,8,35,3,4,593141.29,987264.67,1060906.75,699477.5174999998,736990.9750000001
45,2012-08-31,734297.87,0,75.09,3.867,191.461281,8.684,2012,8,35,3,4,339490.69,1360517.52,1272809.11,542922.6049999997,778421.6466666666
1,2012-08-31,1582083.4,0,80.49,3.638,222.3054805,6.908,2012,8,35,3,4,734297.87,504760.57,926250.21,812253.3124999998,832471.2875000001
27,2012-08-31,1731935.43,0,75.0,4.026,142.4054482,8.239,2012,8,35,3,4,1582083.4,593141.29,895274.72,1096951.8474999997,899192.6591666667
26,2012-08-31,1053495.51,0,63.69,3.884,138.3771935,7.405,2012,8,35,3,4,1731935.43,339490.69,282545.55,1275453.0524999998,963429.995
3,2012-08-31,408838.73,0,85.18,3.638,225.8293063,6.334,2012,8,35,3,4,1053495.51,734297.87,522665.04,1194088.2674999996,952637.8808333334
25,2012-08-31,714828.73,0,68.55,3.867,215.0878309,7.28,2012,8,35,3,4,408838.73,1582083.4,397428.22,977274.5999999997,976798.1958333334
4,2012-08-31,2081181.35,0,76.47,3.646,130.8853548,4.077,2012,8,35,3,4,714828.73,1731935.43,1724669.75,1064586.0799999996,1007652.98
6,2012-08-31,1577439.81,0,83.58,3.638,223.9210125,5.668,2012,8,35,3,4,2081181.35,1053495.51,945318.47,1195572.1549999998,1056834.2416666667
7,2012-08-31,586467.16,0,60.46,3.556,198.0967341,7.872,2012,8,35,3,4,1577439.81,408838.73,1464462.85,1239979.2624999997,992330.045
8,2012-08-31,976137.73,0,75.33,3.638,225.8786088,5.401,2012,8,35,3,4,586467.16,714828.73,247672.56,1305306.5124999997,1031611.475
9,2012-08-31,576879.15,0,80.71,3.638,226.0734135,5.277,2012,8,35,3,4,976137.73,2081181.35,535537.03,929230.9624999998,1030256.2966666667
10,2012-08-31,1650285.54,0,86.97,3.886,130.8853548,7.17,2012,8,35,3,4,576879.15,1577439.81,718232.26,947442.3949999998,1139489.2008333334
11,2012-08-31,1372872.35,0,86.49,3.638,225.8293063,6.334,2012,8,35,3,4,1650285.54,586467.16,2005341.43,1144043.6925,1192703.7408333335
12,2012-08-31,1061943.49,0,89.78,4.093,130.8853548,10.926,2012,8,35,3,4,1372872.35,976137.73,1876788.15,1165495.1324999998,1149358.7483333333
13,2012-08-31,2073855.42,0,79.18,3.624,130.8853548,5.765,2012,8,35,3,4,1061943.49,576879.15,412449.67,1539739.1999999997,1177852.0808333333
2,2012-08-31,1947083.3,0,82.64,3.638,221.9415576,6.565,2012,8,35,3,4,2073855.42,1650285.54,2125241.68,1613938.6399999997,1252317.73
14,2012-08-31,1613342.19,0,75.09,3.867,191.461281,8.684,2012,8,35,3,4,1947083.3,1372872.35,320831.36,1674056.0999999999,1352693.0183333333
16,2012-08-31,551837.31,0,64.19,3.556,198.0967341,6.061,2012,8,35,3,4,1613342.19,1061943.49,1501095.49,1546529.5549999997,1339110.4
17,2012-08-31,865924.2,0,68.07,3.624,130.8853548,5.936,2012,8,35,3,4,551837.31,2073855.42,609099.37,1244546.7499999998,1237838.9708333334
18,2012-08-31,1117097.23,0,70.09,3.884,138.3771935,8.535,2012,8,35,3,4,865924.2,1947083.3,936373.65,1037050.2324999997,1199477.0891666666
19,2012-08-31,1542719.87,0,71.85,4.026,138.3771935,8.193,2012,8,35,3,4,1117097.23,1613342.19,572887.78,1019394.6524999999,1279164.815
20,2012-08-31,2062481.56,0,72.66,3.867,215.0878309,7.28,2012,8,35,3,4,1542719.87,551837.31,802003.61,1397055.7149999999,1369693.4675
21,2012-08-31,763867.59,0,83.58,3.638,221.9415576,6.565,2012,8,35,3,4,2062481.56,865924.2,1764984.15,1371541.5624999998,1385275.8375000001
22,2012-08-31,1022270.86,0,71.93,3.884,142.4054482,7.753,2012,8,35,3,4,763867.59,1117097.23,1048101.39,1347834.9699999997,1332941.2808333333
23,2012-08-31,1577468.78,0,68.34,3.884,138.3771935,4.156,2012,8,35,3,4,1022270.86,1542719.87,2059458.25,1356522.1974999998,1349990.9833333334
24,2012-08-31,1344558.92,0,71.18,4.026,138.3771935,8.953,2012,8,35,3,4,1577468.78,2062481.56,1621841.33,1177041.5374999996,1373542.2691666668
15,2012-08-31,610185.32,0,71.42,4.026,138.3771935,8.193,2012,8,35,3,4,1344558.92,763867.59,606210.77,1138620.9699999997,1251569.7608333332
5,2012-08-31,344642.01,0,84.25,3.638,222.8958121,5.603,2012,8,35,3,4,610185.32,1022270.86,551152.15,969213.7574999997,1118032.9866666666
23,2012-09-07,1427162.26,1,66.74,3.921,138.4729355,4.156,2012,9,36,3,4,344642.01,1577468.78,924299.78,931637.1274999998,1102517.9925
3,2012-09-07,408229.73,1,84.99,3.73,225.9660263,6.334,2012,9,36,3,4,1427162.26,1344558.92,1145840.91,697554.8299999997,1090550.6941666666
28,2012-09-07,1469693.99,1,88.52,4.124,130.9325484,10.926,2012,9,36,3,4,408229.73,610185.32,1544653.37,912431.9974999998,1140864.8433333333
29,2012-09-07,540811.85,1,73.3,3.921,138.4729355,9.419,2012,9,36,3,4,1469693.99,344642.01,1409515.73,961474.4574999998,1092841.0616666668
30,2012-09-07,433565.77,1,88.4,3.73,222.0747635,6.565,2012,9,36,3,4,540811.85,1427162.26,598234.64,713075.3349999997,1000411.5533333333
31,2012-09-07,1358111.62,1,88.4,3.73,222.0747635,6.565,2012,9,36,3,4,433565.77,408229.73,1494122.38,950545.8074999998,941714.0583333332
32,2012-09-07,1126685.95,1,72.56,3.596,198.0950484,7.872,2012,9,36,3,4,1358111.62,1469693.99,337985.74,864793.7974999999,971948.9216666665
33,2012-09-07,286428.78,1,92.02,4.124,130.9325484,7.147,2012,9,36,3,4,1126685.95,540811.85,1227118.75,801198.0299999998,910628.7483333334
34,2012-09-07,976415.56,1,78.26,3.709,130.9325484,9.285,2012,9,36,3,4,286428.78,433565.77,545844.91,936910.4774999998,860540.9799999999
35,2012-09-07,984833.35,1,76.0,3.911,142.500303,8.839,2012,9,36,3,4,976415.56,1358111.62,439132.5,843590.9099999998,830563.8491666667
27,2012-09-07,1840955.23,1,76.0,4.076,142.500303,8.239,2012,9,36,3,4,984833.35,1126685.95,1373651.49,1022158.2299999999,933128.0083333334
36,2012-09-07,293728.57,1,84.19,3.697,221.1181142,6.623,2012,9,36,3,4,1840955.23,286428.78,1183979.27,1023983.1774999998,928885.2216666667
38,2012-09-07,490274.82,1,88.52,4.124,130.9325484,10.926,2012,9,36,3,4,293728.57,976415.56,237129.81,902447.9924999998,850811.2683333332
39,2012-09-07,1609811.75,1,83.71,3.73,221.1181142,6.623,2012,9,36,3,4,490274.82,984833.35,933487.71,1058692.5924999998,950943.1033333334
40,2012-09-07,1088248.4,1,65.06,3.921,138.4729355,4.156,2012,9,36,3,4,1609811.75,1840955.23,931278.97,870515.8849999998,919155.9708333333
41,2012-09-07,1392143.82,1,67.41,3.596,198.0950484,6.432,2012,9,36,3,4,1088248.4,293728.57,282647.48,1145119.6974999998,990100.3016666668
42,2012-09-07,617405.35,1,83.07,4.124,130.9325484,7.17,2012,9,36,3,4,1392143.82,490274.82,538344.1,1176902.3299999998,1005420.2666666666
43,2012-09-07,663814.18,1,84.99,3.73,213.7990991,9.285,2012,9,36,3,4,617405.35,1609811.75,424904.95,940402.9374999998,947562.1466666666
44,2012-09-07,338737.33,1,70.65,3.689,130.9325484,5.407,2012,9,36,3,4,663814.18,1088248.4,1710923.94,753025.1699999998,881899.7616666667
45,2012-09-07,766512.66,1,75.7,3.911,191.5776756,8.684,2012,9,36,3,4,338737.33,1392143.82,987264.67,596617.3799999998,921906.7516666666
37,2012-09-07,526838.14,1,84.19,3.73,221.1181142,6.623,2012,9,36,3,4,766512.66,617405.35,1360517.52,573975.5774999998,884441.9666666668
26,2012-09-07,1081874.03,1,61.58,3.921,138.4729355,7.405,2012,9,36,3,4,526838.14,663814.18,504760.57,678490.5399999998,892528.69
25,2012-09-07,671482.9,1,72.79,3.911,215.2189573,7.28,2012,9,36,3,4,1081874.03,338737.33,593141.29,761676.9324999998,795072.6625000001
24,2012-09-07,1477134.75,1,72.81,4.076,138.4729355,8.953,2012,9,36,3,4,671482.9,766512.66,339490.69,939332.4549999998,893689.8441666667
4,2012-09-07,2125104.72,1,82.09,3.709,130.9325484,4.077,2012,9,36,3,4,1477134.75,526838.14,734297.87,1338899.0999999999,1029925.6691666668
5,2012-09-07,350648.91,1,86.3,3.73,223.0298805,5.603,2012,9,36,3,4,2125104.72,1081874.03,1582083.4,1156092.8199999998,924995.4325000001
6,2012-09-07,1608077.01,1,86.33,3.73,224.0560076,5.668,2012,9,36,3,4,350648.91,671482.9,1731935.43,1390241.3474999997,968314.4833333334
7,2012-09-07,597876.55,1,57.84,3.596,198.0950484,7.872,2012,9,36,3,4,1608077.01,1477134.75,1053495.51,1170426.7974999999,902125.5441666666
8,2012-09-07,932160.37,1,80.87,3.73,226.0153733,5.401,2012,9,36,3,4,597876.55,2125104.72,408838.73,872190.7099999997,928355.1291666668
9,2012-09-07,565812.29,1,87.93,3.73,226.2103541,5.277,2012,9,36,3,4,932160.37,350648.91,714828.73,925981.5549999997,920188.305
10,2012-09-07,1708283.28,1,83.07,4.124,130.9325484,7.17,2012,9,36,3,4,565812.29,1608077.01,2081181.35,951033.1224999998,1034317.1341666668
11,2012-09-07,1304584.4,1,85.17,3.73,225.9660263,6.334,2012,9,36,3,4,1708283.28,597876.55,1577439.81,1127710.085,1079156.4458333335
12,2012-09-07,955146.04,1,88.52,4.124,130.9325484,10.926,2012,9,36,3,4,1304584.4,932160.37,586467.16,1133456.5025,1114848.7708333333
13,2012-09-07,2165796.31,1,70.65,3.689,130.9325484,5.765,2012,9,36,3,4,955146.04,565812.29,976137.73,1533452.5074999998,1205175.6275000002
14,2012-09-07,1904512.34,1,75.7,3.911,191.5776756,8.684,2012,9,36,3,4,2165796.31,1708283.28,576879.15,1582509.7724999997,1307928.0808333333
15,2012-09-07,587259.82,1,71.61,4.076,138.4729355,8.193,2012,9,36,3,4,1904512.34,1304584.4,1650285.54,1403178.6275,1233771.8366666667
16,2012-09-07,537138.58,1,60.09,3.596,198.0950484,6.061,2012,9,36,3,4,587259.82,955146.04,1372872.35,1298676.7624999997,1101441.325
17,2012-09-07,1255633.29,1,61.99,3.689,130.9325484,5.936,2012,9,36,3,4,537138.58,2165796.31,1061943.49,1071136.0074999998,1176856.69
18,2012-09-07,1083521.24,1,71.85,3.921,138.4729355,8.535,2012,9,36,3,4,1255633.29,1904512.34,2073855.42,865888.2324999998,1133143.7091666667
19,2012-09-07,1497073.82,1,72.2,4.076,138.4729355,8.193,2012,9,36,3,4,1083521.24,587259.82,1947083.3,1093341.7324999997,1208076.8150000002
20,2012-09-07,2080529.06,1,76.36,3.911,215.2189573,7.28,2012,9,36,3,4,1497073.82,537138.58,1613342.19,1479189.3524999998,1303774.2058333333
21,2012-09-07,642827.29,1,88.4,3.73,222.0747635,6.565,2012,9,36,3,4,2080529.06,1255633.29,551837.31,1325987.8524999998,1310192.1225
22,2012-09-07,996628.8,1,73.3,3.921,142.500303,7.753,2012,9,36,3,4,642827.29,1083521.24,865924.2,1304264.7425,1250887.5825
2,2012-09-07,1898777.07,1,87.65,3.73,222.0747635,6.565,2012,9,36,3,4,996628.8,1497073.82,1117097.23,1404690.555,1300403.6383333334
1,2012-09-07,1661767.33,1,83.96,3.73,222.4390153,6.908,2012,9,36,3,4,1898777.07,2080529.06,1542719.87,1300000.1224999998,1359288.7458333333
24,2012-09-14,1242909.53,0,64.28,4.088,138.5673,8.953,2012,9,37,3,4,1661767.33,642827.29,2062481.56,1450020.6824999996,1282381.5141666667
2,2012-09-14,1814806.63,0,75.88,3.717,222.2174395,6.565,2012,9,37,3,4,1242909.53,996628.8,763867.59,1654565.1399999997,1274906.0383333333
21,2012-09-14,628494.63,0,76.1,3.717,222.2174395,6.565,2012,9,37,3,4,1814806.63,1898777.07,1022270.86,1336994.5299999998,1278342.2725
20,2012-09-14,2047949.98,0,64.84,3.948,215.3583757,7.28,2012,9,37,3,4,628494.63,1661767.33,1577468.78,1433540.1924999997,1404243.2225
19,2012-09-14,1370653.41,0,65.08,4.088,138.5673,8.193,2012,9,37,3,4,2047949.98,1242909.53,1344558.92,1465476.1624999996,1413828.2325
18,2012-09-14,960476.1,0,64.45,3.988,138.5673,8.535,2012,9,37,3,4,1370653.41,1814806.63,610185.32,1251893.5299999998,1403574.4708333332
17,2012-09-14,1071040.22,0,59.64,3.749,130.9776667,5.936,2012,9,37,3,4,960476.1,628494.63,344642.01,1362529.9274999998,1368071.6708333334
16,2012-09-14,526525.16,0,56.69,3.659,198.1267184,6.061,2012,9,37,3,4,1071040.22,2047949.98,1427162.26,982173.7224999998,1238571.3458333332
15,2012-09-14,527509.76,0,65.44,4.088,138.5673,8.193,2012,9,37,3,4,526525.16,1370653.41,408229.73,771387.8099999998,1228961.5516666668
14,2012-09-14,1554794.22,0,67.87,3.948,191.69985,8.684,2012,9,37,3,4,527509.76,960476.1,1469693.99,919967.3399999999,1275475.3366666667
22,2012-09-14,918049.28,0,66.42,3.988,142.5938833,7.753,2012,9,37,3,4,1554794.22,1071040.22,540811.85,881719.6049999997,1193748.0208333333
13,2012-09-14,1919917.03,0,68.55,3.749,130.9776667,5.765,2012,9,37,3,4,918049.28,526525.16,433565.77,1230067.5724999998,1215260.4958333333
11,2012-09-14,1267675.05,0,79.61,3.717,226.1122067,6.334,2012,9,37,3,4,1919917.03,527509.76,1358111.62,1415108.8949999998,1217324.2891666668
10,2012-09-14,1640168.99,0,78.47,3.966,130.9776667,7.17,2012,9,37,3,4,1267675.05,1554794.22,1126685.95,1436452.5875,1202771.1524999999
9,2012-09-14,523427.35,0,73.55,3.717,226.3567545,5.277,2012,9,37,3,4,1640168.99,918049.28,286428.78,1337797.1049999997,1194015.5458333334
8,2012-09-14,883569.38,0,67.21,3.717,226.1615981,5.401,2012,9,37,3,4,523427.35,1919917.03,976415.56,1078710.1925,1096983.8291666666
7,2012-09-14,541120.2,0,53.66,3.659,198.1267184,7.872,2012,9,37,3,4,883569.38,1267675.05,984833.35,897071.4799999997,1027856.0616666666
6,2012-09-14,1375166.86,0,76.41,3.717,224.2004678,5.668,2012,9,37,3,4,541120.2,1640168.99,1840955.23,830820.9474999998,1062413.625
5,2012-09-14,299800.67,0,76.65,3.717,223.1734167,5.603,2012,9,37,3,4,1375166.86,523427.35,293728.57,774914.2774999997,998143.6625000001
4,2012-09-14,2117854.6,0,68.2,3.706,130.9776667,4.077,2012,9,37,3,4,299800.67,883569.38,490274.82,1083485.5824999998,1130754.4491666667
12,2012-09-14,885892.37,0,83.64,4.133,130.9776667,10.926,2012,9,37,3,4,2117854.6,541120.2,1609811.75,1169678.6249999998,1160619.6666666667
3,2012-09-14,407589.16,0,78.36,3.717,226.1122067,6.334,2012,9,37,3,4,885892.37,1375166.86,1088248.4,927784.1999999997,1065019.245
23,2012-09-14,1279041.64,0,61.37,3.988,138.5673,4.156,2012,9,37,3,4,407589.16,299800.67,1392143.82,1172594.4425,1095101.9416666667
26,2012-09-14,986131.94,0,57.69,3.988,138.5673,7.405,2012,9,37,3,4,1279041.64,2117854.6,617405.35,889663.7774999997,1017286.5175000001
44,2012-09-14,347726.67,0,68.55,3.749,130.9776667,5.407,2012,9,37,3,4,986131.94,885892.37,663814.18,755122.3524999997,940624.1525
43,2012-09-14,625196.94,0,73.03,3.717,213.9332167,9.285,2012,9,37,3,4,347726.67,407589.16,338737.33,809524.2974999998,856043.1483333333
42,2012-09-14,586737.66,0,78.47,3.966,130.9776667,7.17,2012,9,37,3,4,625196.94,1279041.64,766512.66,636448.3024999998,861319.0075
41,2012-09-14,1306644.25,0,59.39,3.659,198.1267184,6.432,2012,9,37,3,4,586737.66,986131.94,526838.14,716576.3799999998,896575.2466666667
40,2012-09-14,901709.82,0,59.38,3.988,138.5673,4.156,2012,9,37,3,4,1306644.25,347726.67,1081874.03,855072.1674999997,926624.3816666667
39,2012-09-14,1447614.08,0,76.71,3.717,221.2601207,6.623,2012,9,37,3,4,901709.82,625196.94,671482.9,1060676.4524999997,932661.65
38,2012-09-14,430944.39,0,83.64,4.133,130.9776667,10.926,2012,9,37,3,4,1447614.08,586737.66,1477134.75,1021728.1349999998,943590.2933333333
37,2012-09-14,514651.74,0,78.16,3.717,221.2601207,6.623,2012,9,37,3,4,430944.39,1306644.25,2125104.72,823730.0074999997,809990.055
25,2012-09-14,657241.63,0,60.9,3.948,215.3583757,7.28,2012,9,37,3,4,514651.74,901709.82,350648.91,762612.9599999997,790935.8266666667
36,2012-09-14,301893.63,0,78.16,3.692,221.2601207,6.623,2012,9,37,3,4,657241.63,1447614.08,1608077.01,476182.8474999998,782127.8658333332
34,2012-09-14,955211.7,0,64.28,3.706,130.9776667,9.285,2012,9,37,3,4,301893.63,430944.39,597876.55,607249.6749999997,755142.0375000001
33,2012-09-14,277417.53,0,83.4,3.966,130.9776667,7.147,2012,9,37,3,4,955211.7,514651.74,932160.37,547941.1224999998,696082.5033333333
32,2012-09-14,1156377.47,0,64.05,3.659,198.1267184,7.872,2012,9,37,3,4,277417.53,657241.63,565812.29,672725.0824999998,763470.07
31,2012-09-14,1327705.44,0,76.1,3.717,222.2174395,6.565,2012,9,37,3,4,1156377.47,301893.63,1708283.28,929178.0349999997,822012.445
30,2012-09-14,437773.31,0,76.1,3.717,222.2174395,6.565,2012,9,37,3,4,1327705.44,955211.7,1304584.4,799818.4374999997,809598.7491666666
29,2012-09-14,475127.18,0,66.42,3.988,138.5673,9.419,2012,9,37,3,4,437773.31,277417.53,955146.04,849245.8499999997,740305.66
28,2012-09-14,1124660.77,0,83.64,4.133,130.9776667,10.926,2012,9,37,3,4,475127.18,1156377.47,2165796.31,841316.6749999997,758884.9058333333
27,2012-09-14,1519604.5,0,68.72,4.088,142.5938833,8.239,2012,9,37,3,4,1124660.77,1327705.44,1904512.34,889291.4399999997,764884.1074999999
35,2012-09-14,821568.64,0,68.72,3.948,142.5938833,8.839,2012,9,37,3,4,1519604.5,437773.31,587259.82,985240.2724999997,797436.1283333333
45,2012-09-14,702238.27,0,67.87,3.948,191.69985,8.684,2012,9,37,3,4,821568.64,475127.18,537138.58,1042018.0449999998,813068.3391666665
1,2012-09-14,1517428.87,0,74.97,3.717,222.5820193,6.908,2012,9,37,3,4,702238.27,1124660.77,1255633.29,1140210.0699999998,884750.6091666667
3,2012-09-21,414392.09,0,72.78,3.721,226.3151496,6.334,2012,9,38,3,4,1517428.87,1519604.5,1083521.24,863906.9674999998,894125.4808333333
25,2012-09-21,664745.2,0,57.6,4.038,215.5475459,7.28,2012,9,38,3,4,414392.09,821568.64,1497073.82,824701.1074999998,869919.9391666666
26,2012-09-21,961084.08,0,52.68,4.056,138.6534,7.405,2012,9,38,3,4,664745.2,702238.27,2080529.06,889412.5599999998,926892.1516666667
27,2012-09-21,1557485.75,0,66.1,4.203,142.6798167,8.239,2012,9,38,3,4,961084.08,1517428.87,642827.29,899426.7799999998,960317.8416666667
28,2012-09-21,1135340.19,0,82.97,4.125,131.0103333,10.926,2012,9,38,3,4,1557485.75,414392.09,996628.8,1079663.8049999997,944287.4041666668
29,2012-09-21,489079.23,0,63.38,4.056,138.6534,9.419,2012,9,38,3,4,1135340.19,664745.2,1898777.07,1035747.3124999998,948562.8975
30,2012-09-21,443891.64,0,71.54,3.721,222.4169362,6.565,2012,9,38,3,4,489079.23,961084.08,1661767.33,906449.2024999998,945959.9358333334
31,2012-09-21,1373064.87,0,71.54,3.721,222.4169362,6.565,2012,9,38,3,4,443891.64,1557485.75,1242909.53,860343.9824999998,966660.2775000002
32,2012-09-21,1159119.6,0,63.49,3.765,198.358523,7.872,2012,9,38,3,4,1373064.87,1135340.19,1814806.63,866288.8349999998,936619.8691666668
33,2012-09-21,252709.58,0,86.53,4.125,131.0103333,7.147,2012,9,38,3,4,1159119.6,489079.23,628494.63,807196.4224999999,889214.9475000001
34,2012-09-21,943047.78,0,66.08,3.721,131.0103333,9.285,2012,9,38,3,4,252709.58,443891.64,2047949.98,931985.4574999998,909282.4066666667
35,2012-09-21,772302.94,0,66.1,4.038,142.6798167,8.839,2012,9,38,3,4,943047.78,1373064.87,1370653.41,781794.9749999997,847188.5791666666
36,2012-09-21,293804.45,0,75.98,3.709,221.4578604,6.623,2012,9,38,3,4,772302.94,1159119.6,960476.1,565466.1874999998,837139.6091666667
37,2012-09-21,521320.98,0,75.98,3.721,221.4578604,6.623,2012,9,38,3,4,293804.45,252709.58,1071040.22,632619.0374999997,825187.5908333333
38,2012-09-21,409600.98,0,82.97,4.125,131.0103333,10.926,2012,9,38,3,4,521320.98,943047.78,526525.16,499257.3374999998,779230.6658333334
39,2012-09-21,1555672.51,0,73.58,3.721,221.4578604,6.623,2012,9,38,3,4,409600.98,772302.94,527509.76,695099.7299999997,779079.5625
40,2012-09-21,899768.4,0,54.12,4.056,138.6534,4.156,2012,9,38,3,4,1555672.51,293804.45,1554794.22,846590.7174999998,759448.5800000001
41,2012-09-21,1276609.36,0,59.81,3.765,198.358523,6.432,2012,9,38,3,4,899768.4,521320.98,918049.28,1035412.8124999998,825076.0908333333
42,2012-09-21,527165.7,0,81.93,4.125,131.0103333,7.17,2012,9,38,3,4,1276609.36,409600.98,1919917.03,1064803.9924999997,832015.5958333333
43,2012-09-21,601990.02,0,75.87,3.721,214.1192333,9.285,2012,9,38,3,4,527165.7,1555672.51,1267675.05,826383.3699999999,767759.3583333334
24,2012-09-21,1261158.47,0,61.25,4.203,138.6534,8.953,2012,9,38,3,4,601990.02,899768.4,1640168.99,916730.8874999997,776262.5975
2,2012-09-21,1829415.67,0,71.09,3.721,222.4169362,6.565,2012,9,38,3,4,1261158.47,1276609.36,523427.35,1054932.4649999999,907654.7716666666
1,2012-09-21,1506126.06,0,69.87,3.721,222.7818386,6.908,2012,9,38,3,4,1829415.67,527165.7,883569.38,1299672.5549999997,954577.9616666666
23,2012-09-21,1338627.55,0,56.8,4.056,138.6534,4.156,2012,9,38,3,4,1506126.06,601990.02,541120.2,1483831.9374999998,1001771.6791666667
4,2012-09-21,2119438.53,0,68.97,3.721,131.0103333,4.077,2012,9,38,3,4,1338627.55,1261158.47,1375166.86,1698401.9525,1153907.8525
5,2012-09-21,307306.76,0,71.09,3.721,223.3737593,5.603,2012,9,38,3,4,2119438.53,1829415.67,299800.67,1317874.7249999996,1136073.3341666667
6,2012-09-21,1425603.65,0,70.81,3.721,224.4017192,5.668,2012,9,38,3,4,307306.76,1506126.06,2117854.6,1297744.1224999998,1220740.2233333334
7,2012-09-21,530842.25,0,51.77,3.765,198.358523,7.872,2012,9,38,3,4,1425603.65,1338627.55,885892.37,1095797.7974999999,1135337.7016666667
8,2012-09-21,857796.45,0,66.96,3.721,226.3645848,5.401,2012,9,38,3,4,530842.25,2119438.53,407589.16,780387.2774999997,1131840.0391666666
9,2012-09-21,533756.88,0,69.92,3.721,226.5599138,5.277,2012,9,38,3,4,857796.45,307306.76,1279041.64,836999.8074999996,1069935.6658333333
10,2012-09-21,1671857.57,0,81.93,4.125,131.0103333,7.17,2012,9,38,3,4,533756.88,1425603.65,986131.94,898563.2874999999,1165326.655
11,2012-09-21,1326132.98,0,73.64,3.721,226.3151496,6.334,2012,9,38,3,4,1671857.57,530842.25,347726.67,1097385.9699999997,1225671.9016666666
12,2012-09-21,922735.37,0,82.97,4.125,131.0103333,10.926,2012,9,38,3,4,1326132.98,857796.45,625196.94,1113620.6999999997,1197469.9766666668
13,2012-09-21,1938379.66,0,67.96,3.821,131.0103333,5.765,2012,9,38,3,4,922735.37,533756.88,586737.66,1464776.3949999998,1206550.3091666668
14,2012-09-21,1565352.46,0,65.32,4.038,191.8567038,8.684,2012,9,38,3,4,1938379.66,1671857.57,1306644.25,1438150.1174999997,1211485.8425
15,2012-09-21,533161.64,0,60.34,4.203,138.6534,8.193,2012,9,38,3,4,1565352.46,1326132.98,901709.82,1239907.2824999997,1144363.6833333333
16,2012-09-21,509942.56,0,56.48,3.765,198.358523,6.061,2012,9,38,3,4,533161.64,922735.37,1447614.08,1136709.0799999998,1010239.0191666667
17,2012-09-21,938303.28,0,58.43,3.821,131.0103333,5.936,2012,9,38,3,4,509942.56,1938379.66,430944.39,886689.9849999999,1062822.0625
18,2012-09-21,971386.65,0,60.23,4.056,138.6534,8.535,2012,9,38,3,4,938303.28,1565352.46,514651.74,738198.5324999999,1024970.6458333334
19,2012-09-21,1338572.29,0,60.62,4.203,138.6534,8.193,2012,9,38,3,4,971386.65,533161.64,657241.63,939551.1949999998,1092281.4825
20,2012-09-21,2028587.24,0,60.94,4.038,215.5475459,7.28,2012,9,38,3,4,1338572.29,509942.56,301893.63,1319212.3649999998,1189847.3816666666
21,2012-09-21,667151.46,0,71.54,3.721,222.4169362,6.565,2012,9,38,3,4,2028587.24,938303.28,955211.7,1251424.41,1200963.5966666667
22,2012-09-21,921612.53,0,63.38,4.056,142.6798167,7.753,2012,9,38,3,4,667151.46,971386.65,277417.53,1238980.88,1138443.1766666665
45,2012-09-21,723086.2,0,65.32,4.038,191.8567038,8.684,2012,9,38,3,4,921612.53,1338572.29,1156377.47,1085109.3575,1088189.2783333333
44,2012-09-21,336017.6,0,67.96,3.821,131.0103333,5.407,2012,9,38,3,4,723086.2,2028587.24,1327705.44,661966.9474999998,1039296.1308333334
1,2012-09-28,1437059.26,0,76.08,3.666,222.9816579,6.908,2012,9,39,3,4,336017.6,667151.46,437773.31,854443.8975,997519.4308333333
13,2012-09-28,1927664.11,0,64.8,3.821,131.043,5.765,2012,9,39,3,4,1437059.26,921612.53,475127.18,1105956.7925,1027712.0683333334
21,2012-09-28,647097.65,0,80.38,3.666,222.6164329,6.565,2012,9,39,3,4,1927664.11,723086.2,1124660.77,1086959.655,1037206.7358333333
20,2012-09-28,2008350.58,0,58.65,3.997,215.7367162,7.28,2012,9,39,3,4,647097.65,336017.6,1519604.5,1505042.9,1162074.0708333333
18,2012-09-28,1002856.2,0,58.24,4.018,138.7395,8.535,2012,9,39,3,4,2008350.58,1437059.26,821568.64,1396492.135,1167453.4808333332
17,2012-09-28,972716.24,0,57.77,3.821,131.043,5.936,2012,9,39,3,4,1002856.2,1927664.11,702238.27,1157755.1675,1167564.28
16,2012-09-28,469607.73,0,51.4,3.789,198.5903276,6.061,2012,9,39,3,4,972716.24,647097.65,1517428.87,1113382.6875,1095150.5666666667
15,2012-09-28,553901.97,0,57.13,4.158,138.7395,8.193,2012,9,39,3,4,469607.73,2008350.58,414392.09,749770.5349999999,972260.1275000001
14,2012-09-28,1522512.2,0,64.88,3.997,192.0135577,8.684,2012,9,39,3,4,553901.97,1002856.2,664745.2,879684.5349999999,1043540.1891666666
12,2012-09-28,880415.67,0,81.22,3.966,131.043,10.926,2012,9,39,3,4,1522512.2,972716.24,961084.08,856609.3924999998,1040107.1175
11,2012-09-28,1227430.73,0,77.67,3.666,226.5180926,6.334,2012,9,39,3,4,880415.67,469607.73,1557485.75,1046065.1425,1082135.8283333334
10,2012-09-28,1694862.41,0,82.52,3.966,131.043,7.17,2012,9,39,3,4,1227430.73,553901.97,1135340.19,1331305.2525,1195372.8958333333
9,2012-09-28,516361.06,0,76.8,3.666,226.7630732,5.277,2012,9,39,3,4,1694862.41,1522512.2,489079.23,1079767.4674999998,1118648.0458333332
8,2012-09-28,884724.41,0,71.1,3.666,226.5675714,5.401,2012,9,39,3,4,516361.06,880415.67,443891.64,1080844.6524999999,1031736.4041666667
7,2012-09-28,525545.76,0,50.64,3.789,198.5903276,7.872,2012,9,39,3,4,884724.41,1227430.73,1373064.87,905373.4099999999,1021607.08
6,2012-09-28,1369131.46,0,77.82,3.666,224.6029706,5.668,2012,9,39,3,4,525545.76,1694862.41,1159119.6,823940.6724999999,968338.82
5,2012-09-28,310141.68,0,78.33,3.666,223.5741019,5.603,2012,9,39,3,4,1369131.46,516361.06,252709.58,772385.8274999999,910612.61
4,2012-09-28,2027620.23,0,71.74,3.666,131.043,4.077,2012,9,39,3,4,310141.68,884724.41,943047.78,1058109.7824999997,998521.2758333334
3,2012-09-28,389813.02,0,77.46,3.666,226.5180926,6.334,2012,9,39,3,4,2027620.23,525545.76,772302.94,1024176.5974999999,991871.7166666667
2,2012-09-28,1746470.56,0,79.45,3.666,222.6164329,6.565,2012,9,39,3,4,389813.02,1369131.46,293804.45,1118511.3724999998,1091252.4324999999
45,2012-09-28,713173.95,0,64.88,3.997,192.0135577,8.684,2012,9,39,3,4,1746470.56,310141.68,521320.98,1219269.44,1023807.5783333333
22,2012-09-28,976479.51,0,62.17,4.018,142.76575,7.753,2012,9,39,3,4,713173.95,2027620.23,409600.98,956484.26,1031812.8983333333
23,2012-09-28,1319035.06,0,53.71,4.018,138.7395,4.156,2012,9,39,3,4,976479.51,389813.02,1555672.51,1188789.7699999998,1039446.5924999999
19,2012-09-28,1338299.02,0,56.81,4.158,138.7395,8.193,2012,9,39,3,4,1319035.06,1746470.56,899768.4,1086746.885,1009732.9766666666
25,2012-09-28,683300.84,0,54.52,3.997,215.7367162,7.28,2012,9,39,3,4,1338299.02,713173.95,1276609.36,1079278.6075,1023644.625
44,2012-09-28,355307.94,0,64.8,3.821,131.043,5.407,2012,9,39,3,4,683300.84,976479.51,527165.7,923985.715,979526.5858333334
43,2012-09-28,577792.32,0,77.55,3.666,214.30525,9.285,2012,9,39,3,4,355307.94,1319035.06,601990.02,738675.0299999999,983880.4658333333
42,2012-09-28,505978.46,0,82.52,3.966,131.043,7.17,2012,9,39,3,4,577792.32,1338299.02,1261158.47,530594.8899999999,911951.0491666667
41,2012-09-28,1307928.01,0,56.08,3.789,198.5903276,6.432,2012,9,39,3,4,505978.46,683300.84,1829415.67,686751.6824999999,995099.91
40,2012-09-28,919595.44,0,50.98,4.018,138.7395,4.156,2012,9,39,3,4,1307928.01,355307.94,1506126.06,827823.5574999999,902764.5108333332
39,2012-09-28,1495607.07,0,78.04,3.666,221.6556,6.623,2012,9,39,3,4,919595.44,577792.32,1338627.55,1057277.2449999999,994914.015
24,2012-09-28,1259278.36,0,58.86,4.158,138.7395,8.953,2012,9,39,3,4,1495607.07,505978.46,2119438.53,1245602.2199999997,954314.665
37,2012-09-28,527953.14,0,79.49,3.666,221.6556,6.623,2012,9,39,3,4,1259278.36,1307928.01,307306.76,1050608.5025,938879.5975
36,2012-09-28,270677.98,0,79.49,3.66,221.6556,6.623,2012,9,39,3,4,527953.14,919595.44,1425603.65,888379.1375,880062.8033333333
35,2012-09-28,814099.86,0,64.92,3.997,142.76575,8.839,2012,9,39,3,4,270677.98,1495607.07,530842.25,718002.335,837984.87
38,2012-09-28,398468.08,0,81.22,3.966,131.043,10.926,2012,9,39,3,4,814099.86,1259278.36,857796.45,502799.7649999999,759665.625
33,2012-09-28,242813.51,0,86.42,3.966,131.043,7.147,2012,9,39,3,4,398468.08,527953.14,533756.88,431514.85749999987,722958.3475
34,2012-09-28,928629.31,0,67.06,3.666,131.043,9.285,2012,9,39,3,4,242813.51,270677.98,1671857.57,596002.69,770735.1283333334
27,2012-09-28,1540687.63,0,64.92,4.158,142.76575,8.239,2012,9,39,3,4,928629.31,814099.86,1326132.98,777649.6324999998,850976.4041666667
28,2012-09-28,1129508.61,0,81.22,3.966,131.043,10.926,2012,9,39,3,4,1540687.63,398468.08,922735.37,960409.7649999999,902937.25
29,2012-09-28,489674.23,0,62.17,4.018,138.7395,9.419,2012,9,39,3,4,1129508.61,242813.51,1938379.66,1022124.945,834749.4349999999
26,2012-09-28,964726.37,0,50.66,4.018,138.7395,7.405,2012,9,39,3,4,489674.23,928629.31,1565352.46,1031149.21,838510.3458333333
31,2012-09-28,1279080.58,0,80.38,3.666,222.6164329,6.565,2012,9,39,3,4,964726.37,1540687.63,533161.64,965747.4475,820466.4716666667
32,2012-09-28,1157111.15,0,60.62,3.789,198.5903276,7.872,2012,9,39,3,4,1279080.58,1129508.61,509942.56,972648.0824999999,811952.5375
30,2012-09-28,425410.04,0,80.38,3.666,222.6164329,6.565,2012,9,39,3,4,1157111.15,489674.23,938303.28,956582.0349999999,803407.2791666667
11,2012-10-05,1422794.26,0,73.37,3.617,226.7210356,6.034,2012,10,40,4,4,425410.04,964726.37,971386.65,1071099.0074999998,899416.9691666667
19,2012-10-05,1408016.1,0,59.86,4.151,138.8256,7.992,2012,10,40,4,4,1422794.26,1279080.58,1338572.29,1103332.8875,948909.9891666666
18,2012-10-05,1092204.79,0,59.68,4.027,138.8256,8.243,2012,10,40,4,4,1408016.1,1157111.15,2028587.24,1087106.2974999999,1006721.3816666667
17,2012-10-05,952609.17,0,52.81,3.815,131.0756667,5.527,2012,10,40,4,4,1092204.79,425410.04,667151.46,1218906.0799999998,1065871.02
16,2012-10-05,471281.68,0,50.46,3.779,198.8221322,5.847,2012,10,40,4,4,952609.17,1422794.26,921612.53,981027.9349999999,1027758.7174999999
15,2012-10-05,573498.64,0,59.57,4.151,138.8256,7.992,2012,10,40,4,4,471281.68,1408016.1,723086.2,772398.57,947159.6350000001
14,2012-10-05,1687592.16,0,64.89,3.985,192.1704115,8.667,2012,10,40,4,4,573498.64,1092204.79,336017.6,921245.4124999999,993666.5975000001
13,2012-10-05,2041918.74,0,61.79,3.815,131.0756667,5.621,2012,10,40,4,4,1687592.16,952609.17,1437059.26,1193572.805,1123020.3066666666
12,2012-10-05,979825.92,0,81.61,3.966,131.0756667,10.199,2012,10,40,4,4,2041918.74,471281.68,1927664.11,1320708.865,1124278.6025
10,2012-10-05,1758971.38,0,80.88,4.132,131.0756667,6.943,2012,10,40,4,4,979825.92,573498.64,647097.65,1617077.0499999998,1164269.5025
45,2012-10-05,733455.07,0,64.89,3.985,192.1704115,8.667,2012,10,40,4,4,1758971.38,1687592.16,2008350.58,1378542.7774999999,1128964.8291666666
8,2012-10-05,976436.02,0,61.41,3.617,226.7705581,5.124,2012,10,40,4,4,733455.07,2041918.74,1002856.2,1112172.0975,1174883.6608333334
7,2012-10-05,505830.56,0,48.43,3.779,198.8221322,7.557,2012,10,40,4,4,976436.02,979825.92,972716.24,993673.2574999998,1098470.0191666668
6,2012-10-05,1518177.71,0,70.84,3.617,224.804222,5.329,2012,10,40,4,4,505830.56,1758971.38,469607.73,933474.8399999999,1107650.1533333333
5,2012-10-05,343048.29,0,71.17,3.617,223.7744444,5.422,2012,10,40,4,4,1518177.71,733455.07,553901.97,835873.1449999999,1045220.445
4,2012-10-05,2209835.43,0,63.07,3.62,131.0756667,3.879,2012,10,40,4,4,343048.29,976436.02,1522512.2,1144222.9975,1149989.3
3,2012-10-05,443557.65,0,72.74,3.617,226.7210356,6.034,2012,10,40,4,4,2209835.43,505830.56,880415.67,1128654.77,1147678.9641666666
2,2012-10-05,1998321.04,0,70.27,3.617,222.8159296,6.17,2012,10,40,4,4,443557.65,1518177.71,1227430.73,1248690.6025,1266414.1641666666
1,2012-10-05,1670785.97,0,68.55,3.617,223.1814772,6.573,2012,10,40,4,4,1998321.04,343048.29,1694862.41,1580625.0225,1265013.6483333332
20,2012-10-05,2246411.89,0,60.77,3.985,215.9258865,7.293,2012,10,40,4,4,1670785.97,2209835.43,516361.06,1589769.1374999997,1282054.7441666666
9,2012-10-05,606755.3,0,66.61,3.617,226.9662325,4.954,2012,10,40,4,4,2246411.89,443557.65,884724.41,1630568.5499999998,1250965.5258333331
21,2012-10-05,651768.91,0,70.28,3.617,222.8159296,6.17,2012,10,40,4,4,606755.3,1998321.04,525545.76,1293930.5175,1158698.6533333333
43,2012-10-05,642614.89,0,74.09,3.617,214.4912667,8.839,2012,10,40,4,4,651768.91,1670785.97,1369131.46,1036887.7474999998,1151128.6383333334
23,2012-10-05,1464616.59,0,56.65,4.027,138.8256,4.145,2012,10,40,4,4,642614.89,2246411.89,310141.68,841438.9224999999,1191810.3525
42,2012-10-05,593162.53,0,80.88,4.132,131.0756667,6.943,2012,10,40,4,4,1464616.59,606755.3,2027620.23,838040.73,1199088.0166666666
41,2012-10-05,1400160.95,0,50.14,3.779,198.8221322,6.195,2012,10,40,4,4,593162.53,651768.91,389813.02,1025138.74,1189253.2866666669
40,2012-10-05,1069112.0,0,57.21,4.027,138.8256,4.145,2012,10,40,4,4,1400160.95,642614.89,1746470.56,1131763.0174999998,1249758.5958333334
39,2012-10-05,1574408.67,0,72.05,3.617,221.8533396,6.228,2012,10,40,4,4,1069112.0,1464616.59,713173.95,1159211.0374999999,1196806.3658333335
38,2012-10-05,458479.01,0,81.61,3.966,131.0756667,10.199,2012,10,40,4,4,1574408.67,593162.53,976479.51,1125540.1574999997,1198049.8125
37,2012-10-05,546122.37,0,73.57,3.617,221.8533396,6.228,2012,10,40,4,4,458479.01,1400160.95,1319035.06,912030.5124999998,1077033.2566666666
36,2012-10-05,277137.86,0,73.57,3.611,221.8533396,6.228,2012,10,40,4,4,546122.37,1069112.0,1338299.02,714036.9774999999,960895.9141666666
35,2012-10-05,866064.4,0,64.5,3.985,142.8516833,8.665,2012,10,40,4,4,277137.86,1574408.67,683300.84,536950.9099999999,845866.9566666665
34,2012-10-05,968896.68,0,65.41,3.62,131.0756667,8.839,2012,10,40,4,4,866064.4,458479.01,355307.94,664555.3274999999,876045.4049999999
33,2012-10-05,265444.9,0,85.18,4.132,131.0756667,6.895,2012,10,40,4,4,968896.68,546122.37,577792.32,594385.9599999998,843851.7374999999
32,2012-10-05,1202775.24,0,55.34,3.779,198.8221322,7.557,2012,10,40,4,4,265444.9,277137.86,505978.46,825795.3049999999,890531.7666666666
31,2012-10-05,1363365.05,0,70.28,3.617,222.8159296,6.17,2012,10,40,4,4,1202775.24,866064.4,1307928.01,950120.4675,882094.1383333333
30,2012-10-05,446751.45,0,70.28,3.617,222.8159296,6.17,2012,10,40,4,4,1363365.05,968896.68,919595.44,819584.1599999999,869893.215
29,2012-10-05,520632.8,0,62.09,4.027,138.8256,9.151,2012,10,40,4,4,446751.45,265444.9,1495607.07,883381.135,796599.2025
28,2012-10-05,1462941.03,0,81.61,3.966,131.0756667,10.199,2012,10,40,4,4,520632.8,1202775.24,1259278.36,948422.5824999999,829418.2883333332
27,2012-10-05,1591816.88,0,64.5,4.151,142.8516833,8.0,2012,10,40,4,4,1462941.03,1363365.05,527953.14,1005535.5399999998,830868.9725
26,2012-10-05,1095504.26,0,54.07,4.027,138.8256,7.138,2012,10,40,4,4,1591816.88,446751.45,270677.98,1167723.7425,883954.41
25,2012-10-05,699536.73,0,57.58,3.985,215.9258865,7.293,2012,10,40,4,4,1095504.26,520632.8,814099.86,1212449.7249999999,896738.94
24,2012-10-05,1416720.54,0,60.35,4.151,138.8256,8.693,2012,10,40,4,4,699536.73,1462941.03,398468.08,1200894.6024999998,991704.1633333334
22,2012-10-05,1009887.36,0,62.09,4.027,142.8516833,7.543,2012,10,40,4,4,1416720.54,1591816.88,242813.51,1055412.2225,1003689.41
44,2012-10-05,337390.44,0,61.79,3.815,131.0756667,5.217,2012,10,40,4,4,1009887.36,1095504.26,928629.31,865883.7675,951063.89
1,2012-10-12,1573072.81,0,62.99,3.601,223.3812965,6.573,2012,10,41,4,4,337390.44,699536.73,1540687.63,1084267.7875,1060032.8825
13,2012-10-12,1999079.44,0,55.1,3.797,131.1083333,5.621,2012,10,41,4,4,1573072.81,1416720.54,1129508.61,1229857.5125,1126391.5658333332
22,2012-10-12,1004039.84,0,54.18,4.029,142.9376167,7.543,2012,10,41,4,4,1999079.44,1009887.36,489674.23,1228395.6324999998,1096447.7983333333
21,2012-10-12,653043.44,0,61.53,3.601,223.0154263,6.17,2012,10,41,4,4,1004039.84,337390.44,964726.37,1307308.8825,1113638.7975
19,2012-10-12,1352809.5,0,48.29,4.186,138.9117,7.992,2012,10,41,4,4,653043.44,1573072.81,1279080.58,1252243.0549999997,1182986.8558333332
18,2012-10-12,1074079.0,0,50.97,4.029,138.9117,8.243,2012,10,41,4,4,1352809.5,1999079.44,1157111.15,1020992.9449999998,1150581.6866666665
17,2012-10-12,919878.34,0,44.82,3.797,131.1083333,5.527,2012,10,41,4,4,1074079.0,1004039.84,425410.04,999952.5699999998,1094586.8083333333
16,2012-10-12,491817.19,0,43.26,3.76,199.0539368,5.847,2012,10,41,4,4,919878.34,653043.44,1422794.26,959646.0074999998,1044279.5525000001
15,2012-10-12,551799.63,0,49.12,4.186,138.9117,7.992,2012,10,41,4,4,491817.19,1352809.5,1408016.1,759393.5399999998,1031968.1275
14,2012-10-12,1639585.61,0,54.47,4.0,192.3272654,8.667,2012,10,41,4,4,551799.63,1074079.0,1092204.79,900770.1924999999,1050540.2166666666
12,2012-10-12,934917.47,0,71.74,4.468,131.1083333,10.199,2012,10,41,4,4,1639585.61,919878.34,952609.17,904529.9749999999,1044292.7258333332
11,2012-10-12,1311965.09,0,69.94,3.601,226.9239785,6.034,2012,10,41,4,4,934917.47,491817.19,471281.68,1109566.95,1125507.28
10,2012-10-12,1713889.11,0,76.03,4.468,131.1083333,6.943,2012,10,41,4,4,1311965.09,551799.63,573498.64,1400089.32,1137241.9716666667
9,2012-10-12,558464.8,0,60.09,3.601,227.1693919,4.954,2012,10,41,4,4,1713889.11,1639585.61,1687592.16,1129809.1175,1017190.7516666666
8,2012-10-12,927511.99,0,55.03,3.601,226.9735448,5.124,2012,10,41,4,4,558464.8,934917.47,2041918.74,1127957.7475,1010813.4308333333
7,2012-10-12,503463.93,0,41.43,3.76,199.0539368,7.557,2012,10,41,4,4,927511.99,1311965.09,979825.92,925832.4574999999,998348.4716666667
6,2012-10-12,1459396.84,0,65.43,3.601,225.0054733,5.329,2012,10,41,4,4,503463.93,1713889.11,1758971.38,862209.3899999999,1007230.75
5,2012-10-12,325345.41,0,66.24,3.601,223.974787,5.422,2012,10,41,4,4,1459396.84,558464.8,733455.07,803929.5425,944836.2841666667
4,2012-10-12,2133026.07,0,57.11,3.603,131.1083333,3.879,2012,10,41,4,4,325345.41,927511.99,976436.02,1105308.0625,1045931.9283333332
3,2012-10-12,410804.39,0,70.31,3.601,226.9239785,6.034,2012,10,41,4,4,2133026.07,503463.93,505830.56,1082143.1774999998,1039180.8616666667
2,2012-10-12,1900745.13,0,60.97,3.601,223.0154263,6.17,2012,10,41,4,4,410804.39,1459396.84,1518177.71,1192480.25,1151592.9866666666
23,2012-10-12,1412925.25,0,48.1,4.029,138.9117,4.145,2012,10,41,4,4,1900745.13,325345.41,343048.29,1464375.21,1132704.6233333333
24,2012-10-12,1416301.17,0,51.64,4.186,138.9117,8.693,2012,10,41,4,4,1412925.25,2133026.07,2209835.43,1285193.9849999999,1172819.9316666666
20,2012-10-12,2162951.36,0,47.2,4.0,216.1150568,7.293,2012,10,41,4,4,1416301.17,410804.39,443557.65,1723230.7275,1243735.4541666668
26,2012-10-12,1044639.69,0,45.19,4.029,138.9117,7.138,2012,10,41,4,4,2162951.36,1900745.13,1998321.04,1509204.3674999997,1187964.6691666667
45,2012-10-12,734464.36,0,54.47,4.0,192.3272654,8.667,2012,10,41,4,4,1044639.69,1412925.25,1670785.97,1339589.1449999998,1202631.2991666666
44,2012-10-12,337796.13,0,55.1,3.797,131.1083333,5.217,2012,10,41,4,4,734464.36,1416301.17,2246411.89,1069962.8849999998,1153488.3108333333
43,2012-10-12,619369.72,0,71.14,3.601,214.6772833,8.839,2012,10,41,4,4,337796.13,2162951.36,606755.3,684067.4749999999,1163147.1266666667
42,2012-10-12,612379.9,0,76.03,4.468,131.1083333,6.943,2012,10,41,4,4,619369.72,1044639.69,651768.91,576002.5274999999,1092562.3816666666
41,2012-10-12,1409544.97,0,39.38,3.76,199.0539368,6.195,2012,10,41,4,4,612379.9,734464.36,642614.89,744772.6799999999,1182912.345
40,2012-10-12,982523.26,0,47.35,4.029,138.9117,4.145,2012,10,41,4,4,1409544.97,337796.13,1464616.59,905954.4624999999,1087037.1108333333
25,2012-10-12,697317.41,0,43.74,4.0,216.1150568,7.293,2012,10,41,4,4,982523.26,619369.72,593162.53,925441.3849999999,1110913.1958333333
38,2012-10-12,437320.66,0,71.74,4.468,131.1083333,10.199,2012,10,41,4,4,697317.41,612379.9,1400160.95,881676.575,988961.1566666666
37,2012-10-12,521810.75,0,71.28,3.601,222.0510793,6.228,2012,10,41,4,4,437320.66,1409544.97,1069112.0,659743.0199999999,914701.6149999999
36,2012-10-12,300236.85,0,71.28,3.576,222.0510793,6.228,2012,10,41,4,4,521810.75,982523.26,1574408.67,489171.41749999986,821696.255
39,2012-10-12,1494417.07,0,69.88,3.601,222.0510793,6.228,2012,10,41,4,4,300236.85,697317.41,458479.01,688446.3324999998,765985.0641666666
27,2012-10-12,1660081.29,0,55.4,4.186,142.9376167,8.0,2012,10,41,4,4,1494417.07,437320.66,546122.37,994136.49,817271.8641666668
34,2012-10-12,948613.39,0,59.94,3.603,131.1083333,8.839,2012,10,41,4,4,1660081.29,521810.75,277137.86,1100837.15,835117.6166666667
33,2012-10-12,291781.15,0,79.64,4.468,131.1083333,6.895,2012,10,41,4,4,948613.39,300236.85,866064.4,1098723.2249999999,831283.035
32,2012-10-12,1176681.31,0,43.49,3.76,199.0539368,7.557,2012,10,41,4,4,291781.15,1494417.07,968896.68,1019289.2849999999,877725.6675
31,2012-10-12,1401113.42,0,61.53,3.601,223.0154263,6.17,2012,10,41,4,4,1176681.31,1660081.29,265444.9,954547.3174999999,943453.4608333334
30,2012-10-12,434593.26,0,61.53,3.601,223.0154263,6.17,2012,10,41,4,4,1401113.42,948613.39,1202775.24,826042.2849999999,862207.485
29,2012-10-12,513737.0,0,54.18,4.029,138.9117,9.151,2012,10,41,4,4,434593.26,291781.15,1363365.05,881531.2474999998,823141.9633333334
28,2012-10-12,1205536.71,0,71.74,4.468,131.1083333,10.199,2012,10,41,4,4,513737.0,1176681.31,446751.45,888745.0974999999,865493.5716666667
35,2012-10-12,873643.14,0,55.4,4.0,142.9376167,8.665,2012,10,41,4,4,1205536.71,1401113.42,520632.8,756877.5275,901853.7783333333
29,2012-10-19,516909.24,0,55.28,4.0,138.8336129,9.151,2012,10,42,4,4,873643.14,434593.26,1462941.03,777456.5224999998,901445.3191666667
28,2012-10-19,1143724.48,0,68.66,4.449,131.1499677,10.199,2012,10,42,4,4,516909.24,513737.0,1591816.88,934953.3924999998,971735.9550000001
27,2012-10-19,1620374.24,0,56.53,4.153,142.8633629,8.0,2012,10,42,4,4,1143724.48,1205536.71,1095504.26,1038662.7749999999,982232.3858333334
26,2012-10-19,975578.02,0,43.51,4.0,138.8336129,7.138,2012,10,42,4,4,1620374.24,873643.14,699536.73,1064146.4949999999,925190.4466666667
22,2012-10-19,978027.95,0,55.28,4.0,142.8633629,7.543,2012,10,42,4,4,975578.02,516909.24,1416720.54,1179426.1724999999,927641.66
24,2012-10-19,1255414.84,0,52.59,4.153,138.8336129,8.693,2012,10,42,4,4,978027.95,1143724.48,1009887.36,1207348.7625,1007944.4674999999
23,2012-10-19,1363155.77,0,47.89,4.0,138.8336129,4.145,2012,10,42,4,4,1255414.84,1620374.24,337390.44,1143044.1449999998,1023484.0058333334
30,2012-10-19,437537.29,0,68.52,3.594,223.0598077,6.17,2012,10,42,4,4,1363155.77,975578.02,1573072.81,1008533.9624999999,943185.995
25,2012-10-19,685531.85,0,51.93,3.969,216.1464699,7.293,2012,10,42,4,4,437537.29,978027.95,1999079.44,935409.9374999999,964097.5441666666
31,2012-10-19,1378730.45,0,68.52,3.594,223.0598077,6.17,2012,10,42,4,4,685531.85,1255414.84,1004039.84,966238.8399999999,1036180.3316666667
18,2012-10-19,1048706.75,0,51.96,4.0,138.8336129,8.243,2012,10,42,4,4,1378730.45,1363155.77,653043.44,887626.585,1023111.1683333335
33,2012-10-19,254412.34,0,75.55,4.449,131.1499677,6.895,2012,10,42,4,4,1048706.75,437537.29,1352809.5,841845.3474999999,971508.6016666667
34,2012-10-19,963516.28,0,58.47,3.61,131.1499677,8.839,2012,10,42,4,4,254412.34,685531.85,1074079.0,911341.4549999998,1008725.855
35,2012-10-19,829284.67,0,56.53,3.969,142.8633629,8.665,2012,10,42,4,4,963516.28,1378730.45,919878.34,773980.0099999998,982522.5375
36,2012-10-19,287360.05,0,74.06,3.57,222.0951719,6.228,2012,10,42,4,4,829284.67,1048706.75,491817.19,583643.3349999998,871438.0216666666
37,2012-10-19,551969.1,0,74.06,3.594,222.0951719,6.228,2012,10,42,4,4,287360.05,254412.34,551799.63,658032.5249999999,836137.2783333333
38,2012-10-19,428806.46,0,68.66,4.449,131.1499677,10.199,2012,10,42,4,4,551969.1,963516.28,1639585.61,524355.07,790368.8208333333
39,2012-10-19,1577486.33,0,71.45,3.594,222.0951719,6.228,2012,10,42,4,4,428806.46,829284.67,934917.47,711405.4849999999,817208.1116666667
40,2012-10-19,918170.5,0,46.33,4.0,138.8336129,4.145,2012,10,42,4,4,1577486.33,287360.05,1311965.09,869108.0974999999,780126.0058333334
41,2012-10-19,1326197.24,0,49.56,3.75,199.1481963,6.195,2012,10,42,4,4,918170.5,551969.1,1713889.11,1062665.1324999998,854181.0016666666
21,2012-10-19,641368.14,0,68.52,3.594,223.0598077,6.17,2012,10,42,4,4,1326197.24,428806.46,558464.8,1115805.5525,850500.6924999999
32,2012-10-19,1199292.06,0,53.57,3.75,199.1481963,7.557,2012,10,42,4,4,641368.14,1577486.33,927511.99,1021256.9849999999,835547.4933333333
20,2012-10-19,1999363.49,0,56.26,3.969,216.1464699,7.293,2012,10,42,4,4,1199292.06,918170.5,503463.93,1291555.2325,914768.8883333333
42,2012-10-19,541406.98,0,72.71,4.449,131.1499677,6.943,2012,10,42,4,4,1999363.49,1326197.24,1459396.84,1095357.6674999997,938685.1083333334
43,2012-10-19,623919.23,0,71.25,3.594,214.7212488,8.839,2012,10,42,4,4,541406.98,641368.14,325345.41,1090995.44,910385.3541666666
45,2012-10-19,718125.53,0,56.47,3.969,192.3308542,8.667,2012,10,42,4,4,623919.23,1199292.06,2133026.07,970703.8074999999,901122.0924999999
44,2012-10-19,323766.77,0,52.06,3.781,131.1499677,5.217,2012,10,42,4,4,718125.53,1999363.49,410804.39,551804.6275,904155.9858333333
1,2012-10-19,1508068.77,0,67.97,3.594,223.4257233,6.573,2012,10,42,4,4,323766.77,541406.98,1900745.13,793470.075,983830.9583333334
2,2012-10-19,1847990.41,0,68.08,3.594,223.0598077,6.17,2012,10,42,4,4,1508068.77,623919.23,1412925.25,1099487.8699999999,1102096.2874999999
3,2012-10-19,424513.08,0,73.44,3.594,226.9688442,6.034,2012,10,42,4,4,1847990.41,718125.53,1416301.17,1026084.7574999998,1006015.1833333332
19,2012-10-19,1321102.35,0,53.44,4.153,138.8336129,7.992,2012,10,42,4,4,424513.08,323766.77,2162951.36,1275418.6524999999,1039592.8375
5,2012-10-19,313358.15,0,69.17,3.594,224.0192873,5.422,2012,10,42,4,4,1321102.35,1508068.77,1044639.69,976740.9974999998,955189.58
6,2012-10-19,1436883.99,0,69.68,3.594,225.0501013,5.329,2012,10,42,4,4,313358.15,1847990.41,734464.36,873964.3925,1021482.5675
7,2012-10-19,516424.83,0,43.01,3.75,199.1481963,7.557,2012,10,42,4,4,1436883.99,424513.08,337796.13,896942.33,964576.965
4,2012-10-19,2097266.85,0,64.46,3.61,131.1499677,3.879,2012,10,42,4,4,516424.83,1321102.35,619369.72,1090983.455,972735.5783333335
9,2012-10-19,542009.46,0,68.01,3.594,227.214288,4.954,2012,10,42,4,4,2097266.85,313358.15,612379.9,1148146.2825,972785.785
8,2012-10-19,900309.75,0,62.99,3.594,227.0184166,5.124,2012,10,42,4,4,542009.46,1436883.99,1409544.97,1014002.7224999999,995818.3283333333
16,2012-10-19,577198.97,0,40.59,3.75,199.1481963,5.847,2012,10,42,4,4,900309.75,516424.83,982523.26,1029196.2574999998,984074.4483333334
15,2012-10-19,555652.77,0,52.89,4.153,138.8336129,7.992,2012,10,42,4,4,577198.97,2097266.85,697317.41,643792.7374999998,1003398.2816666667
14,2012-10-19,1590274.72,0,56.47,3.969,192.3308542,8.667,2012,10,42,4,4,555652.77,542009.46,437320.66,905859.0524999999,1010248.7774999999
17,2012-10-19,957356.84,0,48.16,3.781,131.1499677,5.527,2012,10,42,4,4,1590274.72,900309.75,521810.75,920120.8249999998,936029.3133333335
12,2012-10-19,960945.43,0,68.66,4.449,131.1499677,10.199,2012,10,42,4,4,957356.84,577198.97,300236.85,1016057.4399999998,980732.0091666668
11,2012-10-19,1232073.18,0,73.77,3.594,226.9688442,6.034,2012,10,42,4,4,960945.43,555652.77,1494417.07,1185162.5424999997,973312.9116666666
10,2012-10-19,1734834.82,0,72.71,4.449,131.1499677,6.943,2012,10,42,4,4,1232073.18,1590274.72,1660081.29,1221302.5675,1091769.3008333335
13,2012-10-19,2018010.15,0,52.06,3.781,131.1499677,5.621,2012,10,42,4,4,1734834.82,957356.84,948613.39,1486465.895,1140196.4808333332
27,2012-10-26,1703047.74,0,58.99,4.071,142.7624113,8.0,2012,10,43,4,4,2018010.15,960945.43,291781.15,1671991.4725,1239081.7233333334
28,2012-10-26,1213860.61,0,65.95,4.301,131.1930968,10.199,2012,10,43,4,4,1703047.74,1232073.18,1176681.31,1667438.3299999998,1165464.5366666666
29,2012-10-26,534970.68,0,57.58,3.917,138.7281613,9.151,2012,10,43,4,4,1213860.61,1734834.82,1401113.42,1367472.295,1164877.9716666667
30,2012-10-26,439424.5,0,70.5,3.506,223.0783366,6.17,2012,10,43,4,4,534970.68,2018010.15,434593.26,972825.8825,1126470.8675
31,2012-10-26,1340232.55,0,70.5,3.506,223.0783366,6.17,2012,10,43,4,4,439424.5,1703047.74,513737.0,882122.085,1190056.9991666665
32,2012-10-26,1219979.29,0,47.22,3.686,199.2195317,7.557,2012,10,43,4,4,1340232.55,1213860.61,1205536.71,883651.7549999999,1245417.5425
33,2012-10-26,253731.13,0,73.7,4.301,131.1930968,6.895,2012,10,43,4,4,1219979.29,534970.68,873643.14,813341.8674999998,1134038.91
34,2012-10-26,956987.81,0,57.95,3.514,131.1930968,8.839,2012,10,43,4,4,253731.13,439424.5,516909.24,942732.6949999998,1134008.1575
35,2012-10-26,865137.6,0,58.99,3.882,142.7624113,8.665,2012,10,43,4,4,956987.81,1340232.55,1143724.48,823958.9574999999,1126024.1716666666
2,2012-10-26,1834458.35,0,69.79,3.506,223.0783366,6.17,2012,10,43,4,4,865137.6,1219979.29,1620374.24,977578.7224999999,1176222.9358333333
37,2012-10-26,534738.43,0,74.39,3.506,222.1136566,6.228,2012,10,43,4,4,1834458.35,253731.13,975578.02,1047830.5475,1076214.9033333333
38,2012-10-26,417290.38,0,65.95,4.301,131.1930968,10.199,2012,10,43,4,4,534738.43,956987.81,978027.95,912906.19,942821.5891666667
39,2012-10-26,1569502.0,0,72.9,3.506,222.1136566,6.228,2012,10,43,4,4,417290.38,865137.6,1255414.84,1088997.29,931692.7775000002
40,2012-10-26,921264.52,0,49.65,3.917,138.7281613,4.145,2012,10,43,4,4,1569502.0,1834458.35,1363155.77,860698.8324999999,907309.77
41,2012-10-26,1316542.59,0,41.8,3.686,199.2195317,6.195,2012,10,43,4,4,921264.52,534738.43,437537.29,1056149.8724999998,972440.7625000001
42,2012-10-26,514756.08,0,70.5,4.301,131.1930968,6.943,2012,10,43,4,4,1316542.59,417290.38,685531.85,1080516.2974999999,978718.3941666667
43,2012-10-26,587603.55,0,69.17,3.506,214.7415392,8.839,2012,10,43,4,4,514756.08,1569502.0,1378730.45,835041.6849999999,915999.3108333334
44,2012-10-26,361067.07,0,46.97,3.755,131.1930968,5.217,2012,10,43,4,4,587603.55,921264.52,1048706.75,694992.3224999999,844423.2925
26,2012-10-26,958619.8,0,46.95,3.917,138.7281613,7.138,2012,10,43,4,4,361067.07,1316542.59,254412.34,605511.625,903164.015
45,2012-10-26,760281.43,0,58.85,3.882,192.3088989,8.667,2012,10,43,4,4,958619.8,514756.08,963516.28,666892.9624999999,886771.8166666668
36,2012-10-26,272489.41,0,74.39,3.494,222.1136566,6.228,2012,10,43,4,4,760281.43,587603.55,829284.67,588114.4274999999,837384.4674999999
25,2012-10-26,688940.94,0,56.69,3.882,216.1515902,7.293,2012,10,43,4,4,272489.41,361067.07,287360.05,670082.8949999999,741924.6833333332
14,2012-10-26,1704357.62,0,58.85,3.882,192.3088989,8.667,2012,10,43,4,4,688940.94,958619.8,551969.1,856517.3499999999,839392.9491666667
23,2012-10-26,1347454.59,0,50.56,3.917,138.7281613,4.145,2012,10,43,4,4,1704357.62,760281.43,428806.46,1003310.6399999999,916906.6333333334
3,2012-10-26,405432.7,0,74.66,3.506,226.9873637,6.034,2012,10,43,4,4,1347454.59,272489.41,1577486.33,1036546.4625,819900.8583333334
4,2012-10-26,2149594.46,0,63.64,3.514,131.1930968,3.879,2012,10,43,4,4,405432.7,688940.94,918170.5,1401709.8425,922261.6866666666
5,2012-10-26,319550.77,0,71.7,3.506,224.0378139,5.422,2012,10,43,4,4,2149594.46,1704357.62,1326197.24,1055508.13,839179.035
6,2012-10-26,1431426.34,0,72.34,3.506,225.0686254,5.329,2012,10,43,4,4,319550.77,1347454.59,641368.14,1076501.0675,915568.2233333333
7,2012-10-26,495543.28,0,42.53,3.686,199.2195317,7.557,2012,10,43,4,4,1431426.34,405432.7,1199292.06,1099028.7125,907896.5341666667
8,2012-10-26,891671.44,0,64.74,3.506,227.0369359,5.124,2012,10,43,4,4,495543.28,2149594.46,1999363.49,784547.9574999999,952113.5650000001
9,2012-10-26,549731.49,0,69.52,3.506,227.2328068,4.954,2012,10,43,4,4,891671.44,319550.77,541406.98,842093.1375,918039.5391666667
10,2012-10-26,1744349.05,0,70.5,4.301,131.1930968,6.943,2012,10,43,4,4,549731.49,1431426.34,623919.23,920323.815,1000045.1741666667
11,2012-10-26,1200729.45,0,74.26,3.506,226.9873637,6.034,2012,10,43,4,4,1744349.05,495543.28,718125.53,1096620.3575,1077398.5108333335
12,2012-10-26,974697.6,0,65.95,4.301,131.1930968,10.199,2012,10,43,4,4,1200729.45,891671.44,323766.77,1117376.8975,1101211.5658333334
13,2012-10-26,2035189.66,0,46.97,3.755,131.1930968,5.621,2012,10,43,4,4,974697.6,549731.49,1508068.77,1488741.44,1128780.9025
15,2012-10-26,558473.6,0,55.75,4.071,138.7281613,7.992,2012,10,43,4,4,2035189.66,1744349.05,1847990.41,1192272.5775,1063032.4866666666
16,2012-10-26,475770.14,0,40.99,3.686,199.2195317,5.847,2012,10,43,4,4,558473.6,1200729.45,424513.08,1011032.7499999998,1068893.9400000002
17,2012-10-26,943465.29,0,39.94,3.755,131.1930968,5.527,2012,10,43,4,4,475770.14,974697.6,1321102.35,1003224.6724999999,968383.1758333333
18,2012-10-26,1127516.25,0,56.09,3.917,138.7281613,8.243,2012,10,43,4,4,943465.29,2035189.66,313358.15,776306.3199999998,1035713.6325
19,2012-10-26,1322117.96,0,56.49,4.071,138.7281613,7.992,2012,10,43,4,4,1127516.25,558473.6,1436883.99,967217.4099999999,1026604.6008333334
20,2012-10-26,2031650.55,0,60.04,3.882,216.1515902,7.293,2012,10,43,4,4,1322117.96,475770.14,516424.83,1356187.5125,1154613.54
21,2012-10-26,675202.87,0,70.5,3.506,223.0783366,6.17,2012,10,43,4,4,2031650.55,943465.29,2097266.85,1289121.9075,1136574.4925
22,2012-10-26,1094422.69,0,57.58,3.917,142.7624113,7.543,2012,10,43,4,4,675202.87,1127516.25,542009.46,1280848.5175,1181965.4258333333
24,2012-10-26,1307182.29,0,55.16,4.071,138.7281613,8.693,2012,10,43,4,4,1094422.69,1322117.96,900309.75,1277114.6,1145534.8625
1,2012-10-26,1493659.74,0,69.16,3.506,223.4442513,6.573,2012,10,43,4,4,1307182.29,2031650.55,577198.97,1142616.8975,1169945.72
